a5_V_10000000ohm,absdiff_V_10000000ohm,a5_V_1000000ohm,absdiff_V_1000000ohm,a5_V_330000ohm,absdiff_V_330000ohm,a5_V_10000ohm,absdiff_V_10000ohm,a5_V_1ohm,absdiff_V_1ohm
0.0000,0.0441,0.0000,0.0334,0.0000,0.0286,0.0000,0.0264,0.0000,0.0266
0.0000,0.0475,0.0000,0.0369,0.0000,0.0286,0.0000,0.0270,0.0000,0.0310
0.0000,0.0479,0.0000,0.0383,0.0000,0.0290,0.0000,0.0270,0.0000,0.0320
0.0000,0.0479,0.0000,0.0385,0.0000,0.0294,0.0000,0.0270,0.0000,0.0326
0.0000,0.0483,0.0000,0.0387,0.0000,0.0294,0.0000,0.0272,0.0000,0.0326
0.0000,0.0483,0.0000,0.0389,0.0000,0.0296,0.0000,0.0274,0.0000,0.0328
0.0000,0.0487,0.0000,0.0389,0.0000,0.0300,0.0000,0.0276,0.0000,0.0328
0.0000,0.0487,0.0000,0.0391,0.0000,0.0302,0.0000,0.0278,0.0000,0.0330
0.0000,0.0489,0.0000,0.0391,0.0000,0.0302,0.0000,0.0280,0.0000,0.0332
0.0000,0.0500,0.0000,0.0395,0.0000,0.0304,0.0000,0.0284,0.0000,0.0332
0.0000,0.0510,0.0000,0.0395,0.0000,0.0308,0.0000,0.0290,0.0000,0.0340
0.0000,0.0588,0.0000,0.0397,0.0000,0.0314,0.0000,0.0304,0.0000,0.0357
0.0000,0.0643,0.0000,0.0399,0.0000,0.0314,0.0000,0.0306,0.0000,0.0381
0.0000,0.0649,0.0000,0.0399,0.0000,0.0316,0.0000,0.0308,0.0000,0.0453
0.0000,0.0651,0.0000,0.0405,0.0000,0.0320,0.0000,0.0308,0.0000,0.0487
0.0000,0.0657,0.0000,0.0405,0.0000,0.0322,0.0000,0.0310,0.0000,0.0487
0.0000,0.0661,0.0000,0.0405,0.0000,0.0328,0.0000,0.0314,0.0000,0.0487
0.0000,0.0661,0.0000,0.0407,0.0000,0.0332,0.0000,0.0314,0.0000,0.0491
0.0000,0.0667,0.0000,0.0407,0.0000,0.0336,0.0000,0.0316,0.0000,0.0496
0.0004,0.0687,0.0000,0.0409,0.0000,0.0340,0.0000,0.0316,0.0000,0.0496
0.0008,0.0491,0.0000,0.0411,0.0000,0.0342,0.0000,0.0316,0.0000,0.0496
0.0012,0.0701,0.0000,0.0411,0.0000,0.0344,0.0000,0.0316,0.0000,0.0504
0.0027,0.0687,0.0000,0.0413,0.0000,0.0346,0.0000,0.0316,0.0000,0.0552
0.0032,0.0645,0.0000,0.0419,0.0000,0.0346,0.0000,0.0318,0.0000,0.0560
0.0032,0.0651,0.0000,0.0431,0.0000,0.0348,0.0000,0.0318,0.0000,0.0572
0.0041,0.0471,0.0000,0.0435,0.0000,0.0348,0.0000,0.0318,0.0001,0.0262
0.0044,0.0685,0.0000,0.0435,0.0000,0.0348,0.0000,0.0318,0.0003,0.0367
0.0056,0.0463,0.0000,0.0455,0.0000,0.0348,0.0000,0.0318,0.0004,0.0491
0.0072,0.0645,0.0000,0.0544,0.0000,0.0350,0.0000,0.0320,0.0008,0.0542
0.0076,0.0649,0.0000,0.0552,0.0000,0.0350,0.0000,0.0320,0.0016,0.0324
0.0097,0.0481,0.0000,0.0552,0.0000,0.0352,0.0000,0.0320,0.0022,0.0524
0.0171,0.0504,0.0000,0.0564,0.0000,0.0355,0.0000,0.0322,0.0032,0.0485
0.0285,0.0725,0.0000,0.0564,0.0000,0.0355,0.0000,0.0322,0.0032,0.0498
0.0956,0.0542,0.0000,0.0570,0.0000,0.0355,0.0000,0.0322,0.0035,0.0489
0.1031,0.0733,0.0000,0.0572,0.0000,0.0355,0.0000,0.0324,0.0041,0.0500
0.1260,0.0723,0.0000,0.0572,0.0000,0.0359,0.0000,0.0326,0.0052,0.0496
0.1326,0.0723,0.0000,0.0572,0.0000,0.0359,0.0000,0.0326,0.0054,0.0379
0.1422,0.0576,0.0000,0.0572,0.0000,0.0359,0.0000,0.0326,0.0056,0.0445
0.1446,0.0530,0.0000,0.0572,0.0000,0.0359,0.0000,0.0326,0.0056,0.0552
0.1508,0.0751,0.0000,0.0580,0.0000,0.0361,0.0000,0.0328,0.0058,0.0524
0.1532,0.0530,0.0001,0.0616,0.0000,0.0361,0.0000,0.0330,0.0064,0.0498
0.1644,0.0771,0.0002,0.0564,0.0000,0.0363,0.0000,0.0332,0.0066,0.0510
0.1720,0.0757,0.0002,0.0590,0.0000,0.0363,0.0000,0.0332,0.0083,0.0330
0.1790,0.0763,0.0003,0.0409,0.0000,0.0363,0.0000,0.0334,0.0087,0.0498
0.1894,0.0604,0.0004,0.0439,0.0000,0.0365,0.0000,0.0334,0.0097,0.0401
0.1914,0.0786,0.0004,0.0451,0.0000,0.0365,0.0000,0.0336,0.0111,0.0560
0.1969,0.0792,0.0004,0.0572,0.0000,0.0365,0.0000,0.0336,0.0341,0.0330
0.1973,0.0643,0.0007,0.0556,0.0000,0.0365,0.0000,0.0336,0.0773,0.0542
0.1996,0.0632,0.0008,0.0548,0.0000,0.0365,0.0000,0.0338,0.1146,0.0562
0.2068,0.0624,0.0008,0.0618,0.0000,0.0365,0.0000,0.0340,0.1201,0.0552
0.2187,0.0842,0.0013,0.0395,0.0000,0.0365,0.0000,0.0346,0.1219,0.0391
0.2188,0.0657,0.0013,0.0439,0.0000,0.0367,0.0000,0.0348,0.1329,0.0365
0.2245,0.0725,0.0017,0.0570,0.0000,0.0367,0.0000,0.0373,0.1334,0.0620
0.2280,0.0836,0.0022,0.0624,0.0000,0.0367,0.0000,0.0405,0.1411,0.0369
0.2407,0.0689,0.0031,0.0578,0.0000,0.0369,0.0000,0.0469,0.1416,0.0419
0.2472,0.0634,0.0034,0.0550,0.0000,0.0369,0.0000,0.0475,0.1481,0.0560
0.2579,0.0866,0.0038,0.0634,0.0000,0.0369,0.0000,0.0477,0.1486,0.0342
0.2672,0.0709,0.0047,0.0562,0.0000,0.0371,0.0000,0.0479,0.1584,0.0632
0.2699,0.0906,0.0048,0.0556,0.0000,0.0371,0.0000,0.0479,0.1632,0.0568
0.2719,0.0902,0.0048,0.0568,0.0000,0.0373,0.0000,0.0481,0.1671,0.0584
0.2785,0.0916,0.0048,0.0572,0.0000,0.0373,0.0000,0.0481,0.1798,0.0566
0.2899,0.0745,0.0054,0.0399,0.0000,0.0389,0.0000,0.0483,0.1836,0.0572
0.2940,0.0838,0.0056,0.0584,0.0000,0.0393,0.0000,0.0483,0.1855,0.0588
0.2973,0.0910,0.0059,0.0558,0.0000,0.0397,0.0000,0.0483,0.1862,0.0399
0.3002,0.0769,0.0062,0.0562,0.0000,0.0417,0.0000,0.0483,0.1907,0.0554
0.3038,0.0949,0.0068,0.0568,0.0000,0.0423,0.0000,0.0485,0.1911,0.0602
0.3074,0.0812,0.0082,0.0612,0.0000,0.0475,0.0000,0.0487,0.1915,0.0427
0.3138,0.0995,0.0101,0.0548,0.0000,0.0504,0.0000,0.0487,0.1962,0.0451
0.3153,0.0852,0.0109,0.0562,0.0000,0.0508,0.0000,0.0489,0.2066,0.0592
0.3261,0.0993,0.0110,0.0564,0.0000,0.0508,0.0000,0.0489,0.2066,0.0620
0.3267,0.0773,0.0376,0.0616,0.0000,0.0508,0.0000,0.0489,0.2112,0.0606
0.3352,0.0876,0.0397,0.0632,0.0000,0.0508,0.0000,0.0491,0.2118,0.0606
0.3360,0.1070,0.0721,0.0612,0.0000,0.0510,0.0000,0.0491,0.2143,0.0455
0.3363,0.0919,0.1042,0.0467,0.0000,0.0512,0.0000,0.0493,0.2185,0.0471
0.3409,0.0814,0.1122,0.0459,0.0000,0.0514,0.0000,0.0493,0.2277,0.0479
0.3441,0.0876,0.1148,0.0659,0.0000,0.0514,0.0000,0.0493,0.2277,0.0622
0.3453,0.1120,0.1168,0.0697,0.0000,0.0514,0.0000,0.0493,0.2363,0.0455
0.3628,0.0995,0.1179,0.0395,0.0000,0.0516,0.0000,0.0493,0.2373,0.0596
0.3683,0.1207,0.1229,0.0634,0.0000,0.0516,0.0000,0.0496,0.2399,0.0634
0.3708,0.1176,0.1233,0.0455,0.0000,0.0516,0.0000,0.0496,0.2501,0.0643
0.3716,0.1164,0.1234,0.0675,0.0000,0.0516,0.0000,0.0496,0.2514,0.0498
0.3787,0.1104,0.1239,0.0626,0.0000,0.0518,0.0000,0.0496,0.2527,0.0417
0.3834,0.1043,0.1242,0.0634,0.0000,0.0518,0.0000,0.0496,0.2679,0.0673
0.3847,0.1223,0.1255,0.0637,0.0000,0.0518,0.0000,0.0498,0.2686,0.0685
0.3953,0.1313,0.1277,0.0697,0.0000,0.0518,0.0000,0.0498,0.2727,0.0496
0.3986,0.1297,0.1325,0.0616,0.0000,0.0518,0.0000,0.0498,0.2755,0.0637
0.4112,0.1198,0.1339,0.0675,0.0000,0.0518,0.0000,0.0498,0.2761,0.0453
0.4143,0.1211,0.1358,0.0681,0.0000,0.0520,0.0000,0.0500,0.2798,0.0713
0.4189,0.1239,0.1384,0.0473,0.0000,0.0520,0.0000,0.0500,0.2867,0.0653
0.4230,0.1418,0.1452,0.0481,0.0000,0.0520,0.0000,0.0502,0.2872,0.0713
0.4258,0.1420,0.1491,0.0477,0.0000,0.0520,0.0000,0.0506,0.2900,0.0518
0.4289,0.1273,0.1523,0.0467,0.0000,0.0522,0.0000,0.0506,0.2907,0.0693
0.4316,0.1293,0.1536,0.0512,0.0000,0.0522,0.0000,0.0516,0.2942,0.0713
0.4364,0.1491,0.1557,0.0477,0.0000,0.0522,0.0000,0.0520,0.2956,0.0506
0.4403,0.1400,0.1564,0.0443,0.0000,0.0522,0.0000,0.0520,0.2962,0.0721
0.4426,0.1531,0.1611,0.0479,0.0000,0.0522,0.0000,0.0520,0.2980,0.0560
0.4469,0.1386,0.1614,0.0491,0.0000,0.0524,0.0000,0.0524,0.2999,0.0512
0.4470,0.1575,0.1665,0.0427,0.0000,0.0524,0.0000,0.0528,0.3013,0.0542
0.4531,0.1575,0.1672,0.0512,0.0000,0.0524,0.0000,0.0530,0.3037,0.0701
0.4578,0.1458,0.1680,0.0657,0.0000,0.0524,0.0001,0.0477,0.3056,0.0739
0.4592,0.1519,0.1770,0.0665,0.0000,0.0524,0.0002,0.0498,0.3130,0.0755
0.4613,0.1664,0.1815,0.0496,0.0000,0.0524,0.0004,0.0479,0.3134,0.0735
0.4621,0.1642,0.1846,0.0673,0.0000,0.0524,0.0004,0.0493,0.3140,0.0572
0.4635,0.1591,0.1851,0.0681,0.0000,0.0524,0.0004,0.0496,0.3145,0.0604
0.4651,0.1700,0.1864,0.0669,0.0000,0.0524,0.0004,0.0500,0.3219,0.0556
0.4666,0.1581,0.1875,0.0679,0.0000,0.0524,0.0004,0.0510,0.3229,0.0610
0.4680,0.1716,0.1887,0.0538,0.0000,0.0526,0.0005,0.0373,0.3251,0.0733
0.4712,0.1767,0.1920,0.0455,0.0000,0.0526,0.0006,0.0504,0.3275,0.0568
0.4724,0.1785,0.1928,0.0661,0.0000,0.0526,0.0008,0.0330,0.3294,0.0602
0.4762,0.1817,0.1932,0.0735,0.0000,0.0526,0.0008,0.0477,0.3397,0.0790
0.4781,0.1688,0.1964,0.0483,0.0000,0.0528,0.0008,0.0496,0.3441,0.0782
0.4821,0.1827,0.1972,0.0697,0.0000,0.0528,0.0008,0.0504,0.3442,0.0653
0.4837,0.1865,0.1977,0.0675,0.0000,0.0528,0.0008,0.0536,0.3447,0.0769
0.4867,0.1889,0.1984,0.0465,0.0000,0.0530,0.0008,0.0538,0.3456,0.0816
0.4934,0.1901,0.1985,0.0673,0.0000,0.0530,0.0008,0.0550,0.3513,0.0773
0.4939,0.1924,0.1987,0.0707,0.0000,0.0530,0.0011,0.0379,0.3520,0.0818
0.4955,0.1829,0.2082,0.0731,0.0000,0.0530,0.0011,0.0500,0.3537,0.0806
0.4978,0.1817,0.2083,0.0691,0.0000,0.0532,0.0016,0.0457,0.3567,0.0699
0.5007,0.2012,0.2125,0.0695,0.0000,0.0532,0.0016,0.0483,0.3583,0.0586
0.5015,0.1825,0.2160,0.0713,0.0000,0.0534,0.0016,0.0485,0.3591,0.0697
0.5015,0.2109,0.2190,0.0576,0.0000,0.0534,0.0016,0.0489,0.3600,0.0904
0.5058,0.1885,0.2237,0.0544,0.0000,0.0534,0.0016,0.0498,0.3653,0.0711
0.5060,0.2016,0.2282,0.0550,0.0000,0.0534,0.0020,0.0316,0.3656,0.0852
0.5068,0.2022,0.2286,0.0717,0.0000,0.0540,0.0021,0.0520,0.3672,0.0649
0.5134,0.2147,0.2387,0.0711,0.0000,0.0542,0.0031,0.0498,0.3685,0.0898
0.5175,0.2208,0.2410,0.0735,0.0000,0.0542,0.0032,0.0314,0.3691,0.0900
0.5183,0.2242,0.2418,0.0717,0.0000,0.0556,0.0032,0.0469,0.3762,0.0943
0.5184,0.2292,0.2512,0.0755,0.0000,0.0558,0.0032,0.0489,0.3794,0.0767
0.5252,0.2065,0.2519,0.0590,0.0000,0.0558,0.0032,0.0530,0.3796,0.0769
0.5309,0.2196,0.2535,0.0749,0.0000,0.0562,0.0032,0.0532,0.3824,0.0981
0.5327,0.2455,0.2595,0.0574,0.0000,0.0562,0.0032,0.0540,0.3838,0.0753
0.5424,0.2528,0.2600,0.0794,0.0000,0.0562,0.0032,0.0588,0.3875,0.0943
0.5454,0.2578,0.2642,0.0769,0.0000,0.0584,0.0034,0.0560,0.3898,0.0983
0.5457,0.2318,0.2652,0.0757,0.0001,0.0316,0.0034,0.0564,0.3905,0.0987
0.5457,0.2433,0.2683,0.0592,0.0001,0.0532,0.0035,0.0485,0.3993,0.1005
0.5478,0.2655,0.2684,0.0757,0.0001,0.0560,0.0035,0.0508,0.4016,0.0866
0.5482,0.2520,0.2685,0.0788,0.0002,0.0296,0.0035,0.0534,0.4052,0.1031
0.5603,0.2594,0.2693,0.0800,0.0002,0.0530,0.0040,0.0324,0.4055,0.0904
0.5610,0.2747,0.2711,0.0753,0.0003,0.0342,0.0040,0.0469,0.4076,0.0852
0.5689,0.2862,0.2762,0.0832,0.0006,0.0429,0.0042,0.0498,0.4112,0.0866
0.5699,0.2917,0.2763,0.0737,0.0008,0.0336,0.0044,0.0346,0.4115,0.0854
0.5803,0.2731,0.2792,0.0778,0.0008,0.0508,0.0047,0.0502,0.4151,0.0854
0.5832,0.2905,0.2804,0.0612,0.0009,0.0498,0.0052,0.0453,0.4164,0.0846
0.5882,0.2975,0.2832,0.0796,0.0011,0.0516,0.0052,0.0487,0.4189,0.0890
0.5918,0.2907,0.2854,0.0618,0.0011,0.0554,0.0052,0.0489,0.4191,0.1078
0.5925,0.2983,0.2895,0.0814,0.0013,0.0459,0.0052,0.0491,0.4230,0.1078
0.5972,0.2878,0.2916,0.0804,0.0016,0.0465,0.0054,0.0328,0.4278,0.0931
0.6008,0.3001,0.2927,0.0651,0.0016,0.0564,0.0054,0.0479,0.4285,0.1122
0.6012,0.2951,0.2931,0.0637,0.0017,0.0512,0.0054,0.0483,0.4294,0.1108
0.6056,0.3154,0.2940,0.0852,0.0019,0.0516,0.0055,0.0487,0.4296,0.0923
0.6091,0.2953,0.2947,0.0655,0.0022,0.0510,0.0055,0.0489,0.4319,0.0912
0.6098,0.3040,0.2959,0.0653,0.0028,0.0363,0.0056,0.0459,0.4378,0.0969
0.6135,0.3068,0.2963,0.0679,0.0029,0.0556,0.0056,0.0496,0.4378,0.1190
0.6231,0.3279,0.2963,0.0832,0.0029,0.0576,0.0056,0.0500,0.4391,0.1118
0.6234,0.3211,0.2968,0.0836,0.0032,0.0528,0.0056,0.0520,0.4402,0.1140
0.6255,0.3183,0.2969,0.0673,0.0032,0.0532,0.0060,0.0489,0.4414,0.0995
0.6290,0.3207,0.2971,0.0812,0.0032,0.0558,0.0064,0.0477,0.4423,0.1190
0.6359,0.3400,0.2988,0.0679,0.0032,0.0566,0.0064,0.0502,0.4461,0.1172
0.6386,0.3287,0.2992,0.0840,0.0033,0.0508,0.0068,0.0502,0.4464,0.1192
0.6426,0.3509,0.2995,0.0822,0.0034,0.0508,0.0070,0.0473,0.4484,0.1007
0.6442,0.3503,0.3002,0.0661,0.0039,0.0570,0.0070,0.0538,0.4494,0.1033
0.6541,0.3579,0.3011,0.0655,0.0041,0.0520,0.0071,0.0489,0.4502,0.0975
0.6559,0.3541,0.3011,0.0814,0.0048,0.0582,0.0072,0.0502,0.4512,0.1045
0.6579,0.3608,0.3017,0.0818,0.0052,0.0520,0.0081,0.0483,0.4533,0.1096
0.6600,0.3581,0.3023,0.0626,0.0055,0.0554,0.0085,0.0496,0.4564,0.1021
0.6658,0.3640,0.3023,0.0804,0.0056,0.0355,0.0088,0.0483,0.4580,0.1124
0.6676,0.3475,0.3024,0.0832,0.0057,0.0552,0.0088,0.0498,0.4582,0.1080
0.6741,0.3489,0.3062,0.0669,0.0062,0.0554,0.0097,0.0473,0.4585,0.1309
0.6759,0.3539,0.3074,0.0826,0.0063,0.0508,0.0097,0.0493,0.4598,0.1114
0.6799,0.3622,0.3110,0.0693,0.0063,0.0562,0.0105,0.0475,0.4602,0.1088
0.6851,0.3835,0.3117,0.0679,0.0064,0.0516,0.0105,0.0491,0.4622,0.1203
0.6925,0.3714,0.3118,0.0862,0.0064,0.0568,0.0107,0.0536,0.4643,0.1138
0.6936,0.3674,0.3122,0.0939,0.0072,0.0510,0.0109,0.0479,0.4653,0.1378
0.6990,0.3630,0.3137,0.0830,0.0072,0.0534,0.0112,0.0493,0.4657,0.1156
0.7066,0.3910,0.3178,0.0701,0.0072,0.0538,0.0113,0.0489,0.4659,0.1152
0.7099,0.3948,0.3182,0.0846,0.0081,0.0514,0.0195,0.0534,0.4673,0.1339
0.7100,0.3928,0.3189,0.0705,0.0081,0.0516,0.0692,0.0550,0.4678,0.1321
0.7156,0.3841,0.3234,0.0900,0.0088,0.0411,0.0748,0.0526,0.4705,0.1400
0.7167,0.3980,0.3253,0.0727,0.0090,0.0306,0.0880,0.0367,0.4741,0.1219
0.7234,0.4051,0.3258,0.0880,0.0096,0.0562,0.1011,0.0550,0.4752,0.1388
0.7244,0.3875,0.3259,0.0880,0.0097,0.0526,0.1035,0.0387,0.4755,0.1207
0.7319,0.4085,0.3305,0.0868,0.0097,0.0526,0.1039,0.0552,0.4766,0.1346
0.7357,0.4111,0.3323,0.0741,0.0101,0.0522,0.1040,0.0552,0.4769,0.1227
0.7372,0.4081,0.3377,0.0908,0.0105,0.0560,0.1041,0.0385,0.4827,0.1225
0.7413,0.3984,0.3393,0.0723,0.0106,0.0544,0.1052,0.0542,0.4831,0.1211
0.7481,0.4016,0.3421,0.0902,0.0106,0.0562,0.1054,0.0379,0.4847,0.1438
0.7503,0.4212,0.3430,0.0923,0.0108,0.0518,0.1095,0.0334,0.4862,0.1291
0.7530,0.4043,0.3439,0.0727,0.0109,0.0518,0.1118,0.0409,0.4866,0.1251
0.7589,0.4218,0.3471,0.0937,0.0109,0.0548,0.1120,0.0377,0.4868,0.1249
0.7637,0.4210,0.3472,0.0914,0.0109,0.0558,0.1134,0.0397,0.4891,0.1279
0.7694,0.4315,0.3492,0.0921,0.0109,0.0572,0.1148,0.0357,0.4922,0.1257
0.7712,0.4294,0.3549,0.0951,0.0112,0.0576,0.1205,0.0586,0.4933,0.1462
0.7799,0.4133,0.3552,0.0959,0.0315,0.0407,0.1249,0.0538,0.4935,0.1501
0.7816,0.4456,0.3598,0.0947,0.0376,0.0580,0.1275,0.0425,0.4953,0.1537
0.7824,0.4204,0.3617,0.0832,0.0771,0.0397,0.1317,0.0548,0.4955,0.1380
0.7851,0.4351,0.3661,0.1053,0.0900,0.0582,0.1375,0.0334,0.4966,0.1432
0.7944,0.4419,0.3671,0.0977,0.0982,0.0512,0.1407,0.0395,0.4979,0.1472
0.7950,0.4240,0.3700,0.0798,0.1219,0.0415,0.1457,0.0566,0.4987,0.1563
0.7978,0.4371,0.3727,0.0852,0.1274,0.0592,0.1508,0.0346,0.4998,0.1539
0.8041,0.4303,0.3741,0.0900,0.1275,0.0363,0.1558,0.0411,0.4999,0.1539
0.8118,0.4508,0.3764,0.0868,0.1276,0.0435,0.1583,0.0618,0.5005,0.1555
0.8136,0.4554,0.3789,0.1023,0.1321,0.0417,0.1593,0.0552,0.5026,0.1420
0.8149,0.4373,0.3800,0.0925,0.1334,0.0445,0.1621,0.0592,0.5032,0.1615
0.8218,0.4645,0.3815,0.0931,0.1340,0.0449,0.1656,0.0357,0.5057,0.1591
0.8238,0.4391,0.3859,0.0888,0.1356,0.0435,0.1681,0.0405,0.5074,0.1472
0.8274,0.4593,0.3941,0.1120,0.1359,0.0632,0.1848,0.0630,0.5078,0.1628
0.8280,0.4625,0.3976,0.1118,0.1388,0.0637,0.1870,0.0572,0.5104,0.1634
0.8281,0.4377,0.4017,0.1188,0.1459,0.0538,0.1888,0.0443,0.5125,0.1656
0.8391,0.4619,0.4112,0.1156,0.1470,0.0584,0.1892,0.0580,0.5132,0.1696
0.8405,0.4542,0.4141,0.1201,0.1493,0.0608,0.1903,0.0612,0.5150,0.1752
0.8432,0.4514,0.4150,0.1178,0.1516,0.0590,0.1921,0.0405,0.5189,0.1573
0.8500,0.4707,0.4155,0.1049,0.1528,0.0651,0.1929,0.0429,0.5190,0.1706
0.8540,0.4713,0.4175,0.1239,0.1541,0.0584,0.1944,0.0610,0.5246,0.1621
0.8578,0.4609,0.4213,0.1080,0.1545,0.0447,0.1962,0.0641,0.5251,0.1730
0.8595,0.4816,0.4253,0.1110,0.1597,0.0445,0.1973,0.0586,0.5287,0.1746
0.8639,0.4854,0.4269,0.1283,0.1611,0.0679,0.1975,0.0463,0.5310,0.1702
0.8786,0.4820,0.4281,0.1257,0.1613,0.0459,0.2034,0.0439,0.5355,0.1897
0.8803,0.4810,0.4291,0.1271,0.1664,0.0393,0.2058,0.0612,0.5378,0.1734
0.8866,0.4887,0.4293,0.1257,0.1667,0.0608,0.2059,0.0445,0.5420,0.1821
0.8882,0.4709,0.4313,0.1122,0.1735,0.0616,0.2104,0.0596,0.5427,0.1837
0.8968,0.4899,0.4346,0.1124,0.1823,0.0624,0.2119,0.0614,0.5459,0.2047
0.8999,0.4921,0.4368,0.1154,0.1825,0.0612,0.2133,0.0626,0.5502,0.1889
0.9084,0.4963,0.4372,0.1128,0.1849,0.0401,0.2167,0.0455,0.5521,0.2081
0.9092,0.4957,0.4381,0.1110,0.1856,0.0453,0.2183,0.0471,0.5559,0.2117
0.9170,0.4987,0.4386,0.1342,0.1867,0.0632,0.2246,0.0389,0.5586,0.2135
0.9212,0.4977,0.4391,0.1188,0.1894,0.0471,0.2284,0.0626,0.5593,0.1992
0.9239,0.4873,0.4392,0.1196,0.1902,0.0475,0.2293,0.0612,0.5692,0.2022
0.9306,0.5036,0.4402,0.1346,0.1909,0.0628,0.2302,0.0451,0.5697,0.2153
0.9323,0.4991,0.4409,0.1182,0.1913,0.0675,0.2326,0.0461,0.5739,0.2218
0.9342,0.5086,0.4415,0.1348,0.1928,0.0663,0.2332,0.0469,0.5753,0.2202
0.9436,0.4889,0.4417,0.1158,0.1930,0.0624,0.2362,0.0634,0.5795,0.2242
0.9594,0.5195,0.4423,0.1172,0.1951,0.0659,0.2404,0.0626,0.5802,0.2216
0.9605,0.5151,0.4431,0.1368,0.1957,0.0439,0.2422,0.0500,0.5820,0.2129
0.9641,0.5020,0.4439,0.1192,0.1964,0.0614,0.2476,0.0453,0.5877,0.2329
0.9735,0.4975,0.4445,0.1360,0.1971,0.0620,0.2479,0.0630,0.5879,0.2181
0.9753,0.5213,0.4455,0.1386,0.1982,0.0626,0.2508,0.0624,0.5899,0.2226
0.9781,0.5259,0.4458,0.1344,0.1992,0.0630,0.2524,0.0479,0.5951,0.2377
0.9842,0.5203,0.4459,0.1257,0.2001,0.0469,0.2526,0.0641,0.5972,0.2490
0.9845,0.5136,0.4462,0.1321,0.2014,0.0687,0.2528,0.0671,0.5974,0.2373
0.9866,0.5227,0.4473,0.1331,0.2032,0.0703,0.2569,0.0481,0.5995,0.2409
0.9960,0.5157,0.4476,0.1170,0.2087,0.0665,0.2591,0.0435,0.5998,0.2206
0.9979,0.5177,0.4476,0.1356,0.2103,0.0663,0.2611,0.0693,0.6030,0.2421
0.9986,0.5181,0.4489,0.1380,0.2110,0.0506,0.2651,0.0653,0.6116,0.2443
1.0079,0.5372,0.4497,0.1205,0.2110,0.0659,0.2655,0.0441,0.6132,0.2343
1.0105,0.5211,0.4508,0.1400,0.2141,0.0500,0.2680,0.0522,0.6139,0.2556
1.0107,0.5219,0.4526,0.1257,0.2141,0.0721,0.2682,0.0669,0.6162,0.2526
1.0168,0.5159,0.4535,0.1394,0.2143,0.0661,0.2691,0.0520,0.6168,0.2566
1.0271,0.5445,0.4543,0.1436,0.2158,0.0663,0.2728,0.0685,0.6227,0.2415
1.0275,0.5414,0.4549,0.1430,0.2204,0.0504,0.2744,0.0651,0.6240,0.2574
1.0361,0.5433,0.4565,0.1462,0.2240,0.0659,0.2753,0.0661,0.6261,0.2421
1.0376,0.5241,0.4566,0.1178,0.2320,0.0669,0.2755,0.0715,0.6271,0.2574
1.0414,0.5422,0.4568,0.1468,0.2330,0.0661,0.2815,0.0510,0.6310,0.2467
1.0499,0.5352,0.4569,0.1305,0.2334,0.0725,0.2822,0.0701,0.6319,0.2449
1.0524,0.5507,0.4596,0.1366,0.2361,0.0516,0.2846,0.0737,0.6352,0.2663
1.0628,0.5489,0.4613,0.1454,0.2408,0.0673,0.2870,0.0699,0.6376,0.2516
1.0679,0.5559,0.4639,0.1388,0.2412,0.0685,0.2872,0.0500,0.6393,0.2671
1.0708,0.5620,0.4645,0.1464,0.2425,0.0687,0.2901,0.0524,0.6394,0.2540
1.0805,0.5433,0.4647,0.1297,0.2434,0.0669,0.2901,0.0713,0.6394,0.2665
1.0878,0.5505,0.4649,0.1321,0.2444,0.0502,0.2919,0.0691,0.6452,0.2739
1.0901,0.5610,0.4650,0.1335,0.2497,0.0524,0.2932,0.0538,0.6458,0.2574
1.0975,0.5682,0.4660,0.1545,0.2536,0.0508,0.2943,0.0683,0.6535,0.2784
1.1076,0.5640,0.4660,0.1557,0.2562,0.0669,0.3004,0.0518,0.6538,0.2733
1.1106,0.5481,0.4689,0.1402,0.2580,0.0727,0.3012,0.0763,0.6543,0.2617
1.1135,0.5433,0.4689,0.1541,0.2603,0.0687,0.3013,0.0481,0.6544,0.2645
1.1284,0.5576,0.4705,0.1539,0.2634,0.0532,0.3021,0.0510,0.6579,0.2655
1.1335,0.5563,0.4719,0.1337,0.2638,0.0538,0.3046,0.0534,0.6671,0.2727
1.1383,0.5795,0.4719,0.1412,0.2667,0.0516,0.3086,0.0574,0.6678,0.2818
1.1445,0.5729,0.4721,0.1364,0.2673,0.0493,0.3142,0.0761,0.6715,0.2842
1.1451,0.5527,0.4730,0.1547,0.2687,0.0713,0.3150,0.0725,0.6738,0.2895
1.1565,0.5779,0.4735,0.1579,0.2692,0.0721,0.3154,0.0723,0.6757,0.2743
1.1622,0.5813,0.4757,0.1460,0.2721,0.0542,0.3161,0.0757,0.6812,0.2941
1.1624,0.5797,0.4762,0.1462,0.2741,0.0717,0.3209,0.0741,0.6832,0.2953
1.1673,0.5684,0.4770,0.1426,0.2760,0.0584,0.3227,0.0586,0.6864,0.2943
1.1795,0.5753,0.4775,0.1619,0.2784,0.0560,0.3230,0.0775,0.6893,0.2800
1.1804,0.5704,0.4776,0.1561,0.2788,0.0528,0.3265,0.0596,0.6913,0.2864
1.1829,0.5831,0.4784,0.1621,0.2792,0.0767,0.3277,0.0695,0.6932,0.3040
1.1942,0.5743,0.4797,0.1593,0.2805,0.0733,0.3279,0.0761,0.6944,0.2870
1.2008,0.5866,0.4801,0.1450,0.2839,0.0518,0.3319,0.0622,0.7003,0.3104
1.2037,0.5928,0.4808,0.1424,0.2845,0.0572,0.3360,0.0761,0.7022,0.2991
1.2085,0.5787,0.4817,0.1621,0.2851,0.0588,0.3372,0.0788,0.7035,0.3027
1.2127,0.5894,0.4869,0.1561,0.2858,0.0804,0.3400,0.0647,0.7039,0.2895
1.2136,0.5904,0.4871,0.1678,0.2888,0.0574,0.3402,0.0775,0.7061,0.2941
1.2207,0.5817,0.4884,0.1535,0.2892,0.0538,0.3427,0.0632,0.7126,0.3104
1.2236,0.5940,0.4889,0.1499,0.2903,0.0771,0.3435,0.0792,0.7137,0.3078
1.2240,0.5950,0.4913,0.1686,0.2916,0.0761,0.3440,0.0673,0.7150,0.3076
1.2315,0.5978,0.4935,0.1476,0.2929,0.0743,0.3478,0.0757,0.7213,0.2925
1.2317,0.5805,0.4941,0.1672,0.2939,0.0725,0.3486,0.0830,0.7225,0.3158
1.2368,0.6017,0.4943,0.1509,0.2960,0.0582,0.3493,0.0639,0.7228,0.3052
1.2387,0.6011,0.4943,0.1720,0.2967,0.0749,0.3497,0.0669,0.7260,0.3122
1.2430,0.5980,0.4951,0.1515,0.2985,0.0596,0.3497,0.0765,0.7260,0.3126
1.2449,0.5892,0.4953,0.1736,0.2988,0.0765,0.3501,0.0632,0.7278,0.3189
1.2473,0.5797,0.4958,0.1547,0.3014,0.0757,0.3508,0.0689,0.7295,0.3015
1.2534,0.6029,0.4958,0.1762,0.3023,0.0773,0.3516,0.0651,0.7310,0.3029
1.2582,0.6019,0.4959,0.1748,0.3026,0.0784,0.3559,0.0820,0.7326,0.3013
1.2634,0.6101,0.4966,0.1563,0.3027,0.0560,0.3600,0.0681,0.7367,0.3207
1.2675,0.6027,0.4968,0.1716,0.3046,0.0792,0.3619,0.0624,0.7395,0.3219
1.2740,0.5936,0.4971,0.1621,0.3102,0.0804,0.3625,0.0872,0.7441,0.3227
1.2749,0.6049,0.4980,0.1595,0.3110,0.0786,0.3640,0.0858,0.7511,0.3267
1.2824,0.5970,0.4986,0.1801,0.3121,0.0637,0.3656,0.0677,0.7527,0.3263
1.2884,0.5932,0.4988,0.1672,0.3127,0.0645,0.3658,0.0701,0.7542,0.3066
1.2956,0.5995,0.4999,0.1632,0.3171,0.0798,0.3673,0.0834,0.7556,0.3277
1.2985,0.6101,0.5032,0.1835,0.3208,0.0784,0.3726,0.0898,0.7587,0.3291
1.2989,0.5962,0.5034,0.1813,0.3212,0.0643,0.3736,0.0878,0.7602,0.3360
1.3077,0.6123,0.5037,0.1660,0.3225,0.0796,0.3752,0.0733,0.7639,0.3146
1.3141,0.6041,0.5037,0.1676,0.3238,0.0604,0.3786,0.0884,0.7655,0.3156
1.3143,0.6043,0.5042,0.1863,0.3293,0.0641,0.3788,0.0912,0.7683,0.3307
1.3162,0.6115,0.5068,0.1724,0.3328,0.0689,0.3796,0.0886,0.7693,0.3175
1.3164,0.6140,0.5086,0.1787,0.3331,0.0653,0.3803,0.0945,0.7731,0.3195
1.3189,0.6160,0.5086,0.1879,0.3340,0.0828,0.3810,0.0921,0.7768,0.3372
1.3202,0.6136,0.5108,0.1676,0.3347,0.0645,0.3811,0.0919,0.7835,0.3247
1.3211,0.6007,0.5123,0.1758,0.3372,0.0830,0.3830,0.0788,0.7850,0.3374
1.3223,0.5930,0.5138,0.1916,0.3403,0.0643,0.3866,0.0951,0.7865,0.3400
1.3232,0.6053,0.5138,0.1918,0.3405,0.0832,0.3883,0.0943,0.7917,0.3438
1.3233,0.6121,0.5164,0.1926,0.3415,0.0830,0.3891,0.0967,0.7923,0.3283
1.3242,0.6127,0.5176,0.1912,0.3415,0.0850,0.3905,0.0780,0.7936,0.3402
1.3247,0.6180,0.5217,0.1906,0.3434,0.0856,0.3961,0.0989,0.7993,0.3301
1.3285,0.6162,0.5224,0.1829,0.3443,0.0679,0.3990,0.0826,0.8003,0.3457
1.3347,0.6222,0.5224,0.1978,0.3449,0.0886,0.3997,0.0840,0.8058,0.3257
1.3348,0.6140,0.5245,0.1970,0.3467,0.0882,0.4048,0.1019,0.8065,0.3497
1.3377,0.6184,0.5267,0.2073,0.3480,0.0888,0.4067,0.0844,0.8112,0.3380
1.3409,0.6162,0.5281,0.2026,0.3485,0.0689,0.4104,0.0856,0.8125,0.3583
1.3421,0.6075,0.5282,0.2109,0.3540,0.0904,0.4112,0.0872,0.8130,0.3334
1.3525,0.6210,0.5300,0.1920,0.3570,0.0898,0.4136,0.0832,0.8138,0.3473
1.3552,0.5982,0.5316,0.2010,0.3586,0.0669,0.4150,0.0902,0.8152,0.3446
1.3591,0.6236,0.5317,0.2129,0.3602,0.0792,0.4153,0.1037,0.8161,0.3531
1.3607,0.6136,0.5325,0.1831,0.3619,0.0933,0.4178,0.0894,0.8222,0.3523
1.3609,0.6047,0.5387,0.2177,0.3624,0.0739,0.4189,0.1094,0.8228,0.3565
1.3639,0.5946,0.5396,0.2329,0.3632,0.0919,0.4204,0.0870,0.8233,0.3438
1.3654,0.6152,0.5398,0.2274,0.3660,0.0773,0.4208,0.0830,0.8237,0.3388
1.3686,0.6248,0.5447,0.2306,0.3669,0.0782,0.4211,0.1078,0.8309,0.3604
1.3740,0.6260,0.5456,0.2242,0.3712,0.0925,0.4225,0.1074,0.8326,0.3555
1.3795,0.6172,0.5456,0.2322,0.3729,0.0979,0.4229,0.0993,0.8351,0.3642
1.3813,0.6150,0.5467,0.2272,0.3741,0.0945,0.4246,0.1086,0.8369,0.3684
1.3816,0.6236,0.5476,0.2091,0.3789,0.0967,0.4286,0.1047,0.8406,0.3688
1.3824,0.6186,0.5487,0.2351,0.3801,0.0995,0.4298,0.0949,0.8408,0.3491
1.3825,0.6194,0.5525,0.2367,0.3814,0.0806,0.4313,0.1104,0.8418,0.3632
1.3826,0.6129,0.5539,0.2399,0.3814,0.1033,0.4314,0.1160,0.8443,0.3654
1.3827,0.6176,0.5547,0.2349,0.3821,0.0848,0.4334,0.1066,0.8493,0.3463
1.3828,0.6186,0.5576,0.2244,0.3854,0.0834,0.4338,0.0955,0.8518,0.3511
1.3828,0.6186,0.5576,0.2514,0.3866,0.0995,0.4367,0.1025,0.8543,0.3741
1.3828,0.6311,0.5603,0.2292,0.3868,0.1021,0.4386,0.1011,0.8593,0.3513
1.3828,0.6313,0.5604,0.2429,0.3897,0.0892,0.4396,0.1168,0.8594,0.3672
1.3829,0.6166,0.5611,0.2296,0.3915,0.1031,0.4397,0.1140,0.8624,0.3706
1.3830,0.6186,0.5613,0.2451,0.3944,0.1070,0.4414,0.1136,0.8654,0.3747
1.3831,0.6168,0.5644,0.2474,0.3970,0.0882,0.4421,0.1184,0.8663,0.3706
1.3832,0.6182,0.5654,0.2324,0.4012,0.1078,0.4472,0.1196,0.8682,0.3741
1.3833,0.6224,0.5666,0.2582,0.4021,0.1057,0.4487,0.1211,0.8687,0.3777
1.3834,0.6311,0.5686,0.2528,0.4030,0.1068,0.4490,0.1017,0.8736,0.3493
1.3835,0.6123,0.5702,0.2453,0.4038,0.0921,0.4496,0.1062,0.8755,0.3604
1.3835,0.6174,0.5726,0.2532,0.4040,0.1080,0.4500,0.1184,0.8784,0.3581
1.3836,0.6174,0.5736,0.2417,0.4097,0.1096,0.4509,0.1209,0.8816,0.3777
1.3838,0.6196,0.5740,0.2604,0.4105,0.0925,0.4515,0.1084,0.8821,0.3600
1.3839,0.6285,0.5776,0.2447,0.4129,0.0933,0.4516,0.1184,0.8836,0.3628
1.3839,0.6355,0.5786,0.2602,0.4137,0.0975,0.4518,0.1027,0.8863,0.3813
1.3840,0.6174,0.5787,0.2582,0.4167,0.1102,0.4527,0.1057,0.8876,0.3658
1.3840,0.6277,0.5791,0.2433,0.4175,0.0983,0.4544,0.1086,0.8904,0.3612
1.3844,0.6156,0.5815,0.2480,0.4189,0.0953,0.4562,0.1120,0.8911,0.3682
1.3846,0.6166,0.5834,0.2611,0.4202,0.1136,0.4565,0.1243,0.8966,0.3771
1.3847,0.6301,0.5883,0.2576,0.4209,0.1148,0.4572,0.1416,0.8996,0.3821
1.3849,0.6085,0.5888,0.2715,0.4214,0.1015,0.4581,0.1112,0.8997,0.3698
1.3849,0.6309,0.5890,0.2564,0.4252,0.1162,0.4585,0.1114,0.9008,0.3853
1.3849,0.6375,0.5938,0.2617,0.4267,0.1160,0.4598,0.1269,0.9014,0.3658
1.3850,0.6347,0.5945,0.2568,0.4279,0.1134,0.4610,0.1162,0.9058,0.3851
1.3851,0.6043,0.5970,0.2621,0.4279,0.1142,0.4625,0.1321,0.9086,0.3851
1.3851,0.6109,0.5989,0.2506,0.4282,0.0975,0.4629,0.1293,0.9090,0.3873
1.3851,0.6309,0.6015,0.2782,0.4292,0.1146,0.4629,0.1301,0.9171,0.3745
1.3852,0.6200,0.6030,0.2598,0.4298,0.1205,0.4636,0.1368,0.9197,0.3882
1.3853,0.6156,0.6043,0.2834,0.4310,0.1023,0.4641,0.1152,0.9204,0.3942
1.3853,0.6272,0.6044,0.2611,0.4312,0.1194,0.4672,0.1152,0.9240,0.3896
1.3854,0.6053,0.6086,0.2876,0.4330,0.1201,0.4682,0.1360,0.9258,0.3787
1.3854,0.6192,0.6089,0.2866,0.4335,0.1156,0.4697,0.1198,0.9272,0.3779
1.3855,0.6188,0.6113,0.2903,0.4343,0.1213,0.4699,0.1225,0.9275,0.3706
1.3856,0.6264,0.6117,0.2747,0.4353,0.1039,0.4700,0.1339,0.9297,0.3970
1.3857,0.6371,0.6146,0.2741,0.4371,0.1031,0.4742,0.1348,0.9389,0.3964
1.3858,0.6258,0.6170,0.2905,0.4375,0.1213,0.4743,0.1386,0.9405,0.3942
1.3858,0.6262,0.6202,0.2788,0.4377,0.1188,0.4746,0.1386,0.9442,0.3819
1.3861,0.6123,0.6232,0.2756,0.4388,0.1213,0.4752,0.1237,0.9462,0.4018
1.3861,0.6281,0.6241,0.2780,0.4396,0.1225,0.4766,0.1370,0.9494,0.3972
1.3861,0.6297,0.6244,0.2840,0.4400,0.1237,0.4784,0.1170,0.9556,0.4067
1.3862,0.6144,0.6306,0.2997,0.4403,0.1062,0.4787,0.1448,0.9567,0.3880
1.3862,0.6166,0.6345,0.3056,0.4407,0.1263,0.4809,0.1233,0.9575,0.3813
1.3862,0.6313,0.6359,0.3046,0.4420,0.1049,0.4852,0.1211,0.9593,0.4008
1.3865,0.6264,0.6364,0.2868,0.4433,0.1267,0.4853,0.1418,0.9661,0.3896
1.3865,0.6293,0.6365,0.3023,0.4443,0.1084,0.4860,0.1442,0.9672,0.4037
1.3866,0.6285,0.6389,0.2949,0.4444,0.1124,0.4887,0.1255,0.9734,0.3867
1.3867,0.6148,0.6450,0.2925,0.4448,0.1301,0.4900,0.1507,0.9745,0.4099
1.3868,0.6264,0.6462,0.3110,0.4454,0.1267,0.4907,0.1279,0.9759,0.4049
1.3870,0.6268,0.6497,0.3100,0.4469,0.1132,0.4910,0.1444,0.9773,0.4057
1.3873,0.6260,0.6509,0.3092,0.4501,0.1297,0.4918,0.1295,0.9870,0.3920
1.3874,0.6295,0.6510,0.2961,0.4509,0.1090,0.4922,0.1446,0.9898,0.4105
1.3874,0.6347,0.6516,0.3017,0.4520,0.1333,0.4930,0.1450,0.9904,0.4101
1.3875,0.6303,0.6533,0.3015,0.4533,0.1333,0.4932,0.1257,0.9907,0.4135
1.3876,0.6166,0.6543,0.3086,0.4535,0.1317,0.4936,0.1285,0.9913,0.4111
1.3879,0.6059,0.6570,0.3209,0.4536,0.1118,0.4953,0.1511,0.9940,0.4111
1.3879,0.6164,0.6593,0.3227,0.4539,0.1386,0.4961,0.1309,0.9958,0.4117
1.3884,0.6140,0.6615,0.3261,0.4553,0.1192,0.4965,0.1543,0.9995,0.4141
1.3887,0.6299,0.6619,0.3211,0.4565,0.1372,0.4967,0.1420,1.0008,0.4079
1.3889,0.6156,0.6620,0.3096,0.4574,0.1198,0.4975,0.1247,1.0027,0.4000
1.3889,0.6264,0.6625,0.3259,0.4580,0.1410,0.4984,0.1523,1.0044,0.3988
1.3899,0.6343,0.6636,0.3249,0.4598,0.1370,0.4985,0.1499,1.0052,0.4210
1.3919,0.6287,0.6642,0.3301,0.4601,0.1333,0.4996,0.1350,1.0073,0.4014
1.3990,0.6349,0.6643,0.3122,0.4614,0.1380,0.4998,0.1339,1.0107,0.4127
1.4050,0.6049,0.6643,0.3140,0.4632,0.1396,0.5001,0.1587,1.0146,0.4202
1.4158,0.6208,0.6645,0.3108,0.4642,0.1271,0.5004,0.1607,1.0158,0.4188
1.4236,0.6079,0.6646,0.3273,0.4643,0.1366,0.5007,0.1599,1.0172,0.4186
1.4301,0.6361,0.6647,0.3116,0.4650,0.1366,0.5020,0.1551,1.0205,0.4033
1.4342,0.6224,0.6647,0.3285,0.4679,0.1241,0.5030,0.1597,1.0284,0.4248
1.4511,0.6373,0.6648,0.3108,0.4681,0.1434,0.5032,0.1404,1.0317,0.4093
1.4601,0.6272,0.6648,0.3251,0.4689,0.1404,0.5037,0.1561,1.0348,0.4212
1.4672,0.6430,0.6650,0.3255,0.4692,0.1263,0.5044,0.1617,1.0400,0.4089
1.4714,0.6383,0.6652,0.3104,0.4696,0.1440,0.5066,0.1497,1.0410,0.4317
1.4742,0.6289,0.6654,0.3271,0.4697,0.1253,0.5072,0.1589,1.0464,0.4248
1.4784,0.6293,0.6654,0.3358,0.4706,0.1464,0.5073,0.1478,1.0492,0.4262
1.4806,0.6456,0.6655,0.3120,0.4711,0.1398,0.5077,0.1615,1.0516,0.4162
1.4836,0.6409,0.6656,0.3257,0.4723,0.1412,0.5097,0.1450,1.0549,0.4272
1.4866,0.6474,0.6656,0.3259,0.4736,0.1245,0.5119,0.1480,1.0605,0.4159
1.4904,0.6432,0.6657,0.3231,0.4747,0.1470,0.5120,0.1650,1.0607,0.4143
1.4929,0.6458,0.6657,0.3233,0.4750,0.1503,0.5123,0.1474,1.0637,0.4294
1.5050,0.6508,0.6658,0.3255,0.4773,0.1501,0.5126,0.1660,1.0705,0.4345
1.5103,0.6319,0.6659,0.3031,0.4775,0.1497,0.5156,0.1700,1.0740,0.4315
1.5255,0.6502,0.6660,0.3034,0.4778,0.1513,0.5173,0.1712,1.0744,0.4349
1.5402,0.6409,0.6662,0.3116,0.4786,0.1491,0.5194,0.1676,1.0816,0.4298
1.5416,0.6385,0.6663,0.3303,0.4792,0.1358,0.5197,0.1863,1.0819,0.4202
1.5564,0.6407,0.6664,0.3096,0.4805,0.1283,0.5208,0.1760,1.0832,0.4093
1.5685,0.6565,0.6665,0.3086,0.4823,0.1577,0.5212,0.1597,1.0835,0.4335
1.5736,0.6595,0.6666,0.3251,0.4837,0.1366,0.5215,0.1638,1.0853,0.4355
1.5757,0.6474,0.6667,0.3237,0.4848,0.1480,0.5217,0.1529,1.0863,0.4218
1.5837,0.6593,0.6667,0.3243,0.4853,0.1577,0.5226,0.1825,1.0878,0.4353
1.5867,0.6486,0.6668,0.3120,0.4862,0.1354,0.5251,0.1833,1.0885,0.4202
1.5946,0.6492,0.6668,0.3324,0.4884,0.1485,0.5256,0.1724,1.0894,0.4222
1.5973,0.6565,0.6670,0.3025,0.4894,0.1577,0.5258,0.1833,1.0912,0.4359
1.5974,0.6611,0.6671,0.3251,0.4894,0.1632,0.5260,0.1765,1.0925,0.4375
1.5984,0.6599,0.6671,0.3299,0.4910,0.1406,0.5278,0.1716,1.0994,0.4333
1.5994,0.6516,0.6672,0.3239,0.4941,0.1577,0.5322,0.1897,1.1027,0.4359
1.5998,0.6486,0.6672,0.3257,0.4944,0.1446,0.5354,0.1948,1.1032,0.4178
1.6004,0.6704,0.6673,0.3102,0.4951,0.1489,0.5377,0.1793,1.1037,0.4246
1.6011,0.6506,0.6675,0.3104,0.4952,0.1468,0.5377,0.1944,1.1060,0.4264
1.6012,0.6488,0.6677,0.3038,0.4952,0.1611,0.5434,0.1827,1.1065,0.4391
1.6014,0.6365,0.6677,0.3054,0.4960,0.1716,0.5439,0.1807,1.1067,0.4389
1.6020,0.6516,0.6677,0.3259,0.4967,0.1654,0.5446,0.1781,1.1091,0.4268
1.6023,0.6482,0.6677,0.3273,0.4978,0.1414,0.5451,0.2028,1.1110,0.4405
1.6024,0.6510,0.6679,0.3241,0.4979,0.1638,0.5476,0.2026,1.1127,0.4284
1.6024,0.6633,0.6682,0.3118,0.4987,0.1587,0.5489,0.1855,1.1189,0.4417
1.6025,0.6377,0.6683,0.3122,0.4989,0.1609,0.5538,0.1968,1.1208,0.4417
1.6025,0.6629,0.6684,0.3066,0.5001,0.1547,0.5542,0.2063,1.1232,0.4415
1.6028,0.6498,0.6684,0.3096,0.5004,0.1531,0.5578,0.1936,1.1236,0.4419
1.6030,0.6482,0.6688,0.3235,0.5006,0.1632,0.5578,0.2137,1.1258,0.4437
1.6031,0.6607,0.6690,0.3328,0.5019,0.1509,0.5582,0.1958,1.1265,0.4417
1.6031,0.6617,0.6693,0.3318,0.5026,0.1704,0.5586,0.1958,1.1270,0.4248
1.6032,0.6609,0.6695,0.3257,0.5038,0.1781,0.5605,0.2135,1.1319,0.4472
1.6032,0.6635,0.6698,0.3237,0.5054,0.1569,0.5616,0.2190,1.1344,0.4323
1.6036,0.6522,0.6702,0.3110,0.5071,0.1531,0.5639,0.2018,1.1396,0.4439
1.6036,0.6627,0.6702,0.3267,0.5072,0.1758,0.5679,0.2242,1.1407,0.4456
1.6039,0.6603,0.6704,0.3134,0.5074,0.1559,0.5710,0.2198,1.1411,0.4313
1.6041,0.6470,0.6706,0.3229,0.5074,0.1964,0.5729,0.2079,1.1425,0.4510
1.6042,0.6468,0.6718,0.3362,0.5093,0.1809,0.5750,0.2200,1.1460,0.4349
1.6042,0.6599,0.6737,0.3179,0.5109,0.1642,0.5761,0.2258,1.1461,0.4331
1.6045,0.6583,0.6741,0.3275,0.5116,0.1736,0.5793,0.2248,1.1506,0.4486
1.6046,0.6615,0.6751,0.3328,0.5117,0.1781,0.5798,0.2300,1.1514,0.4375
1.6047,0.6452,0.6768,0.3370,0.5125,0.1609,0.5821,0.2260,1.1519,0.4522
1.6047,0.6567,0.6771,0.3201,0.5136,0.1793,0.5826,0.2345,1.1540,0.4512
1.6048,0.6492,0.6772,0.3380,0.5143,0.1841,0.5830,0.2270,1.1573,0.4504
1.6048,0.6647,0.6780,0.3205,0.5149,0.1561,0.5860,0.2234,1.1590,0.4375
1.6049,0.6341,0.6797,0.3231,0.5150,0.1615,0.5865,0.2119,1.1614,0.4470
1.6052,0.6409,0.6803,0.3378,0.5161,0.1680,0.5868,0.2194,1.1638,0.4558
1.6052,0.6589,0.6805,0.3364,0.5173,0.1815,0.5870,0.2333,1.1641,0.4361
1.6052,0.6720,0.6836,0.3273,0.5173,0.1815,0.5875,0.2306,1.1670,0.4548
1.6053,0.6472,0.6851,0.3471,0.5174,0.1787,0.5901,0.2353,1.1696,0.4309
1.6053,0.6661,0.6864,0.3253,0.5189,0.1742,0.5911,0.2288,1.1716,0.4568
1.6054,0.6677,0.6865,0.3428,0.5194,0.1694,0.5934,0.2379,1.1724,0.4383
1.6055,0.6589,0.6883,0.3471,0.5202,0.1821,0.5940,0.2367,1.1737,0.4506
1.6055,0.6599,0.6886,0.3352,0.5208,0.1835,0.5949,0.2183,1.1755,0.4385
1.6056,0.6526,0.6890,0.3422,0.5214,0.1831,0.5953,0.2264,1.1755,0.4582
1.6056,0.6615,0.6904,0.3446,0.5250,0.1704,0.5956,0.2379,1.1824,0.4568
1.6058,0.6669,0.6918,0.3461,0.5261,0.1948,0.5963,0.2381,1.1831,0.4556
1.6059,0.6617,0.6920,0.3303,0.5262,0.1726,0.5967,0.2228,1.1865,0.4415
1.6060,0.6591,0.6944,0.3344,0.5262,0.1760,0.6012,0.2403,1.1899,0.4560
1.6060,0.6617,0.6954,0.3313,0.5270,0.1841,0.6051,0.2351,1.1956,0.4441
1.6063,0.6450,0.6955,0.3291,0.5297,0.1996,0.6078,0.2347,1.1970,0.4556
1.6072,0.6595,0.6984,0.3535,0.5301,0.1998,0.6085,0.2401,1.2002,0.4550
1.6089,0.6587,0.7016,0.3517,0.5316,0.1901,0.6085,0.2453,1.2002,0.4607
,,0.7017,0.3493,0.5323,0.2030,0.6089,0.2490,1.2029,0.4607
,,0.7029,0.3461,0.5334,0.1908,0.6094,0.2470,1.2059,0.4403
,,0.7070,0.3346,0.5338,0.2020,0.6096,0.2482,1.2077,0.4458
,,0.7108,0.3529,0.5345,0.1875,0.6132,0.2345,1.2082,0.4460
,,0.7110,0.3541,0.5369,0.2089,0.6141,0.2367,1.2114,0.4458
,,0.7119,0.3372,0.5402,0.1922,0.6143,0.2349,1.2116,0.4448
,,0.7126,0.3511,0.5407,0.2071,0.6216,0.2554,1.2117,0.4576
,,0.7141,0.3446,0.5408,0.1964,0.6219,0.2578,1.2162,0.4623
,,0.7151,0.3477,0.5424,0.1976,0.6226,0.2484,1.2174,0.4460
,,0.7154,0.3654,0.5449,0.1956,0.6242,0.2619,1.2174,0.4492
,,0.7169,0.3610,0.5451,0.2141,0.6244,0.2445,1.2188,0.4399
,,0.7172,0.3434,0.5457,0.2022,0.6265,0.2439,1.2198,0.4585
,,0.7172,0.3559,0.5472,0.2000,0.6286,0.2631,1.2227,0.4651
,,0.7184,0.3444,0.5514,0.2049,0.6294,0.2488,1.2264,0.4649
,,0.7198,0.3589,0.5527,0.2020,0.6312,0.2586,1.2271,0.4528
,,0.7228,0.3656,0.5535,0.2250,0.6340,0.2600,1.2274,0.4593
,,0.7269,0.3535,0.5537,0.2073,0.6350,0.2449,1.2338,0.4695
,,0.7270,0.3602,0.5540,0.2300,0.6355,0.2651,1.2368,0.4671
,,0.7291,0.3642,0.5585,0.2248,0.6368,0.2667,1.2384,0.4641
,,0.7299,0.3614,0.5601,0.2083,0.6399,0.2711,1.2450,0.4500
,,0.7329,0.3511,0.5606,0.2318,0.6400,0.2502,1.2454,0.4536
,,0.7332,0.3475,0.5609,0.2177,0.6414,0.2558,1.2459,0.4403
,,0.7339,0.3712,0.5621,0.2335,0.6415,0.2703,1.2533,0.4524
,,0.7368,0.3690,0.5661,0.2163,0.6504,0.2707,1.2545,0.4713
,,0.7376,0.3549,0.5677,0.2322,0.6515,0.2703,1.2576,0.4728
,,0.7396,0.3680,0.5679,0.2119,0.6521,0.2766,1.2602,0.4681
,,0.7409,0.3595,0.5681,0.2324,0.6536,0.2631,1.2639,0.4679
,,0.7410,0.3720,0.5723,0.2167,0.6561,0.2562,1.2660,0.4564
,,0.7449,0.3718,0.5724,0.2200,0.6563,0.2727,1.2711,0.4732
,,0.7455,0.3710,0.5727,0.2369,0.6592,0.2794,1.2747,0.4740
,,0.7465,0.3602,0.5750,0.2369,0.6606,0.2790,1.2758,0.4679
,,0.7467,0.3581,0.5758,0.2256,0.6615,0.2627,1.2764,0.4605
,,0.7477,0.3732,0.5793,0.2262,0.6624,0.2800,1.2789,0.4719
,,0.7483,0.3638,0.5816,0.2270,0.6644,0.2836,1.2841,0.4705
,,0.7504,0.3837,0.5830,0.2329,0.6668,0.2713,1.2895,0.4730
,,0.7507,0.3749,0.5833,0.2441,0.6688,0.2810,1.2945,0.4726
,,0.7519,0.3783,0.5845,0.2335,0.6719,0.2820,1.2968,0.4780
,,0.7554,0.3543,0.5855,0.2286,0.6723,0.2901,1.2988,0.4633
,,0.7569,0.3650,0.5884,0.2560,0.6740,0.2890,1.3020,0.4635
,,0.7570,0.3692,0.5898,0.2254,0.6740,0.3023,1.3020,0.4752
,,0.7614,0.3873,0.5903,0.2449,0.6750,0.2820,1.3072,0.4617
,,0.7630,0.3799,0.5906,0.2349,0.6757,0.2876,1.3074,0.4820
,,0.7636,0.3803,0.5934,0.2548,0.6758,0.2739,1.3082,0.4776
,,0.7645,0.3678,0.5953,0.2379,0.6778,0.2917,1.3139,0.4828
,,0.7656,0.3791,0.5980,0.2443,0.6810,0.2901,1.3146,0.4667
,,0.7670,0.3708,0.5999,0.2615,0.6820,0.2876,1.3164,0.4742
,,0.7680,0.3803,0.6005,0.2580,0.6823,0.2977,1.3181,0.4621
,,0.7682,0.3761,0.6038,0.2449,0.6834,0.2860,1.3286,0.4671
,,0.7696,0.3678,0.6059,0.2588,0.6834,0.2864,1.3289,0.4641
,,0.7753,0.3849,0.6076,0.2465,0.6883,0.2842,1.3310,0.4806
,,0.7759,0.3791,0.6089,0.2506,0.6890,0.2812,1.3319,0.4794
,,0.7760,0.3720,0.6094,0.2683,0.6932,0.3034,1.3413,0.4665
,,0.7771,0.3775,0.6096,0.2490,0.6935,0.2870,1.3447,0.4834
,,0.7788,0.3908,0.6102,0.2691,0.6988,0.2758,1.3453,0.4617
,,0.7820,0.3779,0.6155,0.2486,0.6991,0.2864,1.3472,0.4820
,,0.7839,0.3946,0.6156,0.2619,0.7015,0.2953,1.3475,0.4556
,,0.7853,0.3980,0.6170,0.2665,0.7047,0.2850,1.3483,0.4802
,,0.7854,0.3801,0.6182,0.2768,0.7051,0.2933,1.3512,0.4776
,,0.7895,0.4010,0.6200,0.2717,0.7060,0.2893,1.3525,0.4840
,,0.7900,0.4023,0.6207,0.2737,0.7067,0.2997,1.3559,0.4742
,,0.7929,0.4004,0.6211,0.2764,0.7075,0.2917,1.3562,0.4711
,,0.7931,0.3827,0.6271,0.2627,0.7095,0.2967,1.3582,0.4709
,,0.7941,0.4012,0.6292,0.2776,0.7117,0.3062,1.3584,0.4854
,,0.7994,0.3966,0.6295,0.2743,0.7122,0.3088,1.3608,0.4691
,,0.8003,0.3827,0.6297,0.2685,0.7169,0.2967,1.3663,0.4889
,,0.8008,0.4008,0.6313,0.2796,0.7205,0.3086,1.3672,0.4832
,,0.8009,0.4025,0.6329,0.2574,0.7239,0.3088,1.3724,0.4746
,,0.8020,0.3855,0.6334,0.2766,0.7250,0.3019,1.3750,0.4786
,,0.8023,0.4049,0.6344,0.2838,0.7257,0.3098,1.3775,0.4691
,,0.8025,0.4037,0.6349,0.2645,0.7268,0.3005,1.3821,0.4881
,,0.8067,0.3904,0.6376,0.2699,0.7274,0.3120,1.3846,0.4941
,,0.8071,0.4014,0.6382,0.2874,0.7300,0.3056,1.3861,0.4728
,,0.8099,0.4079,0.6385,0.2846,0.7330,0.3183,1.3890,0.4860
,,0.8112,0.3912,0.6400,0.2743,0.7345,0.3042,1.3938,0.4903
,,0.8114,0.3916,0.6436,0.2888,0.7358,0.3027,1.3962,0.4850
,,0.8138,0.3954,0.6450,0.2890,0.7363,0.3170,1.3991,0.4871
,,0.8138,0.4093,0.6456,0.2919,0.7372,0.3203,1.4036,0.4738
,,0.8147,0.4033,0.6474,0.2798,0.7388,0.3064,1.4047,0.4905
,,0.8151,0.3946,0.6475,0.2770,0.7412,0.3235,1.4086,0.4911
,,0.8170,0.3902,0.6519,0.2784,0.7438,0.3080,1.4087,0.4754
,,0.8198,0.4105,0.6530,0.2965,0.7467,0.3225,1.4102,0.4955
,,0.8203,0.4190,0.6543,0.3019,0.7496,0.3231,1.4171,0.4913
,,0.8226,0.4014,0.6548,0.2965,0.7502,0.3191,1.4174,0.4659
,,0.8229,0.4099,0.6577,0.2850,0.7502,0.3265,1.4208,0.4899
,,0.8231,0.3992,0.6586,0.3009,0.7529,0.3283,1.4226,0.4772
,,0.8232,0.4117,0.6594,0.2993,0.7536,0.3295,1.4275,0.4931
,,0.8233,0.4099,0.6597,0.2856,0.7548,0.3112,1.4281,0.4927
,,0.8235,0.4006,0.6621,0.3068,0.7582,0.3187,1.4299,0.4899
,,0.8246,0.4141,0.6632,0.3092,0.7585,0.3036,1.4338,0.4933
,,0.8274,0.3998,0.6634,0.2830,0.7610,0.3293,1.4366,0.4961
,,0.8319,0.4141,0.6636,0.2888,0.7619,0.3160,1.4388,0.4963
,,0.8336,0.3998,0.6638,0.3003,0.7646,0.3170,1.4409,0.4810
,,0.8339,0.4162,0.6641,0.2876,0.7678,0.3122,1.4459,0.5044
,,0.8339,0.4166,0.6641,0.2895,0.7684,0.3352,1.4494,0.4981
,,0.8364,0.4178,0.6644,0.3044,0.7713,0.3197,1.4506,0.4951
,,0.8383,0.4059,0.6645,0.2997,0.7733,0.3442,1.4523,0.4951
,,0.8396,0.4075,0.6648,0.2832,0.7749,0.3348,1.4556,0.4949
,,0.8402,0.4244,0.6648,0.3023,0.7763,0.3255,1.4589,0.4854
,,0.8407,0.4182,0.6650,0.2852,0.7770,0.3225,1.4612,0.4854
,,0.8417,0.4049,0.6650,0.2888,0.7795,0.3348,1.4619,0.4852
,,0.8426,0.4061,0.6652,0.3025,0.7806,0.3382,1.4620,0.5022
,,0.8460,0.4212,0.6653,0.3017,0.7852,0.3434,1.4638,0.4760
,,0.8463,0.4202,0.6654,0.3044,0.7870,0.3416,1.4644,0.4957
,,0.8487,0.4242,0.6655,0.2772,0.7905,0.3459,1.4660,0.4858
,,0.8491,0.4242,0.6656,0.2796,0.7916,0.3340,1.4669,0.5020
,,0.8499,0.4083,0.6656,0.2862,0.7932,0.3487,1.4692,0.5010
,,0.8510,0.4008,0.6657,0.2997,0.7950,0.3436,1.4767,0.5038
,,0.8542,0.4270,0.6660,0.2846,0.7955,0.3340,1.4771,0.4754
,,0.8547,0.4101,0.6660,0.3029,0.7959,0.3416,1.4785,0.4975
,,0.8547,0.4250,0.6662,0.3015,0.8041,0.3473,1.4787,0.5038
,,0.8553,0.4242,0.6663,0.3005,0.8056,0.3497,1.4807,0.5046
,,0.8573,0.4101,0.6665,0.2897,0.8059,0.3507,1.4829,0.4893
,,0.8587,0.4286,0.6667,0.2862,0.8080,0.3332,1.4859,0.5030
,,0.8599,0.4280,0.6669,0.3005,0.8111,0.3328,1.4865,0.5038
,,0.8614,0.4091,0.6671,0.3005,0.8118,0.3527,1.4892,0.4967
,,0.8619,0.4315,0.6671,0.3029,0.8120,0.3364,1.4897,0.4808
,,0.8654,0.4309,0.6674,0.3009,0.8153,0.3505,1.4962,0.4836
,,0.8668,0.4093,0.6676,0.3021,0.8164,0.3352,1.4964,0.5003
,,0.8683,0.4180,0.6677,0.2858,0.8181,0.3372,1.5002,0.4975
,,0.8696,0.4188,0.6679,0.3019,0.8184,0.3606,1.5006,0.5042
,,0.8700,0.4182,0.6681,0.3013,0.8186,0.3326,1.5070,0.4901
,,0.8705,0.4111,0.6682,0.2921,0.8189,0.3322,1.5083,0.5034
,,0.8768,0.4182,0.6686,0.2985,0.8203,0.3608,1.5108,0.5038
,,0.8795,0.4214,0.6693,0.2860,0.8224,0.3442,1.5133,0.5052
,,0.8814,0.4349,0.6693,0.3084,0.8251,0.3551,1.5139,0.5012
,,0.8826,0.4258,0.6697,0.2856,0.8278,0.3326,1.5141,0.4812
,,0.8828,0.4359,0.6697,0.3050,0.8297,0.3565,1.5150,0.5012
,,0.8831,0.4198,0.6700,0.2999,0.8307,0.3428,1.5204,0.4794
,,0.8840,0.4147,0.6700,0.3017,0.8309,0.3446,1.5242,0.5060
,,0.8864,0.4472,0.6701,0.2854,0.8336,0.3354,1.5262,0.5058
,,0.8946,0.4274,0.6703,0.3048,0.8349,0.3448,1.5266,0.5090
,,0.8949,0.4250,0.6704,0.2872,0.8371,0.3406,1.5269,0.4953
,,0.8957,0.4397,0.6704,0.2933,0.8379,0.3448,1.5333,0.4907
,,0.8965,0.4423,0.6706,0.2993,0.8393,0.3537,1.5342,0.5078
,,0.8980,0.4454,0.6748,0.2858,0.8399,0.3632,1.5359,0.4923
,,0.9031,0.4433,0.6759,0.3108,0.8415,0.3595,1.5398,0.5088
,,0.9036,0.4510,0.6781,0.3100,0.8437,0.3664,1.5406,0.4887
,,0.9039,0.4460,0.6783,0.3116,0.8456,0.3726,1.5417,0.5146
,,0.9050,0.4441,0.6785,0.2999,0.8461,0.3646,1.5463,0.4941
,,0.9056,0.4474,0.6836,0.3013,0.8465,0.3656,1.5465,0.4923
,,0.9067,0.4452,0.6851,0.3203,0.8494,0.3539,1.5537,0.4963
,,0.9087,0.4444,0.6893,0.2991,0.8497,0.3487,1.5544,0.5064
,,0.9132,0.4391,0.6921,0.3185,0.8510,0.3521,1.5556,0.5165
,,0.9153,0.4286,0.6973,0.3052,0.8514,0.3642,1.5583,0.4995
,,0.9168,0.4421,0.6995,0.3217,0.8515,0.3650,1.5637,0.5098
,,0.9170,0.4397,0.7001,0.3040,0.8528,0.3535,1.5639,0.4959
,,0.9196,0.4542,0.7035,0.3102,0.8550,0.3491,1.5642,0.5066
,,0.9221,0.4568,0.7074,0.3056,0.8551,0.3575,1.5662,0.4891
,,0.9236,0.4520,0.7085,0.3342,0.8629,0.3775,1.5708,0.4975
,,0.9238,0.4534,0.7134,0.3348,0.8653,0.3722,1.5727,0.5112
,,0.9239,0.4572,0.7146,0.3334,0.8702,0.3739,1.5758,0.5090
,,0.9243,0.4395,0.7152,0.3311,0.8706,0.3799,1.5802,0.5092
,,0.9269,0.4570,0.7209,0.3203,0.8721,0.3618,1.5810,0.5122
,,0.9301,0.4574,0.7214,0.3344,0.8794,0.3610,1.5818,0.5010
,,0.9314,0.4319,0.7274,0.3380,0.8803,0.3722,1.5856,0.4987
,,0.9330,0.4413,0.7280,0.3223,0.8810,0.3579,1.5858,0.4989
,,0.9332,0.4407,0.7330,0.3422,0.8817,0.3624,1.5888,0.5114
,,0.9363,0.4585,0.7343,0.3251,0.8830,0.3640,1.5905,0.5120
,,0.9368,0.4454,0.7356,0.3426,0.8852,0.3809,1.5911,0.4856
,,0.9380,0.4578,0.7372,0.3289,0.8907,0.3795,1.5940,0.4999
,,0.9406,0.4458,0.7392,0.3316,0.8942,0.3795,1.5960,0.5003
,,0.9419,0.4593,0.7408,0.3469,0.8962,0.3880,1.5966,0.4987
,,0.9422,0.4480,0.7450,0.3454,0.8963,0.3692,1.5966,0.5100
,,0.9432,0.4587,0.7493,0.3477,0.8978,0.3831,1.5967,0.4959
,,0.9453,0.4611,0.7504,0.3396,0.8984,0.3884,1.5974,0.4957
,,0.9473,0.4625,0.7519,0.3481,0.8993,0.3851,1.6010,0.5032
,,0.9483,0.4703,0.7563,0.3579,0.9027,0.3749,1.6043,0.4987
,,0.9484,0.4637,0.7567,0.3382,0.9029,0.3664,1.6055,0.5146
,,0.9490,0.4498,0.7595,0.3342,0.9060,0.3827,1.6059,0.5132
,,0.9513,0.4441,0.7612,0.3533,0.9088,0.3628,1.6093,0.4915
,,0.9526,0.4647,0.7660,0.3553,0.9131,0.3920,1.6098,0.4915
,,0.9594,0.4663,0.7684,0.3380,0.9135,0.3847,1.6131,0.5142
,,0.9595,0.4534,0.7698,0.3598,0.9162,0.3865,1.6152,0.5120
,,0.9615,0.4744,0.7715,0.3467,0.9225,0.3745,1.6159,0.5108
,,0.9616,0.4530,0.7770,0.3465,0.9227,0.3728,1.6172,0.5020
,,0.9618,0.4542,0.7788,0.3638,0.9251,0.3789,1.6172,0.5144
,,0.9642,0.4673,0.7801,0.3628,0.9322,0.3948,1.6178,0.4999
,,0.9652,0.4522,0.7830,0.3650,0.9327,0.3918,1.6200,0.5026
,,0.9671,0.4671,0.7864,0.3634,0.9335,0.3950,1.6202,0.5140
,,0.9691,0.4705,0.7910,0.3704,0.9373,0.3747,1.6215,0.5157
,,0.9696,0.4697,0.7952,0.3674,0.9394,0.3990,1.6230,0.5012
,,0.9712,0.4711,0.7953,0.3585,0.9397,0.3825,1.6245,0.5003
,,0.9735,0.4470,0.7974,0.3602,0.9412,0.3797,1.6261,0.5132
,,0.9757,0.4671,0.7989,0.3602,0.9428,0.3936,1.6267,0.5146
,,0.9761,0.4601,0.7995,0.3702,0.9438,0.3833,1.6269,0.5124
,,0.9789,0.4609,0.8047,0.3646,0.9468,0.3998,1.6276,0.5050
,,0.9804,0.4719,0.8064,0.3644,0.9498,0.4014,1.6305,0.5134
,,0.9806,0.4776,0.8146,0.3787,0.9505,0.3998,1.6319,0.5070
,,0.9835,0.4593,0.8182,0.3620,0.9544,0.3900,1.6346,0.5201
,,0.9850,0.4627,0.8202,0.3807,0.9545,0.3819,1.6350,0.5140
,,0.9864,0.4637,0.8260,0.3628,0.9572,0.3898,1.6366,0.5048
,,0.9867,0.4738,0.8265,0.3813,0.9582,0.3875,1.6370,0.5016
,,0.9922,0.4651,0.8290,0.3612,0.9592,0.3880,1.6389,0.5189
,,0.9925,0.4796,0.8315,0.3783,0.9612,0.4083,1.6396,0.5030
,,0.9938,0.4621,0.8370,0.3946,0.9661,0.4055,1.6409,0.5215
,,0.9974,0.4770,0.8394,0.3694,0.9676,0.3900,1.6410,0.5008
,,0.9993,0.4792,0.8415,0.3805,0.9694,0.4073,1.6412,0.5179
,,1.0002,0.4770,0.8451,0.3936,0.9701,0.3869,1.6426,0.5219
,,1.0028,0.4802,0.8475,0.3952,0.9713,0.4045,1.6442,0.5179
,,1.0052,0.4709,0.8487,0.3976,0.9747,0.4099,1.6445,0.5034
,,1.0057,0.4810,0.8487,0.4006,0.9750,0.3843,1.6455,0.5187
,,1.0062,0.4903,0.8502,0.3990,0.9767,0.4085,1.6458,0.5082
,,1.0069,0.4659,0.8515,0.3732,0.9782,0.4089,1.6467,0.5048
,,1.0105,0.4852,0.8517,0.3940,0.9787,0.4085,1.6473,0.5003
,,1.0122,0.4580,0.8571,0.3958,0.9793,0.4101,1.6486,0.5056
,,1.0141,0.4840,0.8587,0.3763,0.9800,0.3948,1.6495,0.5108
,,1.0154,0.4641,0.8669,0.3799,0.9844,0.4105,1.6495,0.5193
,,1.0181,0.4830,0.8673,0.3996,0.9861,0.3948,1.6525,0.5157
,,1.0187,0.4665,0.8681,0.3916,0.9866,0.4089,1.6534,0.5157
,,1.0201,0.4834,0.8710,0.3968,0.9869,0.4021,1.6563,0.5134
,,1.0203,0.4774,0.8746,0.3865,0.9908,0.4129,1.6564,0.5066
,,1.0204,0.4836,0.8788,0.3892,0.9910,0.3966,1.6571,0.5181
,,1.0232,0.4721,0.8830,0.4049,0.9926,0.3976,1.6571,0.5215
,,1.0240,0.4705,0.8843,0.4051,0.9929,0.3994,1.6573,0.5177
,,1.0285,0.4879,0.8847,0.4051,0.9930,0.4035,1.6602,0.5185
,,1.0297,0.4879,0.8857,0.3855,0.9937,0.4157,1.6602,0.5267
,,1.0338,0.4917,0.8861,0.4155,1.0008,0.4111,1.6614,0.5076
,,1.0340,0.4927,0.8862,0.4083,1.0024,0.4133,1.6616,0.5165
,,1.0346,0.4782,0.8894,0.3982,1.0048,0.4135,1.6620,0.5074
,,1.0361,0.4695,0.8909,0.3992,1.0124,0.4212,1.6635,0.5040
,,1.0389,0.4915,0.8915,0.4091,1.0132,0.3948,1.6641,0.5173
,,1.0421,0.4927,0.8984,0.3892,1.0166,0.4202,1.6653,0.5064
,,1.0427,0.4923,0.8993,0.3924,1.0178,0.4182,1.6661,0.5028
,,1.0444,0.4909,0.9034,0.4008,1.0230,0.4067,1.6669,0.5259
,,1.0458,0.4798,0.9052,0.4016,1.0231,0.4174,1.6675,0.5072
,,1.0478,0.4697,0.9081,0.4131,1.0239,0.4166,1.6688,0.5193
,,1.0497,0.4812,0.9086,0.4178,1.0246,0.4276,1.6689,0.5189
,,1.0498,0.4834,0.9103,0.4004,1.0286,0.4063,1.6697,0.5018
,,1.0521,0.4923,0.9130,0.4192,1.0315,0.4220,1.6698,0.5056
,,1.0545,0.5005,0.9148,0.3994,1.0356,0.4071,1.6716,0.5219
,,1.0566,0.4824,0.9155,0.4039,1.0372,0.3990,1.6723,0.5298
,,1.0580,0.4927,0.9166,0.4149,1.0383,0.4236,1.6724,0.5030
,,1.0607,0.5005,0.9239,0.4093,1.0389,0.4111,1.6727,0.5044
,,1.0633,0.4969,0.9249,0.4188,1.0420,0.4113,1.6730,0.5225
,,1.0657,0.4879,0.9279,0.4059,1.0453,0.4355,1.6744,0.5187
,,1.0663,0.4830,0.9292,0.4206,1.0456,0.4159,1.6750,0.5062
,,1.0665,0.4971,0.9298,0.4097,1.0473,0.4127,1.6758,0.5052
,,1.0681,0.5008,0.9304,0.4230,1.0484,0.4145,1.6760,0.5140
,,1.0729,0.5040,0.9379,0.4178,1.0486,0.4202,1.6764,0.5175
,,1.0742,0.5078,0.9385,0.4099,1.0532,0.4170,1.6766,0.5193
,,1.0761,0.5005,0.9389,0.4045,1.0541,0.4290,1.6769,0.4981
,,1.0774,0.5078,0.9396,0.4111,1.0551,0.4149,1.6771,0.5197
,,1.0784,0.4899,0.9399,0.4093,1.0599,0.4176,1.6775,0.5237
,,1.0796,0.4887,0.9436,0.4157,1.0629,0.4222,1.6788,0.5022
,,1.0811,0.5038,0.9500,0.4313,1.0643,0.4298,1.6790,0.5283
,,1.0819,0.4905,0.9503,0.4315,1.0680,0.4329,1.6807,0.5114
,,1.0873,0.4911,0.9569,0.4129,1.0681,0.4164,1.6808,0.5054
,,1.0874,0.5032,0.9573,0.4270,1.0683,0.4333,1.6808,0.5169
,,1.0882,0.5066,0.9594,0.4083,1.0698,0.4329,1.6817,0.5086
,,1.0933,0.5084,0.9595,0.4159,1.0725,0.4335,1.6820,0.5267
,,1.0938,0.5076,0.9640,0.4186,1.0760,0.4194,1.6824,0.5034
,,1.0944,0.5076,0.9654,0.4335,1.0793,0.4311,1.6826,0.4987
,,1.0973,0.5032,0.9687,0.4421,1.0803,0.4319,1.6827,0.5213
,,1.0973,0.5062,0.9726,0.4230,1.0824,0.4343,1.6828,0.5221
,,1.0985,0.4947,0.9728,0.4381,1.0837,0.4307,1.6829,0.5068
,,1.1027,0.4969,0.9750,0.4256,1.0853,0.4353,1.6830,0.4993
,,1.1037,0.5108,0.9754,0.4210,1.0891,0.4252,1.6833,0.5273
,,1.1057,0.5126,0.9793,0.4264,1.0917,0.4252,1.6837,0.5195
,,1.1060,0.5090,0.9821,0.4375,1.0926,0.4240,1.6846,0.5233
,,1.1085,0.5134,0.9844,0.4244,1.0931,0.4254,1.6847,0.5221
,,1.1099,0.5112,0.9881,0.4298,1.0975,0.4389,1.6852,0.5084
,,1.1142,0.5044,0.9899,0.4411,1.0975,0.4407,1.6854,0.5052
,,1.1146,0.4987,0.9902,0.4423,1.1006,0.4226,1.6858,0.5324
,,1.1148,0.4864,0.9932,0.4437,1.1040,0.4437,1.6861,0.5263
,,1.1180,0.4961,0.9936,0.4298,1.1049,0.4395,1.6863,0.5267
,,1.1216,0.5157,0.9940,0.4339,1.1056,0.4280,1.6864,0.5092
,,1.1234,0.5138,0.9977,0.4435,1.1082,0.4504,1.6866,0.5247
,,1.1284,0.4941,1.0005,0.4472,1.1099,0.4254,1.6867,0.5118
,,1.1286,0.5018,1.0015,0.4444,1.1107,0.4282,1.6867,0.5233
,,1.1338,0.5054,1.0028,0.4470,1.1127,0.4431,1.6871,0.5239
,,1.1338,0.5155,1.0053,0.4373,1.1147,0.4303,1.6875,0.5038
,,1.1352,0.5005,1.0059,0.4474,1.1161,0.4448,1.6875,0.5080
,,1.1365,0.5052,1.0065,0.4345,1.1188,0.4464,1.6876,0.5090
,,1.1370,0.5074,1.0160,0.4496,1.1196,0.4296,1.6876,0.5223
,,1.1420,0.5106,1.0188,0.4266,1.1256,0.4444,1.6879,0.5126
,,1.1423,0.5181,1.0202,0.4508,1.1258,0.4496,1.6880,0.5306
,,1.1457,0.5221,1.0234,0.4540,1.1271,0.4435,1.6881,0.5247
,,1.1497,0.5068,1.0271,0.4397,1.1288,0.4240,1.6885,0.5088
,,1.1532,0.5223,1.0294,0.4405,1.1288,0.4363,1.6887,0.5062
,,1.1549,0.5209,1.0358,0.4315,1.1288,0.4450,1.6887,0.5221
,,1.1562,0.5189,1.0412,0.4433,1.1334,0.4349,1.6889,0.5100
,,1.1571,0.5100,1.0413,0.4446,1.1342,0.4309,1.6889,0.5205
,,1.1585,0.4979,1.0415,0.4532,1.1345,0.4530,1.6891,0.5245
,,1.1611,0.5086,1.0423,0.4425,1.1350,0.4452,1.6894,0.5157
,,1.1617,0.5231,1.0476,0.4444,1.1369,0.4258,1.6896,0.5217
,,1.1652,0.5207,1.0482,0.4585,1.1388,0.4516,1.6897,0.5209
,,1.1680,0.5134,1.0509,0.4496,1.1427,0.4466,1.6897,0.5221
,,1.1685,0.5310,1.0521,0.4369,1.1443,0.4377,1.6897,0.5237
,,1.1716,0.5253,1.0562,0.4506,1.1457,0.4361,1.6899,0.5100
,,1.1726,0.5271,1.0579,0.4518,1.1508,0.4343,1.6901,0.5086
,,1.1769,0.5044,1.0597,0.4510,1.1524,0.4498,1.6909,0.5179
,,1.1779,0.5298,1.0661,0.4645,1.1575,0.4593,1.6910,0.5010
,,1.1791,0.5177,1.0691,0.4715,1.1580,0.4536,1.6910,0.5257
,,1.1838,0.5157,1.0696,0.4649,1.1630,0.4566,1.6912,0.5092
,,1.1850,0.5042,1.0698,0.4458,1.1648,0.4562,1.6912,0.5231
,,1.1855,0.5304,1.0752,0.4643,1.1705,0.4530,1.6913,0.5104
,,1.1883,0.5205,1.0769,0.4657,1.1712,0.4556,1.6915,0.5219
,,1.1900,0.5149,1.0782,0.4548,1.1717,0.4413,1.6916,0.5237
,,1.1923,0.5281,1.0794,0.4764,1.1730,0.4524,1.6918,0.5219
,,1.1943,0.5167,1.0805,0.4734,1.1741,0.4423,1.6919,0.5197
,,1.1962,0.5354,1.0844,0.4578,1.1771,0.4631,1.6921,0.5102
,,1.1967,0.5388,1.0890,0.4705,1.1783,0.4528,1.6924,0.5136
,,1.1983,0.5294,1.0936,0.4564,1.1818,0.4339,1.6925,0.5024
,,1.1998,0.5306,1.0942,0.4582,1.1833,0.4409,1.6929,0.5213
,,1.1999,0.5197,1.0996,0.4522,1.1874,0.4429,1.6932,0.5068
,,1.2008,0.5314,1.1014,0.4717,1.1886,0.4435,1.6932,0.5167
,,1.2015,0.5203,1.1034,0.4701,1.1904,0.4476,1.6933,0.5185
,,1.2022,0.5334,1.1084,0.4752,1.1923,0.4607,1.6934,0.5102
,,1.2024,0.5402,1.1090,0.4766,1.1974,0.4589,1.6935,0.5267
,,1.2042,0.5356,1.1093,0.4750,1.1975,0.4582,1.6936,0.5229
,,1.2065,0.5215,1.1156,0.4623,1.1984,0.4544,1.6937,0.5235
,,1.2101,0.5138,1.1167,0.4601,1.1994,0.4637,1.6943,0.5104
,,1.2140,0.5320,1.1167,0.4782,1.2026,0.4435,1.6948,0.5110
,,1.2151,0.5241,1.1221,0.4812,1.2030,0.4663,1.6948,0.5235
,,1.2158,0.5412,1.1264,0.4788,1.2046,0.4385,1.6951,0.5066
,,1.2169,0.5217,1.1277,0.4844,1.2056,0.4655,1.6952,0.5225
,,1.2174,0.5356,1.1301,0.4667,1.2079,0.4625,1.6961,0.5088
,,1.2213,0.5412,1.1341,0.4667,1.2098,0.4617,1.6962,0.5092
,,1.2255,0.5249,1.1358,0.4683,1.2099,0.4585,1.6962,0.5181
,,1.2278,0.5457,1.1393,0.4796,1.2131,0.4486,1.6962,0.5209
,,1.2283,0.5249,1.1407,0.4798,1.2141,0.4623,1.6963,0.5080
,,1.2293,0.5386,1.1444,0.4699,1.2153,0.4464,1.6963,0.5090
,,1.2294,0.5207,1.1473,0.4867,1.2171,0.4528,1.6967,0.5237
,,1.2335,0.5392,1.1496,0.4611,1.2196,0.4625,1.6968,0.5082
,,1.2345,0.5149,1.1510,0.4848,1.2201,0.4452,1.6968,0.5249
,,1.2364,0.5390,1.1535,0.4864,1.2216,0.4373,1.6969,0.5213
,,1.2368,0.5149,1.1594,0.4840,1.2237,0.4524,1.6970,0.5223
,,1.2388,0.5406,1.1598,0.4846,1.2261,0.4568,1.6979,0.5245
,,1.2395,0.5402,1.1626,0.4846,1.2277,0.4663,1.6983,0.5072
,,1.2396,0.5422,1.1633,0.4867,1.2293,0.4744,1.6984,0.5205
,,1.2400,0.5382,1.1639,0.4750,1.2305,0.4663,1.6985,0.5195
,,1.2406,0.5437,1.1665,0.4899,1.2314,0.4504,1.6987,0.5010
,,1.2416,0.5439,1.1679,0.4887,1.2318,0.4665,1.6988,0.5132
,,1.2440,0.5296,1.1730,0.4875,1.2321,0.4637,1.6989,0.5257
,,1.2443,0.5426,1.1750,0.4766,1.2346,0.4506,1.6994,0.5018
,,1.2470,0.5414,1.1759,0.4800,1.2384,0.4661,1.6995,0.5062
,,1.2484,0.5414,1.1761,0.4907,1.2387,0.4643,1.6995,0.5086
,,1.2486,0.5471,1.1819,0.4887,1.2402,0.4681,1.6995,0.5104
,,1.2523,0.5535,1.1850,0.4758,1.2420,0.4540,1.6995,0.5205
,,1.2550,0.5422,1.1880,0.4953,1.2445,0.4576,1.6995,0.5275
,,1.2582,0.5424,1.1903,0.4800,1.2446,0.4574,1.6996,0.5066
,,1.2584,0.5477,1.1915,0.4814,1.2463,0.4520,1.6996,0.5080
,,1.2592,0.5422,1.1972,0.4933,1.2482,0.4556,1.6997,0.5108
,,1.2623,0.5499,1.1980,0.4820,1.2529,0.4683,1.6997,0.5120
,,1.2636,0.5271,1.1986,0.5001,1.2537,0.4456,1.6998,0.5104
,,1.2655,0.5422,1.1991,0.4806,1.2554,0.4476,1.6998,0.5112
,,1.2655,0.5551,1.2050,0.4826,1.2583,0.4665,1.6998,0.5257
,,1.2679,0.5433,1.2081,0.4752,1.2601,0.4532,1.7000,0.5056
,,1.2691,0.5273,1.2119,0.4780,1.2601,0.4576,1.7003,0.5088
,,1.2700,0.5322,1.2128,0.5026,1.2603,0.4748,1.7004,0.5052
,,1.2731,0.5362,1.2150,0.4875,1.2609,0.4752,1.7004,0.5102
,,1.2743,0.5559,1.2175,0.4858,1.2614,0.4558,1.7005,0.5203
,,1.2755,0.5493,1.2195,0.4975,1.2661,0.4717,1.7007,0.5094
,,1.2757,0.5447,1.2211,0.4854,1.2663,0.4693,1.7009,0.5229
,,1.2773,0.5479,1.2223,0.4991,1.2704,0.4711,1.7010,0.5207
,,1.2776,0.5433,1.2269,0.4991,1.2708,0.4726,1.7011,0.5064
,,1.2786,0.5374,1.2308,0.4844,1.2720,0.4760,1.7011,0.5179
,,1.2791,0.5493,1.2339,0.4909,1.2722,0.4556,1.7012,0.5207
,,1.2793,0.5491,1.2353,0.5048,1.2748,0.4578,1.7014,0.5235
,,1.2801,0.5487,1.2360,0.4860,1.2748,0.4605,1.7015,0.5084
,,1.2804,0.5469,1.2398,0.5042,1.2753,0.4496,1.7017,0.5249
,,1.2808,0.5471,1.2401,0.5020,1.2781,0.4713,1.7021,0.5120
,,1.2812,0.5404,1.2409,0.4921,1.2810,0.4597,1.7021,0.5207
,,1.2825,0.5265,1.2469,0.5044,1.2842,0.4766,1.7022,0.5108
,,1.2826,0.5366,1.2504,0.5050,1.2868,0.4597,1.7022,0.5114
,,1.2850,0.5358,1.2506,0.5012,1.2898,0.4752,1.7023,0.5076
,,1.2861,0.5366,1.2507,0.4883,1.2902,0.4758,1.7023,0.5094
,,1.2863,0.5543,1.2579,0.4945,1.2905,0.4587,1.7023,0.5104
,,1.2868,0.5346,1.2597,0.5066,1.2927,0.4810,1.7023,0.5255
,,1.2939,0.5505,1.2601,0.4961,1.2940,0.4810,1.7024,0.5088
,,1.2958,0.5529,1.2634,0.5072,1.2998,0.4750,1.7026,0.5070
,,1.2965,0.5265,1.2681,0.5050,1.3002,0.4637,1.7026,0.5136
,,1.2966,0.5372,1.2736,0.4941,1.3012,0.4748,1.7027,0.5106
,,1.3003,0.5501,1.2743,0.5078,1.3024,0.4776,1.7027,0.5122
,,1.3003,0.5505,1.2778,0.4854,1.3029,0.4762,1.7027,0.5128
,,1.3013,0.5499,1.2820,0.5084,1.3041,0.4617,1.7027,0.5231
,,1.3035,0.5521,1.2827,0.4959,1.3087,0.4800,1.7028,0.5074
,,1.3060,0.5545,1.2905,0.5108,1.3098,0.4844,1.7028,0.5114
,,1.3071,0.5402,1.2922,0.5118,1.3099,0.4621,1.7028,0.5157
,,1.3092,0.5582,1.2946,0.5104,1.3118,0.4649,1.7028,0.5300
,,1.3098,0.5306,1.2990,0.5134,1.3135,0.4665,1.7029,0.5080
,,1.3099,0.5535,1.3024,0.4899,1.3140,0.4762,1.7029,0.5207
,,1.3134,0.5523,1.3057,0.5171,1.3163,0.4730,1.7029,0.5300
,,1.3137,0.5398,1.3067,0.5144,1.3186,0.4611,1.7031,0.5074
,,1.3144,0.5318,1.3086,0.5151,1.3196,0.4802,1.7031,0.5100
,,1.3152,0.5431,1.3136,0.5028,1.3224,0.4667,1.7031,0.5273
,,1.3165,0.5420,1.3146,0.5012,1.3239,0.4758,1.7032,0.5197
,,1.3202,0.5402,1.3148,0.4999,1.3254,0.4780,1.7032,0.5217
,,1.3204,0.5572,1.3185,0.5179,1.3271,0.4806,1.7032,0.5217
,,1.3229,0.5372,1.3212,0.5040,1.3280,0.4695,1.7033,0.5078
,,1.3240,0.5539,1.3266,0.5205,1.3297,0.4659,1.7033,0.5108
,,1.3263,0.5537,1.3271,0.5163,1.3310,0.4879,1.7034,0.5020
,,1.3268,0.5535,1.3312,0.4931,1.3318,0.4677,1.7034,0.5132
,,1.3288,0.5467,1.3338,0.5215,1.3324,0.4675,1.7034,0.5221
,,1.3288,0.5559,1.3397,0.5167,1.3357,0.4812,1.7034,0.5259
,,1.3309,0.5400,1.3410,0.5239,1.3390,0.4693,1.7035,0.5080
,,1.3349,0.5588,1.3435,0.5193,1.3428,0.4687,1.7035,0.5100
,,1.3350,0.5630,1.3436,0.5181,1.3438,0.4830,1.7035,0.5120
,,1.3409,0.5441,1.3454,0.5104,1.3448,0.4560,1.7035,0.5120
,,1.3427,0.5491,1.3484,0.5233,1.3454,0.4810,1.7035,0.5251
,,1.3432,0.5505,1.3525,0.5102,1.3477,0.4717,1.7037,0.5249
,,1.3454,0.5620,1.3573,0.5279,1.3487,0.4893,1.7038,0.5084
,,1.3470,0.5606,1.3601,0.5233,1.3491,0.4677,1.7038,0.5108
,,1.3493,0.5499,1.3650,0.5304,1.3492,0.4826,1.7038,0.5243
,,1.3517,0.5580,1.3657,0.5283,1.3523,0.4728,1.7039,0.5086
,,1.3548,0.5511,1.3662,0.5116,1.3536,0.4834,1.7039,0.5116
,,1.3558,0.5394,1.3680,0.5026,1.3561,0.4721,1.7040,0.5138
,,1.3571,0.5592,1.3694,0.5112,1.3578,0.4830,1.7040,0.5213
,,1.3579,0.5620,1.3711,0.5265,1.3613,0.4639,1.7040,0.5223
,,1.3602,0.5497,1.3720,0.5229,1.3619,0.4842,1.7041,0.5112
,,1.3630,0.5495,1.3737,0.5116,1.3632,0.4848,1.7042,0.5014
,,1.3664,0.5640,1.3751,0.5151,1.3638,0.4711,1.7042,0.5126
,,1.3687,0.5519,1.3766,0.5142,1.3639,0.4758,1.7042,0.5243
,,1.3709,0.5499,1.3794,0.5243,1.3670,0.4699,1.7043,0.5068
,,1.3726,0.5477,1.3805,0.5267,1.3702,0.4840,1.7043,0.5124
,,1.3745,0.5640,1.3880,0.5157,1.3712,0.4637,1.7044,0.5084
,,1.3760,0.5539,1.3887,0.5116,1.3734,0.4883,1.7044,0.5283
,,1.3760,0.5549,1.3980,0.5281,1.3741,0.4762,1.7045,0.5068
,,1.3767,0.5431,1.3984,0.5136,1.3750,0.4909,1.7045,0.5223
,,1.3793,0.5719,1.4038,0.5372,1.3782,0.4959,1.7047,0.5112
,,1.3834,0.5539,1.4063,0.5310,1.3786,0.4909,1.7047,0.5114
,,1.3841,0.5690,1.4069,0.5163,1.3816,0.4754,1.7048,0.5068
,,1.3876,0.5559,1.4078,0.5173,1.3839,0.4881,1.7048,0.5120
,,1.3885,0.5624,1.4112,0.5233,1.3848,0.4820,1.7048,0.5267
,,1.3886,0.5424,1.4186,0.5161,1.3866,0.4838,1.7049,0.5124
,,1.3929,0.5678,1.4188,0.5151,1.3884,0.4873,1.7049,0.5207
,,1.3939,0.5545,1.4231,0.5306,1.3911,0.4879,1.7050,0.5126
,,1.3939,0.5733,1.4305,0.5310,1.3936,0.4742,1.7051,0.5094
,,1.3975,0.5547,1.4352,0.5372,1.3971,0.4907,1.7051,0.5239
,,1.3995,0.5594,1.4355,0.5318,1.3985,0.4915,1.7052,0.4955
,,1.3997,0.5682,1.4374,0.5215,1.3988,0.4748,1.7052,0.5193
,,1.4023,0.5678,1.4433,0.5211,1.4007,0.4957,1.7052,0.5201
,,1.4025,0.5551,1.4436,0.5229,1.4016,0.4788,1.7052,0.5201
,,1.4028,0.5690,1.4460,0.5207,1.4059,0.4919,1.7053,0.5209
,,1.4029,0.5555,1.4497,0.5354,1.4062,0.4802,1.7054,0.5080
,,1.4038,0.5674,1.4518,0.5239,1.4087,0.4697,1.7054,0.5165
,,1.4038,0.5706,1.4536,0.5239,1.4088,0.4923,1.7055,0.5112
,,1.4039,0.5563,1.4570,0.5459,1.4116,0.4713,1.7055,0.5201
,,1.4040,0.5658,1.4635,0.5144,1.4119,0.4939,1.7055,0.5205
,,1.4047,0.5453,1.4655,0.5241,1.4125,0.4792,1.7055,0.5300
,,1.4053,0.5535,1.4669,0.5253,1.4142,0.4903,1.7056,0.5134
,,1.4056,0.5708,1.4703,0.5287,1.4171,0.4899,1.7056,0.5187
,,1.4058,0.5678,1.4754,0.5263,1.4189,0.4949,1.7056,0.5211
,,1.4060,0.5680,1.4812,0.5384,1.4192,0.4683,1.7056,0.5243
,,1.4064,0.5696,1.4867,0.5249,1.4235,0.4788,1.7056,0.5306
,,1.4070,0.5545,1.4868,0.5223,1.4238,0.4832,1.7057,0.5060
,,1.4085,0.5646,1.4876,0.5338,1.4249,0.4945,1.7057,0.5100
,,1.4093,0.5561,1.4884,0.5285,1.4258,0.4764,1.7057,0.5124
,,1.4097,0.5592,1.4899,0.5308,1.4268,0.4935,1.7057,0.5219
,,1.4098,0.5549,1.4910,0.5269,1.4289,0.4961,1.7057,0.5239
,,1.4105,0.5604,1.4940,0.5441,1.4289,0.4981,1.7057,0.5239
,,1.4108,0.5706,1.4971,0.5298,1.4293,0.4939,1.7058,0.5022
,,1.4111,0.5678,1.5058,0.5320,1.4298,0.4973,1.7058,0.5213
,,1.4112,0.5499,1.5076,0.5422,1.4301,0.4830,1.7058,0.5267
,,1.4119,0.5567,1.5125,0.5455,1.4358,0.4969,1.7058,0.5267
,,1.4156,0.5680,1.5150,0.5330,1.4362,0.4806,1.7058,0.5310
,,1.4168,0.5767,1.5164,0.5467,1.4386,0.4963,1.7059,0.5203
,,1.4171,0.5622,1.5210,0.5459,1.4387,0.4927,1.7059,0.5247
,,1.4208,0.5678,1.5228,0.5455,1.4406,0.4919,1.7059,0.5267
,,1.4222,0.5668,1.5239,0.5445,1.4423,0.4997,1.7059,0.5269
,,1.4222,0.5688,1.5320,0.5237,1.4484,0.5020,1.7060,0.5100
,,1.4240,0.5727,1.5329,0.5541,1.4492,0.4836,1.7060,0.5221
,,1.4248,0.5739,1.5344,0.5551,1.4527,0.4999,1.7060,0.5245
,,1.4249,0.5743,1.5368,0.5459,1.4536,0.5040,1.7060,0.5273
,,1.4273,0.5725,1.5418,0.5358,1.4582,0.4772,1.7061,0.5054
,,1.4276,0.5559,1.5444,0.5356,1.4598,0.4975,1.7061,0.5092
,,1.4279,0.5721,1.5468,0.5467,1.4599,0.4967,1.7061,0.5106
,,1.4279,0.5737,1.5542,0.5292,1.4636,0.4979,1.7061,0.5225
,,1.4284,0.5717,1.5544,0.5503,1.4640,0.5048,1.7061,0.5273
,,1.4285,0.5473,1.5577,0.5366,1.4652,0.4899,1.7062,0.5078
,,1.4309,0.5727,1.5587,0.5513,1.4665,0.4995,1.7062,0.5243
,,1.4310,0.5797,1.5633,0.5400,1.4672,0.5008,1.7062,0.5245
,,1.4353,0.5745,1.5660,0.5290,1.4696,0.4987,1.7062,0.5249
,,1.4358,0.5777,1.5667,0.5398,1.4708,0.4975,1.7062,0.5257
,,1.4385,0.5761,1.5767,0.5400,1.4734,0.4836,1.7062,0.5259
,,1.4406,0.5584,1.5769,0.5374,1.4743,0.4999,1.7062,0.5290
,,1.4412,0.5743,1.5769,0.5557,1.4759,0.5024,1.7063,0.5231
,,1.4412,0.5829,1.5816,0.5555,1.4778,0.4995,1.7065,0.5030
,,1.4424,0.5753,1.5826,0.5428,1.4815,0.4846,1.7065,0.5032
,,1.4427,0.5753,1.5867,0.5541,1.4826,0.5078,1.7065,0.5090
,,1.4459,0.5519,1.5892,0.5563,1.4828,0.4899,1.7065,0.5193
,,1.4459,0.5624,1.5907,0.5398,1.4847,0.4889,1.7065,0.5197
,,1.4496,0.5783,1.5934,0.5539,1.4859,0.5062,1.7066,0.5072
,,1.4498,0.5777,1.5958,0.5296,1.4877,0.5028,1.7066,0.5189
,,1.4508,0.5779,1.5968,0.5527,1.4881,0.5090,1.7066,0.5229
,,1.4518,0.5809,1.5985,0.5531,1.4882,0.4885,1.7067,0.5086
,,1.4519,0.5721,1.5988,0.5507,1.4884,0.4903,1.7067,0.5189
,,1.4529,0.5650,1.6003,0.5574,1.4920,0.4786,1.7067,0.5237
,,1.4543,0.5519,1.6018,0.5418,1.4954,0.4889,1.7067,0.5267
,,1.4572,0.5745,1.6028,0.5572,1.4962,0.4899,1.7067,0.5283
,,1.4579,0.5640,1.6043,0.5584,1.4991,0.5040,1.7068,0.5048
,,1.4613,0.5690,1.6072,0.5422,1.4994,0.5064,1.7068,0.5104
,,1.4615,0.5765,1.6080,0.5535,1.5010,0.4909,1.7068,0.5108
,,1.4643,0.5572,1.6084,0.5400,1.5016,0.5008,1.7069,0.5076
,,1.4647,0.5656,1.6092,0.5406,1.5038,0.4931,1.7069,0.5134
,,1.4657,0.5785,1.6102,0.5539,1.5047,0.5098,1.7069,0.5221
,,1.4680,0.5819,1.6110,0.5559,1.5063,0.5010,1.7069,0.5229
,,1.4694,0.5666,1.6113,0.5479,1.5096,0.4947,1.7069,0.5239
,,1.4709,0.5856,1.6149,0.5418,1.5109,0.4957,1.7069,0.5245
,,1.4739,0.5551,1.6152,0.5576,1.5115,0.4935,1.7070,0.5124
,,1.4742,0.5785,1.6153,0.5553,1.5122,0.4881,1.7071,0.4991
,,1.4776,0.5870,1.6162,0.5336,1.5122,0.5171,1.7071,0.5187
,,1.4806,0.5811,1.6173,0.5553,1.5170,0.4911,1.7072,0.4983
,,1.4823,0.5713,1.6177,0.5567,1.5171,0.4931,1.7072,0.5096
,,1.4838,0.5878,1.6185,0.5431,1.5183,0.4945,1.7072,0.5243
,,1.4845,0.5670,1.6198,0.5521,1.5213,0.4873,1.7073,0.5016
,,1.4845,0.5682,1.6202,0.5420,1.5237,0.5046,1.7073,0.5030
,,1.4846,0.5735,1.6202,0.5424,1.5267,0.5048,1.7073,0.5144
,,1.4859,0.5602,1.6202,0.5567,1.5318,0.4947,1.7073,0.5199
,,1.4882,0.5805,1.6220,0.5578,1.5327,0.5060,1.7073,0.5273
,,1.4891,0.5771,1.6223,0.5469,1.5346,0.5100,1.7073,0.5300
,,1.4911,0.5700,1.6247,0.5563,1.5351,0.5104,1.7074,0.5122
,,1.4942,0.5819,1.6254,0.5412,1.5358,0.5012,1.7074,0.5205
,,1.4953,0.5733,1.6261,0.5459,1.5363,0.4961,1.7075,0.5052
,,1.4962,0.5888,1.6280,0.5431,1.5367,0.5076,1.7075,0.5096
,,1.4974,0.5882,1.6281,0.5543,1.5396,0.4965,1.7075,0.5231
,,1.4997,0.5700,1.6301,0.5433,1.5396,0.5082,1.7077,0.5106
,,1.5030,0.5729,1.6309,0.5580,1.5411,0.5114,1.7077,0.5211
,,1.5038,0.5737,1.6315,0.5459,1.5440,0.4957,1.7078,0.5235
,,1.5039,0.5839,1.6319,0.5563,1.5446,0.5070,1.7079,0.5191
,,1.5040,0.5880,1.6321,0.5553,1.5454,0.4838,1.7081,0.5072
,,1.5046,0.5862,1.6323,0.5443,1.5516,0.5088,1.7081,0.5094
,,1.5047,0.5849,1.6323,0.5559,1.5522,0.5090,1.7081,0.5219
,,1.5047,0.5849,1.6361,0.5376,1.5526,0.4947,1.7082,0.5231
,,1.5061,0.5858,1.6362,0.5652,1.5553,0.5140,1.7082,0.5243
,,1.5064,0.5874,1.6384,0.5499,1.5586,0.5132,1.7082,0.5247
,,1.5068,0.5721,1.6393,0.5618,1.5590,0.5146,1.7083,0.5183
,,1.5069,0.5841,1.6405,0.5586,1.5592,0.4973,1.7084,0.5223
,,1.5069,0.5884,1.6410,0.5433,1.5622,0.5153,1.7084,0.5227
,,1.5070,0.5866,1.6416,0.5608,1.5650,0.5102,1.7085,0.5213
,,1.5071,0.5725,1.6433,0.5604,1.5707,0.5070,1.7085,0.5221
,,1.5107,0.5666,1.6434,0.5652,1.5711,0.4989,1.7085,0.5235
,,1.5137,0.5745,1.6448,0.5437,1.5725,0.5140,1.7086,0.5138
,,1.5158,0.5856,1.6457,0.5632,1.5741,0.4989,1.7086,0.5189
,,1.5159,0.5749,1.6466,0.5487,1.5743,0.5138,1.7086,0.5199
,,1.5195,0.5868,1.6483,0.5598,1.5752,0.5146,1.7087,0.5076
,,1.5202,0.5837,1.6484,0.5592,1.5761,0.5100,1.7087,0.5104
,,1.5240,0.5874,1.6491,0.5622,1.5776,0.5114,1.7088,0.5197
,,1.5265,0.5729,1.6493,0.5437,1.5784,0.5022,1.7088,0.5203
,,1.5266,0.5652,1.6494,0.5491,1.5797,0.5003,1.7088,0.5231
,,1.5283,0.5771,1.6502,0.5600,1.5799,0.5102,1.7089,0.5215
,,1.5292,0.5769,1.6532,0.5662,1.5804,0.5217,1.7091,0.5056
,,1.5294,0.5799,1.6544,0.5636,1.5809,0.5217,1.7096,0.5235
,,1.5329,0.5833,1.6558,0.5555,1.5839,0.5120,1.7101,0.4961
,,1.5364,0.5741,1.6563,0.5493,1.5871,0.5195,1.7103,0.5239
,,1.5371,0.5928,1.6572,0.5467,1.5885,0.5038,1.7104,0.5213
,,1.5389,0.5769,1.6579,0.5592,1.5886,0.5018,1.7115,0.5241
,,1.5413,0.5902,1.6581,0.5475,1.5887,0.5114,1.7148,0.5205
,,1.5436,0.5797,1.6588,0.5523,1.5890,0.5177,1.7272,0.5173
,,1.5466,0.5866,1.6590,0.5604,1.5896,0.5179,1.7336,0.5213
,,1.5500,0.5882,1.6599,0.5467,1.5912,0.4995,,
,,1.5525,0.5860,1.6600,0.5396,1.5926,0.4993,,
,,1.5533,0.5914,1.6608,0.5479,1.5938,0.4985,,
,,1.5556,0.5916,1.6613,0.5511,1.5944,0.5157,,
,,1.5573,0.5763,1.6626,0.5592,1.5953,0.4987,,
,,1.5590,0.5990,1.6636,0.5479,1.5965,0.5124,,
,,1.5592,0.5906,1.6663,0.5580,1.5965,0.5173,,
,,1.5626,0.5906,1.6675,0.5513,1.5967,0.4965,,
,,1.5641,0.5803,1.6681,0.5670,1.5973,0.5003,,
,,1.5644,0.5809,1.6692,0.5634,1.5990,0.5173,,
,,1.5682,0.5992,1.6694,0.5431,1.6028,0.5191,,
,,1.5689,0.5950,1.6696,0.5624,1.6031,0.4933,,
,,1.5697,0.5791,1.6719,0.5630,1.6033,0.5020,,
,,1.5709,0.5801,1.6730,0.5479,1.6047,0.5233,,
,,1.5736,0.5934,1.6737,0.5646,1.6049,0.5138,,
,,1.5738,0.5829,1.6746,0.5624,1.6058,0.5046,,
,,1.5742,0.5960,1.6747,0.5479,1.6064,0.4995,,
,,1.5794,0.5956,1.6751,0.5501,1.6065,0.5149,,
,,1.5800,0.5958,1.6757,0.5624,1.6085,0.5245,,
,,1.5808,0.5938,1.6776,0.5628,1.6086,0.5173,,
,,1.5815,0.6043,1.6778,0.5636,1.6126,0.5132,,
,,1.5816,0.5914,1.6780,0.5666,1.6141,0.5026,,
,,1.5839,0.5914,1.6790,0.5483,1.6142,0.5197,,
,,1.5851,0.5851,1.6799,0.5618,1.6151,0.5159,,
,,1.5851,0.5940,1.6805,0.5682,1.6156,0.5128,,
,,1.5865,0.5930,1.6811,0.5543,1.6171,0.5058,,
,,1.5881,0.5978,1.6813,0.5644,1.6172,0.5171,,
,,1.5888,0.5835,1.6820,0.5610,1.6174,0.5136,,
,,1.5900,0.6025,1.6827,0.5648,1.6178,0.5016,,
,,1.5910,0.6001,1.6828,0.5600,1.6188,0.5157,,
,,1.5911,0.5942,1.6829,0.5513,1.6193,0.5189,,
,,1.5918,0.6017,1.6838,0.5529,1.6202,0.5157,,
,,1.5923,0.5845,1.6838,0.5672,1.6228,0.5179,,
,,1.5926,0.6005,1.6842,0.5650,1.6240,0.5034,,
,,1.5939,0.5825,1.6850,0.5626,1.6241,0.5191,,
,,1.5956,0.5817,1.6850,0.5640,1.6257,0.5032,,
,,1.5956,0.5854,1.6850,0.5648,1.6259,0.5126,,
,,1.5976,0.5845,1.6853,0.5527,1.6260,0.5005,,
,,1.5977,0.5946,1.6853,0.5527,1.6275,0.5032,,
,,1.5979,0.5841,1.6855,0.5515,1.6281,0.5149,,
,,1.5982,0.5976,1.6859,0.5620,1.6299,0.5144,,
,,1.6000,0.5876,1.6864,0.5515,1.6307,0.5076,,
,,1.6002,0.5837,1.6865,0.5616,1.6317,0.5144,,
,,1.6004,0.5938,1.6867,0.5519,1.6326,0.5179,,
,,1.6006,0.5833,1.6883,0.5634,1.6335,0.5183,,
,,1.6006,0.6025,1.6886,0.5471,1.6337,0.5038,,
,,1.6009,0.5874,1.6886,0.5495,1.6349,0.5064,,
,,1.6012,0.5849,1.6894,0.5644,1.6355,0.5082,,
,,1.6012,0.5866,1.6907,0.5517,1.6357,0.5237,,
,,1.6014,0.5982,1.6907,0.5517,1.6377,0.5183,,
,,1.6015,0.5829,1.6908,0.5513,1.6381,0.5046,,
,,1.6015,0.5845,1.6912,0.5618,1.6404,0.5181,,
,,1.6015,0.5862,1.6915,0.5545,1.6405,0.5217,,
,,1.6016,0.5841,1.6917,0.5495,1.6418,0.5247,,
,,1.6017,0.6021,1.6918,0.5519,1.6429,0.5165,,
,,1.6018,0.6013,1.6919,0.5394,1.6435,0.5191,,
,,1.6019,0.5856,1.6924,0.5620,1.6438,0.5161,,
,,1.6019,0.5862,1.6927,0.5644,1.6438,0.5209,,
,,1.6019,0.5862,1.6927,0.5690,1.6440,0.5199,,
,,1.6020,0.5851,1.6931,0.5646,1.6450,0.5181,,
,,1.6021,0.5723,1.6932,0.5646,1.6466,0.5016,,
,,1.6024,0.5817,1.6933,0.5678,1.6467,0.5235,,
,,1.6025,0.5858,1.6936,0.5634,1.6468,0.5197,,
,,1.6026,0.5970,1.6938,0.5467,1.6474,0.4963,,
,,1.6027,0.5968,1.6945,0.5680,1.6479,0.5165,,
,,1.6029,0.5976,1.6948,0.5688,1.6493,0.5153,,
,,1.6029,0.5995,1.6950,0.5670,1.6494,0.5211,,
,,1.6031,0.6025,1.6951,0.5547,1.6509,0.4935,,
,,1.6032,0.5829,1.6951,0.5559,1.6509,0.4965,,
,,1.6033,0.5892,1.6955,0.5636,1.6510,0.5064,,
,,1.6034,0.5805,1.6958,0.5640,1.6510,0.5193,,
,,1.6034,0.5858,1.6968,0.5652,1.6521,0.5056,,
,,1.6035,0.5974,1.6969,0.5507,1.6523,0.4971,,
,,1.6036,0.5837,1.6973,0.5654,1.6533,0.5199,,
,,1.6036,0.5837,1.6974,0.5533,1.6536,0.5084,,
,,1.6036,0.5936,1.6975,0.5650,1.6540,0.5177,,
,,1.6037,0.5968,1.6976,0.5664,1.6541,0.5020,,
,,1.6037,0.5978,1.6977,0.5561,1.6541,0.5189,,
,,1.6039,0.5982,1.6978,0.5612,1.6568,0.4977,,
,,1.6039,0.5984,1.6979,0.5513,1.6568,0.5187,,
,,1.6041,0.5789,1.6979,0.5574,1.6570,0.5092,,
,,1.6042,0.6001,1.6979,0.5644,1.6587,0.5199,,
,,1.6043,0.5860,1.6980,0.5628,1.6590,0.5217,,
,,1.6044,0.5807,1.6985,0.5561,1.6599,0.5205,,
,,1.6046,0.5986,1.6990,0.5682,1.6603,0.5177,,
,,1.6047,0.5978,1.6993,0.5650,1.6609,0.5084,,
,,1.6048,0.5954,1.6997,0.5719,1.6629,0.5016,,
,,1.6050,0.5972,1.7002,0.5628,1.6630,0.4979,,
,,1.6050,0.6053,1.7003,0.5537,1.6630,0.5273,,
,,1.6051,0.5960,1.7004,0.5682,1.6636,0.5092,,
,,1.6053,0.5934,1.7005,0.5608,1.6659,0.5205,,
,,1.6054,0.5890,1.7015,0.5640,1.6664,0.5070,,
,,1.6054,0.5988,1.7017,0.5539,1.6674,0.5205,,
,,1.6056,0.5854,1.7019,0.5499,1.6674,0.5205,,
,,1.6056,0.5974,1.7025,0.5505,1.6680,0.5036,,
,,1.6061,0.5890,1.7027,0.5620,1.6683,0.5086,,
,,1.6062,0.5843,1.7027,0.5650,1.6699,0.5227,,
,,1.6062,0.5952,1.7028,0.5559,1.6710,0.5283,,
,,1.6063,0.5972,1.7028,0.5686,1.6717,0.5042,,
,,1.6071,0.5970,1.7033,0.5402,1.6722,0.5207,,
,,1.6072,0.5966,1.7036,0.5533,1.6737,0.5076,,
,,1.6074,0.5944,1.7037,0.5638,1.6738,0.5016,,
,,1.6086,0.5841,1.7039,0.5507,1.6743,0.5082,,
,,1.6087,0.5962,1.7039,0.5565,1.6745,0.5088,,
,,1.6090,0.5835,1.7039,0.5640,1.6747,0.5080,,
,,1.6090,0.5966,1.7040,0.5497,1.6749,0.5207,,
,,1.6092,0.5856,1.7041,0.5517,1.6751,0.5086,,
,,1.6110,0.5886,1.7043,0.5630,1.6752,0.5080,,
,,1.6111,0.5849,1.7044,0.5644,1.6753,0.5112,,
,,1.6114,0.5992,1.7046,0.5632,1.6763,0.5221,,
,,1.6127,0.6033,1.7047,0.5694,1.6765,0.5185,,
,,1.6147,0.6053,1.7049,0.5678,1.6767,0.5104,,
,,1.6150,0.5990,1.7051,0.5519,1.6767,0.5110,,
,,1.6163,0.5999,1.7053,0.5666,1.6773,0.5157,,
,,1.6167,0.5995,1.7054,0.5735,1.6778,0.5126,,
,,1.6171,0.5990,1.7055,0.5394,1.6789,0.5219,,
,,1.6176,0.5868,1.7057,0.5652,1.6802,0.5116,,
,,1.6199,0.5876,1.7059,0.5523,1.6806,0.5215,,
,,1.6215,0.5942,1.7059,0.5626,1.6810,0.5088,,
,,1.6219,0.5988,1.7059,0.5670,1.6820,0.5304,,
,,1.6229,0.5803,1.7060,0.5717,1.6823,0.5211,,
,,1.6234,0.5995,1.7062,0.5495,1.6827,0.5229,,
,,1.6240,0.5862,1.7062,0.5640,1.6830,0.5108,,
,,1.6241,0.5851,1.7065,0.5410,1.6830,0.5197,,
,,1.6246,0.6049,1.7065,0.5654,1.6831,0.5114,,
,,1.6247,0.5839,1.7068,0.5418,1.6835,0.5104,,
,,1.6249,0.5845,1.7069,0.5515,1.6838,0.5205,,
,,1.6271,0.5872,1.7070,0.5416,1.6842,0.5243,,
,,1.6279,0.5888,1.7071,0.5727,1.6843,0.5239,,
,,1.6280,0.6011,1.7073,0.5481,1.6843,0.5257,,
,,1.6303,0.5880,1.7073,0.5735,1.6846,0.5114,,
,,1.6308,0.5849,1.7074,0.5443,1.6847,0.5124,,
,,1.6330,0.6025,1.7076,0.5612,1.6847,0.5298,,
,,1.6332,0.6009,1.7079,0.5551,1.6849,0.5201,,
,,1.6342,0.5795,1.7083,0.5680,1.6853,0.5326,,
,,1.6366,0.5747,1.7089,0.5414,1.6855,0.5134,,
,,1.6375,0.6003,1.7090,0.5719,1.6858,0.5038,,
,,1.6394,0.5882,1.7093,0.5668,1.6858,0.5090,,
,,1.6398,0.6027,1.7095,0.5499,1.6867,0.5243,,
,,1.6413,0.5914,1.7102,0.5412,1.6868,0.5211,,
,,1.6415,0.6003,1.7116,0.5626,1.6870,0.5070,,
,,1.6435,0.5992,1.7118,0.5668,1.6870,0.5120,,
,,1.6457,0.5902,1.7122,0.5471,1.6872,0.5243,,
,,1.6469,0.6089,1.7122,0.5527,1.6877,0.5275,,
,,1.6471,0.5974,1.7186,0.5511,1.6877,0.5296,,
,,1.6511,0.5918,,,1.6879,0.5138,,
,,1.6542,0.5910,,,1.6879,0.5241,,
,,1.6543,0.6007,,,1.6883,0.5275,,
,,1.6557,0.5890,,,1.6886,0.5106,,
,,1.6571,0.6111,,,1.6890,0.5092,,
,,1.6573,0.6065,,,1.6893,0.5090,,
,,1.6620,0.6029,,,1.6895,0.5132,,
,,1.6630,0.6011,,,1.6896,0.5245,,
,,1.6631,0.5938,,,1.6900,0.5086,,
,,1.6634,0.5900,,,1.6902,0.5070,,
,,1.6638,0.5815,,,1.6902,0.5239,,
,,1.6650,0.5995,,,1.6903,0.5233,,
,,1.6654,0.5763,,,1.6904,0.5096,,
,,1.6665,0.6037,,,1.6904,0.5213,,
,,1.6680,0.5912,,,1.6904,0.5241,,
,,1.6696,0.5962,,,1.6912,0.5241,,
,,1.6701,0.6011,,,1.6914,0.5223,,
,,1.6701,0.6015,,,1.6927,0.5128,,
,,1.6709,0.5934,,,1.6927,0.5245,,
,,1.6716,0.6027,,,1.6930,0.5080,,
,,1.6730,0.6105,,,1.6931,0.5112,,
,,1.6744,0.5930,,,1.6936,0.5223,,
,,1.6747,0.6023,,,1.6936,0.5281,,
,,1.6757,0.6047,,,1.6937,0.5237,,
,,1.6761,0.5910,,,1.6939,0.5116,,
,,1.6761,0.6047,,,1.6939,0.5255,,
,,1.6763,0.6073,,,1.6940,0.5241,,
,,1.6764,0.6025,,,1.6947,0.5241,,
,,1.6772,0.5930,,,1.6950,0.4979,,
,,1.6775,0.5954,,,1.6950,0.5120,,
,,1.6780,0.5930,,,1.6950,0.5237,,
,,1.6782,0.6105,,,1.6953,0.5241,,
,,1.6800,0.6085,,,1.6955,0.5229,,
,,1.6801,0.5930,,,1.6957,0.5084,,
,,1.6818,0.6069,,,1.6957,0.5235,,
,,1.6819,0.5952,,,1.6957,0.5275,,
,,1.6822,0.6035,,,1.6961,0.5086,,
,,1.6826,0.6059,,,1.6964,0.5197,,
,,1.6828,0.6059,,,1.6966,0.5088,,
,,1.6830,0.5894,,,1.6968,0.5126,,
,,1.6834,0.5954,,,1.6977,0.5094,,
,,1.6835,0.5944,,,1.6981,0.5082,,
,,1.6837,0.5938,,,1.6983,0.5136,,
,,1.6841,0.6146,,,1.6984,0.5261,,
,,1.6846,0.5972,,,1.6987,0.5213,,
,,1.6846,0.5999,,,1.6987,0.5255,,
,,1.6851,0.6047,,,1.6989,0.5116,,
,,1.6858,0.5970,,,1.6989,0.5243,,
,,1.6858,0.6083,,,1.6991,0.5104,,
,,1.6865,0.6067,,,1.6991,0.5108,,
,,1.6870,0.6079,,,1.6995,0.5316,,
,,1.6870,0.6083,,,1.7000,0.5263,,
,,1.6885,0.6101,,,1.7011,0.5235,,
,,1.6891,0.5912,,,1.7013,0.5225,,
,,1.6894,0.6045,,,1.7019,0.5078,,
,,1.6898,0.6077,,,1.7019,0.5140,,
,,1.6899,0.5954,,,1.7020,0.5120,,
,,1.6907,0.5946,,,1.7020,0.5279,,
,,1.6912,0.5958,,,1.7021,0.5239,,
,,1.6915,0.6067,,,1.7022,0.5124,,
,,1.6916,0.6069,,,1.7022,0.5223,,
,,1.6921,0.6091,,,1.7023,0.5122,,
,,1.6921,0.6129,,,1.7024,0.5132,,
,,1.6928,0.6129,,,1.7024,0.5237,,
,,1.6930,0.6123,,,1.7026,0.5100,,
,,1.6932,0.6045,,,1.7026,0.5142,,
,,1.6939,0.6055,,,1.7027,0.5151,,
,,1.6949,0.5950,,,1.7028,0.5243,,
,,1.6949,0.6144,,,1.7029,0.5233,,
,,1.6952,0.6063,,,1.7030,0.5106,,
,,1.6954,0.5984,,,1.7031,0.5076,,
,,1.6954,0.6059,,,1.7031,0.5271,,
,,1.6955,0.6111,,,1.7032,0.5092,,
,,1.6959,0.6105,,,1.7033,0.5114,,
,,1.6960,0.5821,,,1.7034,0.5092,,
,,1.6964,0.6087,,,1.7035,0.5229,,
,,1.6966,0.6075,,,1.7036,0.5219,,
,,1.6967,0.6109,,,1.7036,0.5245,,
,,1.6969,0.6067,,,1.7038,0.5108,,
,,1.6970,0.6089,,,1.7039,0.5114,,
,,1.6974,0.6079,,,1.7039,0.5294,,
,,1.6975,0.6115,,,1.7040,0.5118,,
,,1.6984,0.5942,,,1.7040,0.5267,,
,,1.6984,0.6119,,,1.7040,0.5316,,
,,1.6986,0.6061,,,1.7041,0.5243,,
,,1.6989,0.5956,,,1.7043,0.5140,,
,,1.6990,0.6142,,,1.7043,0.5265,,
,,1.7001,0.5990,,,1.7044,0.5104,,
,,1.7002,0.6071,,,1.7044,0.5138,,
,,1.7015,0.5970,,,1.7044,0.5159,,
,,1.7017,0.6091,,,1.7045,0.5106,,
,,1.7018,0.6083,,,1.7045,0.5124,,
,,1.7018,0.6172,,,1.7045,0.5130,,
,,1.7024,0.5920,,,1.7045,0.5249,,
,,1.7025,0.5845,,,1.7045,0.5253,,
,,1.7027,0.5938,,,1.7045,0.5269,,
,,1.7029,0.6121,,,1.7046,0.5092,,
,,1.7030,0.6057,,,1.7047,0.5110,,
,,1.7031,0.5972,,,1.7047,0.5241,,
,,1.7031,0.6099,,,1.7047,0.5308,,
,,1.7032,0.5952,,,1.7048,0.5108,,
,,1.7033,0.5966,,,1.7048,0.5292,,
,,1.7036,0.5999,,,1.7049,0.5229,,
,,1.7037,0.5962,,,1.7049,0.5233,,
,,1.7038,0.5972,,,1.7050,0.5030,,
,,1.7039,0.5958,,,1.7050,0.5112,,
,,1.7040,0.5982,,,1.7050,0.5126,,
,,1.7041,0.6097,,,1.7050,0.5132,,
,,1.7042,0.6061,,,1.7050,0.5237,,
,,1.7042,0.6150,,,1.7051,0.5126,,
,,1.7043,0.5946,,,1.7051,0.5173,,
,,1.7043,0.6168,,,1.7052,0.5038,,
,,1.7044,0.6027,,,1.7052,0.5283,,
,,1.7044,0.6087,,,1.7054,0.5235,,
,,1.7047,0.5942,,,1.7055,0.5235,,
,,1.7047,0.6107,,,1.7056,0.5130,,
,,1.7048,0.5944,,,1.7056,0.5245,,
,,1.7048,0.5956,,,1.7057,0.5088,,
,,1.7049,0.5934,,,1.7057,0.5102,,
,,1.7050,0.6083,,,1.7057,0.5283,,
,,1.7051,0.6069,,,1.7059,0.5096,,
,,1.7053,0.5916,,,1.7059,0.5219,,
,,1.7054,0.6162,,,1.7059,0.5271,,
,,1.7057,0.6111,,,1.7060,0.5251,,
,,1.7058,0.5860,,,1.7061,0.5104,,
,,1.7059,0.6194,,,1.7061,0.5213,,
,,1.7060,0.6144,,,1.7061,0.5245,,
,,1.7061,0.6067,,,1.7062,0.5018,,
,,1.7061,0.6103,,,1.7062,0.5142,,
,,1.7063,0.6055,,,1.7062,0.5211,,
,,1.7063,0.6087,,,1.7063,0.5005,,
,,1.7064,0.5946,,,1.7063,0.5225,,
,,1.7066,0.5860,,,1.7063,0.5265,,
,,1.7066,0.6065,,,1.7063,0.5283,,
,,1.7067,0.6097,,,1.7065,0.5026,,
,,1.7067,0.6146,,,1.7065,0.5217,,
,,1.7074,0.6043,,,1.7066,0.5259,,
,,1.7075,0.5866,,,1.7067,0.5106,,
,,1.7076,0.6083,,,1.7067,0.5122,,
,,1.7078,0.6166,,,1.7067,0.5211,,
,,1.7079,0.6059,,,1.7067,0.5235,,
,,1.7081,0.6067,,,1.7067,0.5249,,
,,1.7081,0.6083,,,1.7068,0.5038,,
,,1.7082,0.6095,,,1.7068,0.5076,,
,,1.7087,0.5956,,,1.7068,0.5225,,
,,1.7087,0.6081,,,1.7068,0.5245,,
,,1.7089,0.5876,,,1.7068,0.5251,,
,,1.7090,0.6067,,,1.7068,0.5318,,
,,1.7091,0.6087,,,1.7070,0.5014,,
,,1.7092,0.5940,,,1.7071,0.5201,,
,,1.7097,0.6043,,,1.7072,0.5032,,
,,1.7144,0.6075,,,1.7072,0.5273,,
,,1.7157,0.6053,,,1.7073,0.5096,,
,,1.7269,0.6089,,,1.7073,0.5102,,
,,,,,,1.7074,0.5265,,
,,,,,,1.7075,0.5114,,
,,,,,,1.7075,0.5267,,
,,,,,,1.7075,0.5308,,
,,,,,,1.7077,0.5249,,
,,,,,,1.7078,0.5207,,
,,,,,,1.7078,0.5237,,
,,,,,,1.7079,0.5032,,
,,,,,,1.7079,0.5094,,
,,,,,,1.7079,0.5161,,
,,,,,,1.7080,0.4989,,
,,,,,,1.7080,0.5018,,
,,,,,,1.7083,0.5231,,
,,,,,,1.7084,0.5068,,
,,,,,,1.7085,0.5205,,
,,,,,,1.7085,0.5233,,
,,,,,,1.7088,0.5138,,
,,,,,,1.7089,0.5217,,
,,,,,,1.7090,0.5205,,
,,,,,,1.7092,0.5257,,
,,,,,,1.7093,0.5217,,
,,,,,,1.7095,0.5108,,
,,,,,,1.7095,0.5229,,
,,,,,,1.7097,0.5239,,
,,,,,,1.7099,0.5225,,
,,,,,,1.7106,0.5271,,
,,,,,,1.7110,0.5253,,
,,,,,,1.7119,0.5080,,
,,,,,,1.7123,0.5326,,
,,,,,,1.7126,0.5296,,
,,,,,,1.7192,0.5298,,
,,,,,,1.7212,0.5092,,
