idx,t_rel_ms,A0_V
0,6,0.25546
1,6,0.20549
2,6,0.19260
3,6,0.23773
4,6,0.22806
5,6,0.20549
6,7,0.23128
7,7,0.23128
8,7,0.23773
9,7,0.24256
10,7,0.24982
11,7,0.25707
12,7,0.28769
13,7,0.24256
14,7,0.28044
15,7,0.23128
16,7,0.26996
17,7,0.27641
18,7,0.26996
19,7,0.28044
20,7,0.29253
21,7,0.28286
22,7,0.28930
23,7,0.29575
24,7,0.30220
25,7,0.30864
26,7,0.30864
27,7,0.28286
28,7,0.29495
29,7,0.30864
30,7,0.32799
31,7,0.33282
32,7,0.36022
33,7,0.34733
34,7,0.33282
35,7,0.36022
36,7,0.34410
37,7,0.35941
38,7,0.37150
39,7,0.35297
40,7,0.35700
41,7,0.35861
42,7,0.34733
43,7,0.37956
44,7,0.37956
45,7,0.39890
46,7,0.38601
47,7,0.37311
48,7,0.39648
49,7,0.39245
50,7,0.38601
51,7,0.37150
52,7,0.40938
53,7,0.41179
54,7,0.41179
55,7,0.41179
56,7,0.47465
57,7,0.41179
58,7,0.41179
59,7,0.45370
60,7,0.41179
61,7,0.41179
62,7,0.45048
63,7,0.41179
64,7,0.54718
65,7,0.47465
66,7,0.47465
67,7,0.46256
68,7,0.48029
69,7,0.47626
70,7,0.48513
71,7,0.50044
72,7,0.47626
73,7,0.50044
74,7,0.48271
75,7,0.51495
76,7,0.51495
77,7,0.51495
78,7,0.52703
79,8,0.52462
80,8,0.53187
81,8,0.51092
82,8,0.55040
83,8,0.55040
84,8,0.54718
85,8,0.55363
86,8,0.53912
87,8,0.56652
88,8,0.57941
89,8,0.55363
90,8,0.56571
91,8,0.58344
92,8,0.55846
93,8,0.58908
94,8,0.58586
95,8,0.59714
96,8,0.58989
97,8,0.60520
98,8,0.60520
99,8,0.61084
100,8,0.59875
101,8,0.63099
102,8,0.61810
103,8,0.63502
104,8,0.64388
105,8,0.63502
106,8,0.64227
107,8,0.64952
108,8,0.67934
109,8,0.68256
110,8,0.65033
111,8,0.63744
112,8,0.66484
113,8,0.66967
114,8,0.66161
115,8,0.67451
116,8,0.69546
117,8,0.68095
118,8,0.69546
119,8,0.69223
120,8,0.71480
121,8,0.69868
122,8,0.71399
123,8,0.71399
124,8,0.71480
125,8,0.75670
126,8,0.72125
127,8,0.73897
128,8,0.70190
129,8,0.73414
130,8,0.74220
131,8,0.74059
132,8,0.73978
133,8,0.75993
134,8,0.75590
135,8,0.73253
136,8,0.80183
137,8,0.74462
138,8,0.76960
139,8,0.77282
140,8,0.79780
141,8,0.76234
142,8,0.78813
143,8,0.77927
144,8,0.79216
145,8,0.79216
146,8,0.78894
147,8,0.79538
148,8,0.79861
149,8,0.80667
150,8,0.80505
151,8,0.77282
152,8,0.81150
153,8,0.82198
154,8,0.82117
155,8,0.82440
156,9,0.81150
157,9,0.82440
158,9,0.89531
159,9,0.82440
160,9,0.80989
161,9,0.84615
162,9,0.84374
163,9,0.84696
164,9,0.86308
165,9,0.85582
166,9,0.82440
167,9,0.86308
168,9,0.85663
169,9,0.86872
170,9,0.86308
171,9,0.87597
172,9,0.88161
173,9,0.88403
174,9,0.88886
175,9,0.88806
176,9,0.91465
177,9,0.88242
178,9,0.91465
179,9,0.90176
180,9,0.87436
181,9,0.89773
182,9,0.90821
183,9,0.86952
184,9,0.90821
185,9,0.88564
186,9,0.94044
187,9,0.91949
188,9,0.93722
189,9,0.91949
190,9,0.91465
191,9,0.92674
192,9,0.90821
193,9,0.96623
194,9,0.93399
195,9,0.92513
196,9,0.95575
197,9,0.92755
198,9,0.95253
199,9,0.96381
200,9,0.95011
201,9,0.92271
202,9,0.98476
203,9,0.95011
204,9,0.95736
205,9,0.96300
206,9,0.95978
207,9,0.96864
208,9,0.96300
209,9,0.95172
210,9,0.95978
211,9,0.96139
212,9,0.95333
213,9,0.98557
214,9,0.97106
215,9,0.97429
216,9,0.97590
217,9,0.97832
218,9,0.99685
219,9,0.97429
220,9,0.99201
221,9,0.97832
222,9,0.98557
223,9,0.98799
224,9,0.99846
225,9,0.98718
226,9,1.01055
227,9,0.99604
228,9,0.99685
229,9,0.99201
230,9,0.96462
231,9,1.00491
232,10,1.00491
233,10,0.97590
234,10,0.99443
235,10,1.00249
236,10,1.01055
237,10,1.00491
238,10,1.01780
239,10,1.00733
240,10,1.03070
241,10,0.99201
242,10,1.00894
243,10,1.01780
244,10,1.02989
245,10,1.01055
246,10,1.01458
247,10,1.01458
248,10,1.01377
249,10,1.01055
250,10,1.01136
251,10,1.01297
252,10,1.00813
253,10,1.00491
254,10,1.01538
255,10,0.98879
256,10,1.01458
257,10,1.01538
258,10,1.03070
259,10,1.01780
260,10,1.02667
261,10,1.01055
262,10,1.01136
263,10,1.01377
264,10,1.03070
265,10,1.02264
266,10,1.02908
267,10,1.00894
268,10,1.01458
269,10,1.01377
270,10,1.02989
271,10,1.02425
272,10,1.02022
273,10,1.03070
274,10,1.00974
275,10,1.01055
276,10,1.01136
277,10,1.01458
278,10,1.00410
279,10,1.00813
280,10,1.01700
281,10,1.00491
282,10,0.99846
283,10,1.01297
284,10,1.02828
285,10,1.00491
286,10,1.01700
287,10,0.98315
288,10,1.01619
289,10,1.00007
290,10,1.00330
291,10,1.02425
292,10,1.00733
293,10,1.00894
294,10,1.02828
295,10,0.99766
296,10,1.00491
297,10,0.99201
298,10,1.02425
299,10,0.99846
300,10,1.00007
301,10,0.99040
302,10,0.99201
303,10,1.02908
304,10,0.99524
305,10,0.98960
306,10,0.97187
307,10,0.98234
308,10,0.98557
309,11,0.97912
310,11,0.98476
311,11,0.98476
312,11,0.96945
313,11,0.96542
314,11,0.97106
315,11,0.98396
316,11,0.97267
317,11,0.95011
318,11,0.97267
319,11,0.98476
320,11,0.92432
321,11,0.96300
322,11,0.95817
323,11,0.95333
324,11,0.95333
325,11,0.95333
326,11,0.94689
327,11,0.95011
328,11,0.95333
329,11,0.96220
330,11,0.94527
331,11,0.93963
332,11,0.97590
333,11,0.93963
334,11,0.92110
335,11,0.93802
336,11,0.95736
337,11,0.92755
338,11,0.92755
339,11,0.90498
340,11,0.92674
341,11,0.91465
342,11,0.91143
343,11,0.90821
344,11,0.90821
345,11,0.90176
346,11,0.90176
347,11,0.90176
348,11,0.90095
349,11,0.89853
350,11,0.89209
351,11,0.88242
352,11,0.87436
353,11,0.91062
354,11,0.87114
355,11,0.88886
356,11,0.81150
357,11,0.87355
358,11,0.86952
359,11,0.82440
360,11,0.85421
361,11,0.79861
362,11,0.84374
363,11,0.85421
364,11,0.84535
365,11,0.87597
366,11,0.84535
367,11,0.82440
368,11,0.82440
369,11,0.82440
370,11,0.82440
371,11,0.82440
372,11,0.85018
373,11,0.84374
374,11,0.81795
375,11,0.81795
376,11,0.81795
377,11,0.80989
378,11,0.81553
379,11,0.79458
380,11,0.79861
381,11,0.79861
382,11,0.77927
383,12,0.79458
384,12,0.80505
385,12,0.81070
386,12,0.77927
387,12,0.73414
388,12,0.76637
389,12,0.79700
390,12,0.77927
391,12,0.75590
392,12,0.75912
393,12,0.77282
394,12,0.77282
395,12,0.74059
396,12,0.73414
397,12,0.73253
398,12,0.73011
399,12,0.73414
400,12,0.71722
401,12,0.72125
402,12,0.71802
403,12,0.70835
404,12,0.70190
405,12,0.73092
406,12,0.69949
407,12,0.69546
408,12,0.70513
409,12,0.69223
410,12,0.63985
411,12,0.68901
412,12,0.66645
413,12,0.63582
414,12,0.68901
415,12,0.65678
416,12,0.67451
417,12,0.64388
418,12,0.64147
419,12,0.67612
420,12,0.61165
421,12,0.64388
422,12,0.64388
423,12,0.63502
424,12,0.61810
425,12,0.63744
426,12,0.66322
427,12,0.61810
428,12,0.60923
429,12,0.61004
430,12,0.60762
431,12,0.58908
432,12,0.63099
433,12,0.59634
434,12,0.59231
435,12,0.59634
436,12,0.56491
437,12,0.55766
438,12,0.56652
439,12,0.58425
440,12,0.56652
441,12,0.59231
442,12,0.51495
443,12,0.55685
444,12,0.55363
445,12,0.53993
446,12,0.54073
447,12,0.56571
448,12,0.53993
449,12,0.50205
450,12,0.52623
451,12,0.49560
452,12,0.51092
453,12,0.50205
454,12,0.51253
455,12,0.49963
456,12,0.50608
457,12,0.48916
458,12,0.48271
459,13,0.46982
460,13,0.47626
461,13,0.47304
462,13,0.47546
463,13,0.41179
464,13,0.46337
465,13,0.45048
466,13,0.48271
467,13,0.45692
468,13,0.44564
469,13,0.44725
470,13,0.41179
471,13,0.41179
472,13,0.41179
473,13,0.41179
474,13,0.41179
475,13,0.46337
476,13,0.41099
477,13,0.40212
478,13,0.39245
479,13,0.41179
480,13,0.37956
481,13,0.37956
482,13,0.37714
483,13,0.36667
484,13,0.38117
485,13,0.36022
486,13,0.37150
487,13,0.36022
488,13,0.38601
489,13,0.36022
490,13,0.35619
491,13,0.35055
492,13,0.34088
493,13,0.32154
494,13,0.36022
495,13,0.34007
496,13,0.33363
497,13,0.30864
498,13,0.30864
499,13,0.30864
500,13,0.31993
501,13,0.30864
502,13,0.32154
503,13,0.34733
504,13,0.29897
505,13,0.30623
506,13,0.28930
507,13,0.29414
508,13,0.29575
509,13,0.28286
510,13,0.26916
511,13,0.25707
512,13,0.30864
513,13,0.27641
514,13,0.25707
515,13,0.25707
516,13,0.25707
517,13,0.20549
518,13,0.24176
519,13,0.25707
520,13,0.18938
521,13,0.23128
522,13,0.20549
523,13,0.22806
524,13,0.20549
525,13,0.20549
526,13,0.23128
527,13,0.19179
528,13,0.25707
529,13,0.23773
530,13,0.19905
531,13,0.20469
532,13,0.19824
533,13,0.20308
534,13,0.18615
535,14,0.17971
536,14,0.16681
537,14,0.15392
538,14,0.12813
539,14,0.14989
540,14,0.16681
541,14,0.16681
542,14,0.16520
543,14,0.16359
544,14,0.16681
545,14,0.14103
546,14,0.16037
547,14,0.08784
548,14,0.14505
549,14,0.14103
550,14,0.14022
551,14,0.14022
552,14,0.12813
553,14,0.12491
554,14,0.12813
555,14,0.12813
556,14,0.10234
557,14,0.12168
558,14,0.10234
559,14,0.09590
560,14,0.11524
561,14,0.12168
562,14,0.10234
563,14,0.10234
564,14,0.09832
565,14,0.07656
566,14,0.09590
567,14,0.07656
568,14,0.07656
569,14,0.09348
570,14,0.08864
571,14,0.08300
572,14,0.07575
573,14,0.06366
574,14,0.10234
575,14,0.09590
576,14,0.07011
577,14,0.07253
578,14,0.08945
579,14,0.06769
580,14,0.07011
581,14,0.06366
582,14,0.06769
583,14,0.05077
584,14,0.03143
585,14,0.05077
586,14,0.00000
587,14,0.04755
588,14,0.01209
589,14,0.00000
590,14,0.04432
591,14,0.02498
592,14,0.04755
593,14,0.03788
594,14,0.01048
595,14,0.03788
596,14,0.03143
597,14,0.03707
598,14,0.03626
599,14,0.02498
600,14,0.03143
601,14,0.00000
602,14,0.05077
603,14,0.03788
604,14,0.00000
605,14,0.01853
606,14,0.02176
607,14,0.01853
608,14,0.00000
609,14,0.01853
610,14,0.00886
611,14,0.02498
612,15,0.01209
613,15,0.01853
614,15,0.01773
615,15,0.01209
616,15,0.00000
617,15,0.01209
618,15,0.00000
619,15,0.00564
620,15,0.01209
621,15,0.00000
622,15,0.01209
623,15,0.00564
624,15,0.00322
625,15,0.00000
626,15,0.00000
627,15,0.00000
628,15,0.00000
629,15,0.00000
630,15,0.00000
631,15,0.00000
632,15,0.00322
633,15,0.00322
634,15,0.00000
635,15,0.00000
636,15,0.00000
637,15,0.00000
638,15,0.00000
639,15,0.02498
640,15,0.00000
641,15,0.00000
642,15,0.01048
643,15,0.00000
644,15,0.00000
645,15,0.00242
646,15,0.00000
647,15,0.00000
648,15,0.00564
649,15,0.00000
650,15,0.00081
651,15,0.00322
652,15,0.00000
653,15,0.00000
654,15,0.00564
655,15,0.00000
656,15,0.00564
657,15,0.00886
658,15,0.00000
659,15,0.00000
660,15,0.00000
661,15,0.00564
662,15,0.00000
663,15,0.00000
664,15,0.00564
665,15,0.00564
666,15,0.00564
667,15,0.01773
668,15,0.00242
669,15,0.00000
670,15,0.01209
671,15,0.02498
672,15,0.00000
673,15,0.01209
674,15,0.00564
675,15,0.01209
676,15,0.00000
677,15,0.01209
678,15,0.01853
679,15,0.01209
680,15,0.01853
681,15,0.04674
682,15,0.01773
683,15,0.02176
684,15,0.00000
685,16,0.02498
686,16,0.03788
687,16,0.00000
688,16,0.06286
689,16,0.03143
690,16,0.01773
691,16,0.03788
692,16,0.02498
693,16,0.04432
694,16,0.02498
695,16,0.03788
696,16,0.04755
697,16,0.04432
698,16,0.06366
699,16,0.04835
700,16,0.05077
701,16,0.04674
702,16,0.05077
703,16,0.06286
704,16,0.05722
705,16,0.05077
706,16,0.05077
707,16,0.05722
708,16,0.07011
709,16,0.07656
710,16,0.06366
711,16,0.07011
712,16,0.08300
713,16,0.10234
714,16,0.07333
715,16,0.09509
716,16,0.06366
717,16,0.07656
718,16,0.10234
719,16,0.08300
720,16,0.08623
721,16,0.10154
722,16,0.12813
723,16,0.10234
724,16,0.10234
725,16,0.12813
726,16,0.10234
727,16,0.10234
728,16,0.12088
729,16,0.11524
730,16,0.12813
731,16,0.12813
732,16,0.12168
733,16,0.12733
734,16,0.10234
735,16,0.10234
736,16,0.16681
737,16,0.13941
738,16,0.12813
739,16,0.12813
740,16,0.12813
741,16,0.14586
742,16,0.14667
743,16,0.16681
744,16,0.16359
745,16,0.16601
746,16,0.13458
747,16,0.15150
748,16,0.17890
749,16,0.17648
750,16,0.16037
751,16,0.17971
752,16,0.18615
753,16,0.19260
754,16,0.16681
755,16,0.20388
756,16,0.20549
757,16,0.20549
758,16,0.18454
759,16,0.18938
760,16,0.22967
761,16,0.20549
762,17,0.23128
763,17,0.20549
764,17,0.20549
765,17,0.24095
766,17,0.26352
767,17,0.24982
768,17,0.25062
769,17,0.26674
770,17,0.28769
771,17,0.24095
772,17,0.25707
773,17,0.27883
774,17,0.26352
775,17,0.26996
776,17,0.27963
777,17,0.28286
778,17,0.28850
779,17,0.28930
780,17,0.25707
781,17,0.29575
782,17,0.28930
783,17,0.30542
784,17,0.34088
785,17,0.30220
786,17,0.29897
787,17,0.33040
788,17,0.32557
789,17,0.33443
790,17,0.32557
791,17,0.30542
792,17,0.33443
793,17,0.35377
794,17,0.35055
795,17,0.35377
796,17,0.35700
797,17,0.35700
798,17,0.38601
799,17,0.30220
800,17,0.37875
801,17,0.36908
802,17,0.34652
803,17,0.38440
804,17,0.41179
805,17,0.39890
806,17,0.39245
807,17,0.39890
808,17,0.37311
809,17,0.40857
810,17,0.41179
811,17,0.41179
812,17,0.41179
813,17,0.44725
814,17,0.41179
815,17,0.44725
816,17,0.41179
817,17,0.46256
818,17,0.48271
819,17,0.47304
820,17,0.45692
821,17,0.46095
822,17,0.45531
823,17,0.46337
824,17,0.46337
825,17,0.50527
826,17,0.47626
827,17,0.47626
828,17,0.48916
829,17,0.51495
830,17,0.48916
831,17,0.48835
832,17,0.50850
833,17,0.52784
834,17,0.51495
835,17,0.51495
836,17,0.53429
837,17,0.52784
838,18,0.51333
839,18,0.55927
840,18,0.53912
841,18,0.53590
842,18,0.51495
843,18,0.57297
844,18,0.55121
845,18,0.56571
846,18,0.57136
847,18,0.57297
848,18,0.58908
849,18,0.55604
850,18,0.60520
851,18,0.58344
852,18,0.59231
853,18,0.59231
854,18,0.59231
855,18,0.60198
856,18,0.61165
857,18,0.61326
858,18,0.61810
859,18,0.60520
860,18,0.61810
861,18,0.60520
862,18,0.67531
863,18,0.63744
864,18,0.66322
865,18,0.65033
866,18,0.65033
867,18,0.64952
868,18,0.65033
869,18,0.66322
870,18,0.66806
871,18,0.69143
872,18,0.68901
873,18,0.67934
874,18,0.68176
875,18,0.68579
876,18,0.69223
877,18,0.69465
878,18,0.70190
879,18,0.72125
880,18,0.68740
881,18,0.70513
882,18,0.69546
883,18,0.71480
884,18,0.70835
885,18,0.73414
886,18,0.73333
887,18,0.70835
888,18,0.73978
889,18,0.73414
890,18,0.74542
891,18,0.72125
892,18,0.74703
893,18,0.75832
894,18,0.75106
895,18,0.75993
896,18,0.74703
897,18,0.78410
898,18,0.78974
899,18,0.78088
900,18,0.75267
901,18,0.77282
902,18,0.78249
903,18,0.79861
904,18,0.76960
905,18,0.80505
906,18,0.81553
907,18,0.80505
908,18,0.82359
909,18,0.80505
910,18,0.82440
911,18,0.82440
912,18,0.82117
913,18,0.81553
914,19,0.82440
915,19,0.82440
916,19,0.82440
917,19,0.82440
918,19,0.81070
919,19,0.82440
920,19,0.85985
921,19,0.85905
922,19,0.85341
923,19,0.85018
924,19,0.88403
925,19,0.85018
926,19,0.88242
927,19,0.86952
928,19,0.86952
929,19,0.87194
930,19,0.87275
931,19,0.88242
932,19,0.89128
933,19,0.88484
934,19,0.92110
935,19,0.89289
936,19,0.89451
937,19,0.87597
938,19,0.91143
939,19,0.90095
940,19,0.89451
941,19,0.90821
942,19,0.92593
943,19,0.90095
944,19,0.94366
945,19,0.91949
946,19,0.95092
947,19,0.91868
948,19,0.95253
949,19,0.92674
950,19,0.94527
951,19,0.92513
952,19,0.93399
953,19,0.92755
954,19,0.94044
955,19,0.94527
956,19,0.96864
957,19,0.94689
958,19,0.94689
959,19,0.95011
960,19,0.97912
961,19,0.95978
962,19,0.97106
963,19,0.95978
964,19,0.97509
965,19,0.96462
966,19,0.96784
967,19,0.96864
968,19,0.94850
969,19,0.96623
970,19,0.95817
971,19,0.95011
972,19,0.98960
973,19,0.95011
974,19,0.97187
975,19,0.97912
976,19,0.97429
977,19,0.99685
978,19,0.97026
979,19,1.01700
980,19,0.90498
981,19,0.94850
982,19,0.98879
983,19,1.00491
984,19,0.97912
985,19,1.00410
986,19,1.00168
987,19,0.99524
988,19,0.96623
989,19,1.00088
990,19,1.00491
991,20,0.96623
992,20,0.97912
993,20,1.02344
994,20,0.90982
995,20,1.00410
996,20,1.00410
997,20,1.00813
998,20,1.01780
999,20,1.00491
1000,20,1.02344
1001,20,1.06696
1002,20,1.01377
1003,20,1.00894
1004,20,1.01055
1005,20,1.00894
1006,20,1.01055
1007,20,1.01780
1008,20,1.01538
1009,20,0.99846
1010,20,1.03070
1011,20,1.01136
1012,20,1.00813
1013,20,1.01055
1014,20,1.04359
1015,20,1.00733
1016,20,1.03070
1017,20,1.01136
1018,20,1.01619
1019,20,1.03070
1020,20,0.99443
1021,20,1.00813
1022,20,1.03070
1023,20,1.02425
1024,20,1.01136
1025,20,1.02425
1026,20,1.01780
1027,20,1.02747
1028,20,1.01458
1029,20,0.99846
1030,20,1.01700
1031,20,1.01458
1032,20,1.01136
1033,20,1.00007
1034,20,1.03070
1035,20,1.02586
1036,20,1.01377
1037,20,1.01136
1038,20,1.02425
1039,20,0.99524
1040,20,1.00813
1041,20,1.00491
1042,20,1.03070
1043,20,1.00974
1044,20,0.94689
1045,20,0.99121
1046,20,1.02344
1047,20,1.01780
1048,20,1.02425
1049,20,1.00410
1050,20,1.00088
1051,20,0.99201
1052,20,0.99846
1053,20,0.96623
1054,20,0.99685
1055,20,1.00168
1056,20,0.99604
1057,20,1.00007
1058,20,0.99846
1059,20,0.97912
1060,20,0.98315
1061,20,1.00491
1062,20,0.99201
1063,20,0.98476
1064,20,1.03070
1065,21,0.98476
1066,21,0.99443
1067,21,0.96945
1068,21,0.97912
1069,21,0.94608
1070,21,0.97267
1071,21,0.95656
1072,21,0.98396
1073,21,0.96139
1074,21,0.94286
1075,21,0.98557
1076,21,0.97912
1077,21,0.97267
1078,21,0.95736
1079,21,0.96139
1080,21,0.95897
1081,21,0.95978
1082,21,0.95333
1083,21,0.97106
1084,21,0.94044
1085,21,0.92352
1086,21,0.95333
1087,21,0.95172
1088,21,0.94044
1089,21,0.95253
1090,21,0.94044
1091,21,0.92755
1092,21,0.92593
1093,21,0.92755
1094,21,0.90740
1095,21,0.90579
1096,21,0.90659
1097,21,0.92593
1098,21,0.91949
1099,21,0.93399
1100,21,0.96462
1101,21,0.90982
1102,21,0.90740
1103,21,0.90821
1104,21,0.92755
1105,21,0.92755
1106,21,0.89692
1107,21,0.90095
1108,21,0.92755
1109,21,0.89531
1110,21,0.89451
1111,21,0.88886
1112,21,0.87597
1113,21,0.88403
1114,21,0.88886
1115,21,0.86791
1116,21,0.86630
1117,21,0.88403
1118,21,0.89289
1119,21,0.88806
1120,21,0.85341
1121,21,0.85582
1122,21,0.85421
1123,21,0.84535
1124,21,0.80828
1125,21,0.82440
1126,21,0.84857
1127,21,0.82440
1128,21,0.82440
1129,21,0.82440
1130,21,0.82440
1131,21,0.82440
1132,21,0.81311
1133,21,0.81150
1134,21,0.80103
1135,21,0.82440
1136,21,0.82440
1137,21,0.80505
1138,21,0.82117
1139,21,0.79861
1140,21,0.81473
1141,22,0.81070
1142,22,0.76557
1143,22,0.78168
1144,22,0.79861
1145,22,0.78813
1146,22,0.75832
1147,22,0.76476
1148,22,0.77121
1149,22,0.75993
1150,22,0.73817
1151,22,0.73172
1152,22,0.76637
1153,22,0.74381
1154,22,0.74059
1155,22,0.73817
1156,22,0.73092
1157,22,0.72769
1158,22,0.71641
1159,22,0.71722
1160,22,0.71158
1161,22,0.70835
1162,22,0.68901
1163,22,0.70190
1164,22,0.68901
1165,22,0.65678
1166,22,0.68901
1167,22,0.69223
1168,22,0.68256
1169,22,0.65678
1170,22,0.69949
1171,22,0.66000
1172,22,0.66967
1173,22,0.65436
1174,22,0.60520
1175,22,0.65033
1176,22,0.65355
1177,22,0.63744
1178,22,0.63905
1179,22,0.61810
1180,22,0.60359
1181,22,0.61810
1182,22,0.61810
1183,22,0.61810
1184,22,0.59231
1185,22,0.59875
1186,22,0.61487
1187,22,0.61729
1188,22,0.61810
1189,22,0.59231
1190,22,0.59875
1191,22,0.56007
1192,22,0.58586
1193,22,0.58586
1194,22,0.61326
1195,22,0.57619
1196,22,0.56652
1197,22,0.55363
1198,22,0.57297
1199,22,0.58586
1200,22,0.55927
1201,22,0.54637
1202,22,0.51495
1203,22,0.53751
1204,22,0.53429
1205,22,0.53106
1206,22,0.52462
1207,22,0.53751
1208,22,0.51495
1209,22,0.48755
1210,22,0.51253
1211,22,0.50850
1212,22,0.52381
1213,22,0.48916
1214,22,0.49560
1215,22,0.50850
1216,22,0.46337
1217,23,0.48755
1218,23,0.46337
1219,23,0.41179
1220,23,0.48755
1221,23,0.47465
1222,23,0.45692
1223,23,0.45048
1224,23,0.45692
1225,23,0.44403
1226,23,0.44403
1227,23,0.41179
1228,23,0.46015
1229,23,0.41179
1230,23,0.41179
1231,23,0.41179
1232,23,0.44403
1233,23,0.40293
1234,23,0.41179
1235,23,0.41018
1236,23,0.40212
1237,23,0.38601
1238,23,0.39487
1239,23,0.37311
1240,23,0.38601
1241,23,0.40374
1242,23,0.37714
1243,23,0.37150
1244,23,0.38601
1245,23,0.35941
1246,23,0.37311
1247,23,0.38359
1248,23,0.34571
1249,23,0.37311
1250,23,0.36908
1251,23,0.32799
1252,23,0.32154
1253,23,0.35136
1254,23,0.32557
1255,23,0.25626
1256,23,0.32154
1257,23,0.30462
1258,23,0.30864
1259,23,0.28850
1260,23,0.28930
1261,23,0.30381
1262,23,0.28930
1263,23,0.29575
1264,23,0.25707
1265,23,0.28125
1266,23,0.26352
1267,23,0.28930
1268,23,0.26996
1269,23,0.25707
1270,23,0.26996
1271,23,0.26835
1272,23,0.26835
1273,23,0.19663
1274,23,0.25385
1275,23,0.23773
1276,23,0.25062
1277,23,0.24095
1278,23,0.20549
1279,23,0.20549
1280,23,0.23128
1281,23,0.22484
1282,23,0.20549
1283,23,0.24418
1284,23,0.20549
1285,23,0.19905
1286,23,0.18454
1287,23,0.20549
1288,23,0.18938
1289,23,0.20227
1290,23,0.17971
1291,23,0.18615
1292,23,0.18938
1293,24,0.17971
1294,24,0.17326
1295,24,0.17084
1296,24,0.17971
1297,24,0.17165
1298,24,0.15392
1299,24,0.17326
1300,24,0.13780
1301,24,0.16037
1302,24,0.18615
1303,24,0.15150
1304,24,0.12088
1305,24,0.14505
1306,24,0.13458
1307,24,0.14103
1308,24,0.17004
1309,24,0.15311
1310,24,0.12813
1311,24,0.13780
1312,24,0.13458
1313,24,0.12813
1314,24,0.09590
1315,24,0.10234
1316,24,0.13941
1317,24,0.07656
1318,24,0.08864
1319,24,0.05722
1320,24,0.09509
1321,24,0.10154
1322,24,0.09590
1323,24,0.09429
1324,24,0.05077
1325,24,0.05077
1326,24,0.08945
1327,24,0.08300
1328,24,0.09509
1329,24,0.09590
1330,24,0.07253
1331,24,0.07656
1332,24,0.12168
1333,24,0.07656
1334,24,0.06366
1335,24,0.06044
1336,24,0.07414
1337,24,0.07656
1338,24,0.06205
1339,24,0.06366
1340,24,0.02498
1341,24,0.02498
1342,24,0.06366
1343,24,0.05077
1344,24,0.04432
1345,24,0.04916
1346,24,0.02498
1347,24,0.04432
1348,24,0.06366
1349,24,0.06366
1350,24,0.07656
1351,24,0.00886
1352,24,0.02498
1353,24,0.04352
1354,24,0.01692
1355,24,0.01612
1356,24,0.02498
1357,24,0.02176
1358,24,0.07333
1359,24,0.02337
1360,24,0.02337
1361,24,0.02176
1362,24,0.05077
1363,24,0.01853
1364,24,0.00000
1365,24,0.01853
1366,24,0.01209
1367,25,0.01773
1368,25,0.02498
1369,25,0.00564
1370,25,0.00000
1371,25,0.00564
1372,25,0.00564
1373,25,0.00886
1374,25,0.03143
1375,25,0.00000
1376,25,0.00242
1377,25,0.02498
1378,25,0.00484
1379,25,0.00403
1380,25,0.01209
1381,25,0.01128
1382,25,0.00886
1383,25,0.00161
1384,25,0.00161
1385,25,0.00322
1386,25,0.00564
1387,25,0.00000
1388,25,0.03465
1389,25,0.01209
1390,25,0.01209
1391,25,0.00000
1392,25,0.06044
1393,25,0.00000
1394,25,0.00000
1395,25,0.00886
1396,25,0.00081
1397,25,0.01612
1398,25,0.00161
1399,25,0.00242
1400,25,0.00000
1401,25,0.00000
1402,25,0.01853
1403,25,0.00564
1404,25,0.00000
1405,25,0.00000
1406,25,0.00242
1407,25,0.00564
1408,25,0.00000
1409,25,0.02498
1410,25,0.00000
1411,25,0.00081
1412,25,0.00000
1413,25,0.00000
1414,25,0.00000
1415,25,0.00000
1416,25,0.00000
1417,25,0.00484
1418,25,0.00564
1419,25,0.00000
1420,25,0.00564
1421,25,0.00403
1422,25,0.00000
1423,25,0.00242
1424,25,0.00000
1425,25,0.00564
1426,25,0.00000
1427,25,0.01048
1428,25,0.02176
1429,25,0.00484
1430,25,0.03788
1431,25,0.00886
1432,25,0.01773
1433,25,0.06286
1434,25,0.02418
1435,25,0.01692
1436,25,0.03143
1437,25,0.02176
1438,25,0.03788
1439,25,0.01048
1440,25,0.03143
1441,25,0.02498
1442,25,0.05077
1443,25,0.03465
1444,26,0.01209
1445,26,0.01853
1446,26,0.05077
1447,26,0.05077
1448,26,0.00000
1449,26,0.03788
1450,26,0.03788
1451,26,0.03788
1452,26,0.06286
1453,26,0.08220
1454,26,0.03788
1455,26,0.04996
1456,26,0.07414
1457,26,0.05077
1458,26,0.05077
1459,26,0.05077
1460,26,0.05722
1461,26,0.05077
1462,26,0.06366
1463,26,0.05077
1464,26,0.04190
1465,26,0.06366
1466,26,0.04916
1467,26,0.07575
1468,26,0.08300
1469,26,0.06366
1470,26,0.07656
1471,26,0.08300
1472,26,0.08864
1473,26,0.10234
1474,26,0.08945
1475,26,0.10234
1476,26,0.10234
1477,26,0.10073
1478,26,0.08945
1479,26,0.09590
1480,26,0.10234
1481,26,0.08945
1482,26,0.10234
1483,26,0.10234
1484,26,0.12410
1485,26,0.10234
1486,26,0.12007
1487,26,0.15392
1488,26,0.11524
1489,26,0.10154
1490,26,0.08945
1491,26,0.13377
1492,26,0.16681
1493,26,0.13780
1494,26,0.15311
1495,26,0.14747
1496,26,0.14747
1497,26,0.15392
1498,26,0.12168
1499,26,0.17165
1500,26,0.15392
1501,26,0.14103
1502,26,0.15392
1503,26,0.15392
1504,26,0.17971
1505,26,0.17971
1506,26,0.17971
1507,26,0.19824
1508,26,0.17971
1509,26,0.19905
1510,26,0.18938
1511,26,0.20469
1512,26,0.20227
1513,26,0.24418
1514,26,0.19663
1515,26,0.20549
1516,26,0.20549
1517,26,0.18615
1518,26,0.26996
1519,26,0.20549
1520,27,0.23128
1521,27,0.22484
1522,27,0.23128
1523,27,0.24418
1524,27,0.23128
1525,27,0.25062
1526,27,0.24256
1527,27,0.24982
1528,27,0.26996
1529,27,0.25707
1530,27,0.25546
1531,27,0.26835
1532,27,0.25062
1533,27,0.26996
1534,27,0.27641
1535,27,0.28205
1536,27,0.28286
1537,27,0.29575
1538,27,0.29575
1539,27,0.26835
1540,27,0.30059
1541,27,0.30381
1542,27,0.31912
1543,27,0.30864
1544,27,0.29575
1545,27,0.32154
1546,27,0.32799
1547,27,0.32718
1548,27,0.33201
1549,27,0.33121
1550,27,0.34088
1551,27,0.33443
1552,27,0.39568
1553,27,0.35377
1554,27,0.35377
1555,27,0.36667
1556,27,0.37070
1557,27,0.36667
1558,27,0.37150
1559,27,0.37231
1560,27,0.36022
1561,27,0.38440
1562,27,0.38198
1563,27,0.39245
1564,27,0.39648
1565,27,0.39890
1566,27,0.40454
1567,27,0.39245
1568,27,0.41179
1569,27,0.41179
1570,27,0.44242
1571,27,0.40696
1572,27,0.41179
1573,27,0.41179
1574,27,0.41179
1575,27,0.45612
1576,27,0.41179
1577,27,0.45612
1578,27,0.45612
1579,27,0.46901
1580,27,0.46256
1581,27,0.46337
1582,27,0.48271
1583,27,0.41179
1584,27,0.48916
1585,27,0.47304
1586,27,0.48029
1587,27,0.48916
1588,27,0.48674
1589,27,0.49722
1590,27,0.48271
1591,27,0.55363
1592,27,0.51333
1593,27,0.50527
1594,27,0.51495
1595,27,0.52623
1596,28,0.52784
1597,28,0.54476
1598,28,0.54073
1599,28,0.56652
1600,28,0.56330
1601,28,0.54718
1602,28,0.54718
1603,28,0.57941
1604,28,0.56491
1605,28,0.59875
1606,28,0.57216
1607,28,0.58908
1608,28,0.57297
1609,28,0.59070
1610,28,0.59231
1611,28,0.59231
1612,28,0.60359
1613,28,0.59875
1614,28,0.60278
1615,28,0.61165
1616,28,0.61810
1617,28,0.61729
1618,28,0.61810
1619,28,0.64872
1620,28,0.65678
1621,28,0.63582
1622,28,0.63744
1623,28,0.66645
1624,28,0.65033
1625,28,0.64388
1626,28,0.66322
1627,28,0.65597
1628,28,0.67853
1629,28,0.67612
1630,28,0.70432
1631,28,0.65678
1632,28,0.65516
1633,28,0.68740
1634,28,0.68256
1635,28,0.68901
1636,28,0.71480
1637,28,0.67612
1638,28,0.73414
1639,28,0.70674
1640,28,0.71158
1641,28,0.71238
1642,28,0.72125
1643,28,0.72125
1644,28,0.70674
1645,28,0.73333
1646,28,0.73414
1647,28,0.76799
1648,28,0.74703
1649,28,0.70835
1650,28,0.75267
1651,28,0.79458
1652,28,0.77685
1653,28,0.76637
1654,28,0.74703
1655,28,0.78974
1656,28,0.76637
1657,28,0.80183
1658,28,0.78571
1659,28,0.78410
1660,28,0.78168
1661,28,0.76799
1662,28,0.82440
1663,28,0.77685
1664,28,0.79377
1665,28,0.80747
1666,28,0.80989
1667,28,0.82198
1668,28,0.82359
1669,28,0.81795
1670,29,0.81473
1671,29,0.82440
1672,29,0.82037
1673,29,0.82440
1674,29,0.85018
1675,29,0.82359
1676,29,0.87516
1677,29,0.84374
1678,29,0.85018
1679,29,0.82198
1680,29,0.86711
1681,29,0.84374
1682,29,0.85018
1683,29,0.85582
1684,29,0.86872
1685,29,0.87275
1686,29,0.86872
1687,29,0.87597
1688,29,0.88161
1689,29,0.87597
1690,29,0.87516
1691,29,0.85018
1692,29,0.82440
1693,29,0.90176
1694,29,0.89370
1695,29,0.89289
1696,29,0.90659
1697,29,0.91062
1698,29,0.87597
1699,29,0.92755
1700,29,0.91304
1701,29,0.91143
1702,29,0.92271
1703,29,0.91223
1704,29,0.92352
1705,29,0.91868
1706,29,0.92513
1707,29,0.93560
1708,29,0.92432
1709,29,0.92755
1710,29,0.93560
1711,29,0.94608
1712,29,0.92755
1713,29,0.95817
1714,29,0.94689
1715,29,0.91868
1716,29,0.96864
1717,29,0.94930
1718,29,0.96139
1719,29,0.95172
1720,29,0.97912
1721,29,0.95978
1722,29,0.97267
1723,29,0.99201
1724,29,0.96864
1725,29,0.97832
1726,29,0.96300
1727,29,0.95978
1728,29,0.98879
1729,29,0.95333
1730,29,1.01780
1731,29,0.97912
1732,29,0.96623
1733,29,0.98476
1734,29,1.01136
1735,29,0.96864
1736,29,0.90821
1737,29,0.95817
1738,29,0.98799
1739,29,0.98718
1740,29,1.00007
1741,29,0.98718
1742,29,0.97267
1743,29,1.00168
1744,29,0.97267
1745,29,1.01297
1746,29,1.00168
1747,30,0.97590
1748,30,0.99121
1749,30,0.97429
1750,30,1.00088
1751,30,1.00894
1752,30,0.98799
1753,30,1.00330
1754,30,1.01780
1755,30,1.06535
1756,30,1.00974
1757,30,1.00491
1758,30,1.00168
1759,30,1.00007
1760,30,1.01297
1761,30,1.00813
1762,30,1.01458
1763,30,1.00813
1764,30,1.01458
1765,30,1.01458
1766,30,1.03070
1767,30,1.01458
1768,30,1.02586
1769,30,1.00330
1770,30,1.01136
1771,30,1.00974
1772,30,1.01941
1773,30,1.01136
1774,30,1.01780
1775,30,1.01619
1776,30,1.04278
1777,30,1.02183
1778,30,1.02747
1779,30,1.01780
1780,30,1.00894
1781,30,1.01780
1782,30,1.01861
1783,30,1.01780
1784,30,0.99040
1785,30,0.98557
1786,30,1.01136
1787,30,1.01377
1788,30,1.01458
1789,30,1.00491
1790,30,1.02747
1791,30,1.00491
1792,30,1.00813
1793,30,1.02425
1794,30,1.00491
1795,30,1.00491
1796,30,1.01619
1797,30,1.01377
1798,30,1.01458
1799,30,0.98396
1800,30,1.02264
1801,30,1.01297
1802,30,1.00168
1803,30,1.02667
1804,30,1.00733
1805,30,1.02828
1806,30,0.99201
1807,30,0.99846
1808,30,1.00410
1809,30,0.98234
1810,30,0.96623
1811,30,1.02183
1812,30,0.97590
1813,30,0.95978
1814,30,1.00330
1815,30,0.99443
1816,30,1.00733
1817,30,1.03070
1818,30,1.00168
1819,30,0.98960
1820,30,1.00249
1821,30,1.00168
1822,30,0.99040
1823,31,0.97429
1824,31,0.97751
1825,31,0.98799
1826,31,0.96864
1827,31,0.97751
1828,31,0.97912
1829,31,0.96139
1830,31,0.94447
1831,31,0.97267
1832,31,0.99846
1833,31,0.97509
1834,31,0.98799
1835,31,0.94366
1836,31,0.97832
1837,31,0.95978
1838,31,0.95897
1839,31,0.95978
1840,31,0.95172
1841,31,0.94850
1842,31,0.96300
1843,31,0.92432
1844,31,0.95897
1845,31,0.94205
1846,31,0.93883
1847,31,0.95011
1848,31,0.90095
1849,31,0.92755
1850,31,0.93399
1851,31,0.92755
1852,31,0.88806
1853,31,0.91385
1854,31,0.91465
1855,31,0.94930
1856,31,0.91143
1857,31,0.89692
1858,31,0.92110
1859,31,0.90740
1860,31,0.92755
1861,31,0.87597
1862,31,0.90015
1863,31,0.89451
1864,31,0.90176
1865,31,0.89451
1866,31,0.89451
1867,31,0.88645
1868,31,0.88886
1869,31,0.88886
1870,31,0.87597
1871,31,0.89128
1872,31,0.86952
1873,31,0.86630
1874,31,0.86308
1875,31,0.86711
1876,31,0.85018
1877,31,0.84535
1878,31,0.84374
1879,31,0.85502
1880,31,0.84696
1881,31,0.84938
1882,31,0.81473
1883,31,0.85018
1884,31,0.84374
1885,31,0.82440
1886,31,0.81956
1887,31,0.82440
1888,31,0.82440
1889,31,0.81473
1890,31,0.81634
1891,31,0.82440
1892,31,0.80747
1893,31,0.79861
1894,31,0.80747
1895,31,0.78571
1896,31,0.78249
1897,31,0.76234
1898,31,0.78894
1899,32,0.78168
1900,32,0.78249
1901,32,0.75348
1902,32,0.77040
1903,32,0.78249
1904,32,0.75993
1905,32,0.79055
1906,32,0.76315
1907,32,0.75993
1908,32,0.75348
1909,32,0.78330
1910,32,0.74059
1911,32,0.73414
1912,32,0.71480
1913,32,0.72125
1914,32,0.73414
1915,32,0.71722
1916,32,0.72769
1917,32,0.72125
1918,32,0.71480
1919,32,0.71399
1920,32,0.70190
1921,32,0.69465
1922,32,0.72044
1923,32,0.72125
1924,32,0.72125
1925,32,0.68256
1926,32,0.68095
1927,32,0.63985
1928,32,0.61810
1929,32,0.69949
1930,32,0.65678
1931,32,0.66886
1932,32,0.64952
1933,32,0.64388
1934,32,0.65516
1935,32,0.63744
1936,32,0.59231
1937,32,0.64388
1938,32,0.63582
1939,32,0.61810
1940,32,0.59634
1941,32,0.60923
1942,32,0.61810
1943,32,0.60842
1944,32,0.61165
1945,32,0.60198
1946,32,0.61165
1947,32,0.59150
1948,32,0.59231
1949,32,0.61810
1950,32,0.58586
1951,32,0.48835
1952,32,0.57941
1953,32,0.57941
1954,32,0.56652
1955,32,0.56652
1956,32,0.56652
1957,32,0.55685
1958,32,0.55040
1959,32,0.54879
1960,32,0.54073
1961,32,0.53912
1962,32,0.54718
1963,32,0.52784
1964,32,0.55363
1965,32,0.51495
1966,32,0.51495
1967,32,0.50850
1968,32,0.50527
1969,32,0.50205
1970,32,0.50689
1971,32,0.48513
1972,32,0.48755
1973,33,0.46337
1974,33,0.47626
1975,33,0.47949
1976,33,0.46337
1977,33,0.46337
1978,33,0.46337
1979,33,0.48755
1980,33,0.47626
1981,33,0.46337
1982,33,0.44403
1983,33,0.41179
1984,33,0.41179
1985,33,0.45692
1986,33,0.45451
1987,33,0.41179
1988,33,0.41179
1989,33,0.45934
1990,33,0.41179
1991,33,0.41179
1992,33,0.40777
1993,33,0.49560
1994,33,0.41179
1995,33,0.39890
1996,33,0.38601
1997,33,0.38198
1998,33,0.37956
1999,33,0.40857
2000,33,0.41179
2001,33,0.36022
2002,33,0.37875
2003,33,0.35377
2004,33,0.33443
2005,33,0.38601
2006,33,0.35055
2007,33,0.34733
2008,33,0.34330
2009,33,0.32154
2010,33,0.32799
2011,33,0.25707
2012,33,0.32718
2013,33,0.31832
2014,33,0.30864
2015,33,0.28930
2016,33,0.30864
2017,33,0.30864
2018,33,0.30864
2019,33,0.30220
2020,33,0.29575
2021,33,0.29575
2022,33,0.29575
2023,33,0.28930
2024,33,0.26593
2025,33,0.22484
2026,33,0.25385
2027,33,0.28850
2028,33,0.23128
2029,33,0.25707
2030,33,0.24982
2031,33,0.23128
2032,33,0.25626
2033,33,0.27319
2034,33,0.24418
2035,33,0.25062
2036,33,0.23773
2037,33,0.23773
2038,33,0.22484
2039,33,0.27641
2040,33,0.22806
2041,33,0.20549
2042,33,0.12813
2043,33,0.20227
2044,33,0.20549
2045,33,0.18454
2046,33,0.16520
2047,33,0.19260
2048,33,0.18535
2049,34,0.18615
2050,34,0.18615
2051,34,0.14103
2052,34,0.17648
2053,34,0.17810
2054,34,0.20388
2055,34,0.19099
2056,34,0.13377
2057,34,0.13458
2058,34,0.20549
2059,34,0.13458
2060,34,0.15392
2061,34,0.12813
2062,34,0.12088
2063,34,0.14908
2064,34,0.14103
2065,34,0.13458
2066,34,0.13458
2067,34,0.12813
2068,34,0.12813
2069,34,0.12168
2070,34,0.11524
2071,34,0.08623
2072,34,0.10234
2073,34,0.10234
2074,34,0.10234
2075,34,0.10234
2076,34,0.08945
2077,34,0.10234
2078,34,0.08945
2079,34,0.10234
2080,34,0.10234
2081,34,0.09348
2082,34,0.08945
2083,34,0.07656
2084,34,0.10234
2085,34,0.08623
2086,34,0.05077
2087,34,0.07656
2088,34,0.07656
2089,34,0.04110
2090,34,0.07656
2091,34,0.05077
2092,34,0.07656
2093,34,0.07656
2094,34,0.06205
2095,34,0.05077
2096,34,0.06930
2097,34,0.05077
2098,34,0.07656
2099,34,0.07333
2100,34,0.05077
2101,34,0.04190
2102,34,0.08300
2103,34,0.05077
2104,34,0.05722
2105,34,0.08300
2106,34,0.06205
2107,34,0.03788
2108,34,0.04432
2109,34,0.03465
2110,34,0.03143
2111,34,0.03788
2112,34,0.02498
2113,34,0.00000
2114,34,0.02498
2115,34,0.02498
2116,34,0.01209
2117,34,0.03143
2118,34,0.00403
2119,34,0.02337
2120,34,0.02176
2121,34,0.00000
2122,34,0.01209
2123,34,0.01773
2124,35,0.00081
2125,35,0.00000
2126,35,0.01853
2127,35,0.00000
2128,35,0.00564
2129,35,0.00564
2130,35,0.00000
2131,35,0.00081
2132,35,0.01209
2133,35,0.00564
2134,35,0.00161
2135,35,0.00000
2136,35,0.00242
2137,35,0.00000
2138,35,0.00242
2139,35,0.00000
2140,35,0.00000
2141,35,0.00000
2142,35,0.00000
2143,35,0.02498
2144,35,0.00000
2145,35,0.00000
2146,35,0.01853
2147,35,0.00000
2148,35,0.00000
2149,35,0.00000
2150,35,0.01853
2151,35,0.00242
2152,35,0.02498
2153,35,0.00242
2154,35,0.00000
2155,35,0.01209
2156,35,0.00000
2157,35,0.00403
2158,35,0.00000
2159,35,0.00000
2160,35,0.00000
2161,35,0.00000
2162,35,0.00000
2163,35,0.00000
2164,35,0.00000
2165,35,0.00000
2166,35,0.00000
2167,35,0.00000
2168,35,0.01209
2169,35,0.00000
2170,35,0.00161
2171,35,0.01209
2172,35,0.00000
2173,35,0.00000
2174,35,0.00000
2175,35,0.00564
2176,35,0.00000
2177,35,0.00886
2178,35,0.00000
2179,35,0.00242
2180,35,0.00564
2181,35,0.03788
2182,35,0.00564
2183,35,0.01209
2184,35,0.00000
2185,35,0.01209
2186,35,0.00000
2187,35,0.01853
2188,35,0.00000
2189,35,0.01128
2190,35,0.01853
2191,35,0.01128
2192,35,0.01773
2193,35,0.04755
2194,35,0.04755
2195,35,0.01128
2196,35,0.02498
2197,35,0.02498
2198,36,0.03143
2199,36,0.03143
2200,36,0.01209
2201,36,0.03546
2202,36,0.02498
2203,36,0.04352
2204,36,0.05722
2205,36,0.00000
2206,36,0.01209
2207,36,0.04755
2208,36,0.04432
2209,36,0.06044
2210,36,0.05077
2211,36,0.04835
2212,36,0.05077
2213,36,0.05077
2214,36,0.05077
2215,36,0.05722
2216,36,0.05722
2217,36,0.06366
2218,36,0.07011
2219,36,0.07011
2220,36,0.07011
2221,36,0.01853
2222,36,0.08139
2223,36,0.06850
2224,36,0.09590
2225,36,0.05077
2226,36,0.07656
2227,36,0.07414
2228,36,0.08300
2229,36,0.10234
2230,36,0.09348
2231,36,0.11524
2232,36,0.10234
2233,36,0.09912
2234,36,0.09509
2235,36,0.08864
2236,36,0.08623
2237,36,0.10234
2238,36,0.10234
2239,36,0.12813
2240,36,0.12168
2241,36,0.12168
2242,36,0.12571
2243,36,0.12491
2244,36,0.12410
2245,36,0.12813
2246,36,0.15392
2247,36,0.13458
2248,36,0.11524
2249,36,0.12652
2250,36,0.14747
2251,36,0.13941
2252,36,0.17729
2253,36,0.15392
2254,36,0.18615
2255,36,0.14747
2256,36,0.16037
2257,36,0.17326
2258,36,0.16037
2259,36,0.16359
2260,36,0.19905
2261,36,0.15392
2262,36,0.20549
2263,36,0.19905
2264,36,0.16681
2265,36,0.19663
2266,36,0.20549
2267,36,0.20549
2268,36,0.20549
2269,36,0.23773
2270,36,0.20227
2271,36,0.20549
2272,36,0.22484
2273,36,0.22484
2274,36,0.20549
2275,37,0.20549
2276,37,0.24418
2277,37,0.20549
2278,37,0.25626
2279,37,0.24418
2280,37,0.25707
2281,37,0.25707
2282,37,0.25707
2283,37,0.26916
2284,37,0.25707
2285,37,0.25707
2286,37,0.27963
2287,37,0.28689
2288,37,0.27641
2289,37,0.28286
2290,37,0.28286
2291,37,0.28930
2292,37,0.29495
2293,37,0.29978
2294,37,0.32154
2295,37,0.29253
2296,37,0.30139
2297,37,0.32799
2298,37,0.30864
2299,37,0.32154
2300,37,0.30864
2301,37,0.33443
2302,37,0.35377
2303,37,0.33443
2304,37,0.34330
2305,37,0.34088
2306,37,0.35297
2307,37,0.35700
2308,37,0.35700
2309,37,0.37311
2310,37,0.36022
2311,37,0.38601
2312,37,0.36989
2313,37,0.38278
2314,37,0.37875
2315,37,0.36667
2316,37,0.38440
2317,37,0.37634
2318,37,0.37311
2319,37,0.39810
2320,37,0.39487
2321,37,0.40857
2322,37,0.41179
2323,37,0.41179
2324,37,0.38278
2325,37,0.41179
2326,37,0.41179
2327,37,0.40857
2328,37,0.41179
2329,37,0.45853
2330,37,0.43758
2331,37,0.41179
2332,37,0.45048
2333,37,0.41179
2334,37,0.47626
2335,37,0.41179
2336,37,0.52784
2337,37,0.49883
2338,37,0.48029
2339,37,0.48593
2340,37,0.52462
2341,37,0.51495
2342,37,0.49883
2343,37,0.48916
2344,37,0.50850
2345,37,0.51253
2346,37,0.51495
2347,37,0.51495
2348,37,0.52623
2349,38,0.50850
2350,38,0.56007
2351,38,0.53429
2352,38,0.51495
2353,38,0.51495
2354,38,0.53429
2355,38,0.58747
2356,38,0.53187
2357,38,0.56491
2358,38,0.55121
2359,38,0.55363
2360,38,0.57861
2361,38,0.56652
2362,38,0.58505
2363,38,0.58505
2364,38,0.59070
2365,38,0.58989
2366,38,0.60198
2367,38,0.59553
2368,38,0.61165
2369,38,0.60520
2370,38,0.61810
2371,38,0.61568
2372,38,0.64066
2373,38,0.63421
2374,38,0.61810
2375,38,0.64388
2376,38,0.63744
2377,38,0.63905
2378,38,0.65678
2379,38,0.65678
2380,38,0.68579
2381,38,0.65355
2382,38,0.66967
2383,38,0.66322
2384,38,0.66725
2385,38,0.69546
2386,38,0.68176
2387,38,0.68901
2388,38,0.68901
2389,38,0.68901
2390,38,0.69546
2391,38,0.70190
2392,38,0.70513
2393,38,0.71641
2394,38,0.71158
2395,38,0.66242
2396,38,0.71480
2397,38,0.71963
2398,38,0.70593
2399,38,0.74059
2400,38,0.76799
2401,38,0.74703
2402,38,0.74462
2403,38,0.70835
2404,38,0.74542
2405,38,0.73817
2406,38,0.75832
2407,38,0.70029
2408,38,0.74703
2409,38,0.78894
2410,38,0.76476
2411,38,0.78491
2412,38,0.77282
2413,38,0.80264
2414,38,0.78571
2415,38,0.81392
2416,38,0.78894
2417,38,0.79538
2418,38,0.79861
2419,38,0.82440
2420,38,0.77282
2421,38,0.81392
2422,38,0.81795
2423,38,0.84374
2424,38,0.85018
2425,39,0.82440
2426,39,0.82440
2427,39,0.79861
2428,39,0.87194
2429,39,0.82440
2430,39,0.82440
2431,39,0.86308
2432,39,0.86549
2433,39,0.85663
2434,39,0.85502
2435,39,0.86791
2436,39,0.85985
2437,39,0.88645
2438,39,0.89209
2439,39,0.86952
2440,39,0.87275
2441,39,0.87597
2442,39,0.87597
2443,39,0.88000
2444,39,0.88725
2445,39,0.88886
2446,39,0.89128
2447,39,0.90982
2448,39,0.88000
2449,39,0.90659
2450,39,0.89934
2451,39,0.90821
2452,39,0.91788
2453,39,0.90659
2454,39,0.89531
2455,39,0.89531
2456,39,0.92755
2457,39,0.92674
2458,39,0.92271
2459,39,0.91788
2460,39,0.90821
2461,39,0.90821
2462,39,0.88886
2463,39,0.96623
2464,39,0.93641
2465,39,0.92755
2466,39,0.95333
2467,39,0.92755
2468,39,0.95011
2469,39,0.92755
2470,39,0.97751
2471,39,0.95092
2472,39,0.96139
2473,39,0.95978
2474,39,0.96462
2475,39,0.95897
2476,39,0.93641
2477,39,0.93641
2478,39,0.96864
2479,39,0.96864
2480,39,0.95333
2481,39,0.95333
2482,39,0.98396
2483,39,1.00491
2484,39,1.00491
2485,39,0.97106
2486,39,0.96139
2487,39,0.98476
2488,39,0.97590
2489,39,0.99604
2490,39,0.97912
2491,39,0.95333
2492,39,1.00491
2493,39,0.98879
2494,39,0.96623
2495,39,0.99201
2496,39,0.98476
2497,39,1.01458
2498,39,0.99443
2499,39,0.99685
2500,39,0.98879
2501,39,1.00330
2502,40,1.00894
2503,40,0.99846
2504,40,1.00088
2505,40,1.00733
2506,40,1.00330
2507,40,1.00330
2508,40,1.01136
2509,40,1.00168
2510,40,1.00813
2511,40,1.01619
2512,40,1.00330
2513,40,1.01377
2514,40,1.01700
2515,40,1.01055
2516,40,1.00894
2517,40,1.02505
2518,40,1.00894
2519,40,1.00974
2520,40,1.01136
2521,40,1.00813
2522,40,1.02183
2523,40,1.00007
2524,40,0.97590
2525,40,1.02103
2526,40,1.01136
2527,40,1.01136
2528,40,1.03070
2529,40,1.01377
2530,40,0.98557
2531,40,1.05245
2532,40,0.92674
2533,40,1.00894
2534,40,1.00813
2535,40,1.03070
2536,40,1.01538
2537,40,1.01780
2538,40,1.04359
2539,40,1.02264
2540,40,1.00249
2541,40,1.01619
2542,40,1.00733
2543,40,1.01297
2544,40,1.02022
2545,40,0.99524
2546,40,1.00894
2547,40,1.05648
2548,40,1.04359
2549,40,1.03070
2550,40,1.00491
2551,40,1.00491
2552,40,1.00491
2553,40,1.00813
2554,40,1.00894
2555,40,0.99201
2556,40,1.00813
2557,40,1.00007
2558,40,0.99201
2559,40,1.00491
2560,40,0.99685
2561,40,0.99363
2562,40,1.02505
2563,40,1.06293
2564,40,0.98234
2565,40,1.00168
2566,40,1.00330
2567,40,0.99201
2568,40,0.98396
2569,40,1.02425
2570,40,1.00007
2571,40,1.01136
2572,40,0.99604
2573,40,0.98879
2574,40,0.96864
2575,40,0.97912
2576,40,0.99201
2577,40,0.97026
2578,41,1.01941
2579,41,0.97751
2580,41,0.97670
2581,41,0.98476
2582,41,0.97832
2583,41,0.96864
2584,41,0.94044
2585,41,0.98799
2586,41,0.96784
2587,41,0.99524
2588,41,0.98879
2589,41,0.98476
2590,41,0.96381
2591,41,0.96220
2592,41,0.96945
2593,41,0.95897
2594,41,0.95172
2595,41,0.95333
2596,41,0.96462
2597,41,0.98315
2598,41,0.95333
2599,41,0.94689
2600,41,0.94689
2601,41,0.94447
2602,41,0.94044
2603,41,0.95011
2604,41,0.88886
2605,41,0.92755
2606,41,0.93399
2607,41,0.91465
2608,41,0.92755
2609,41,0.91465
2610,41,0.96300
2611,41,0.92110
2612,41,0.91304
2613,41,0.91788
2614,41,0.91465
2615,41,0.90176
2616,41,0.90015
2617,41,0.91707
2618,41,0.90176
2619,41,0.90015
2620,41,0.90015
2621,41,0.90015
2622,41,0.88806
2623,41,0.85018
2624,41,0.87597
2625,41,0.87516
2626,41,0.86711
2627,41,0.90176
2628,41,0.90821
2629,41,0.87597
2630,41,0.87275
2631,41,0.86227
2632,41,0.82440
2633,41,0.82440
2634,41,0.85985
2635,41,0.85018
2636,41,0.84293
2637,41,0.82440
2638,41,0.82440
2639,41,0.84374
2640,41,0.82440
2641,41,0.85018
2642,41,0.81795
2643,41,0.79377
2644,41,0.82278
2645,41,0.81634
2646,41,0.80747
2647,41,0.80183
2648,41,0.79861
2649,41,0.80505
2650,41,0.79619
2651,41,0.81150
2652,42,0.79861
2653,42,0.80344
2654,42,0.78974
2655,42,0.80264
2656,42,0.75106
2657,42,0.77685
2658,42,0.77282
2659,42,0.75590
2660,42,0.74703
2661,42,0.74462
2662,42,0.70029
2663,42,0.74462
2664,42,0.75267
2665,42,0.75187
2666,42,0.73253
2667,42,0.73414
2668,42,0.73011
2669,42,0.72930
2670,42,0.72769
2671,42,0.65516
2672,42,0.71802
2673,42,0.71238
2674,42,0.73172
2675,42,0.68095
2676,42,0.70513
2677,42,0.69546
2678,42,0.68901
2679,42,0.68901
2680,42,0.70674
2681,42,0.67451
2682,42,0.66322
2683,42,0.66322
2684,42,0.66967
2685,42,0.68176
2686,42,0.64388
2687,42,0.66322
2688,42,0.65678
2689,42,0.67612
2690,42,0.64388
2691,42,0.66322
2692,42,0.64388
2693,42,0.61810
2694,42,0.61810
2695,42,0.59875
2696,42,0.61729
2697,42,0.60520
2698,42,0.59231
2699,42,0.59150
2700,42,0.60198
2701,42,0.64388
2702,42,0.55363
2703,42,0.59231
2704,42,0.59714
2705,42,0.57941
2706,42,0.57941
2707,42,0.58344
2708,42,0.56330
2709,42,0.56491
2710,42,0.53267
2711,42,0.54073
2712,42,0.54476
2713,42,0.54718
2714,42,0.56330
2715,42,0.53912
2716,42,0.53429
2717,42,0.53106
2718,42,0.53267
2719,42,0.54073
2720,42,0.55201
2721,42,0.51495
2722,42,0.51253
2723,42,0.50608
2724,42,0.51495
2725,42,0.51495
2726,42,0.46337
2727,42,0.48916
2728,43,0.48029
2729,43,0.48916
2730,43,0.46337
2731,43,0.49560
2732,43,0.47626
2733,43,0.46982
2734,43,0.46337
2735,43,0.45934
2736,43,0.45451
2737,43,0.48916
2738,43,0.41179
2739,43,0.41179
2740,43,0.41179
2741,43,0.41179
2742,43,0.41179
2743,43,0.41179
2744,43,0.41179
2745,43,0.41179
2746,43,0.41179
2747,43,0.40777
2748,43,0.41179
2749,43,0.40857
2750,43,0.38359
2751,43,0.39004
2752,43,0.38359
2753,43,0.40535
2754,43,0.36989
2755,43,0.37875
2756,43,0.39568
2757,43,0.38278
2758,43,0.38601
2759,43,0.37311
2760,43,0.36989
2761,43,0.33443
2762,43,0.29495
2763,43,0.36022
2764,43,0.33443
2765,43,0.32637
2766,43,0.34410
2767,43,0.30864
2768,43,0.32154
2769,43,0.30864
2770,43,0.30864
2771,43,0.30623
2772,43,0.30462
2773,43,0.28930
2774,43,0.30220
2775,43,0.25707
2776,43,0.28850
2777,43,0.28286
2778,43,0.25304
2779,43,0.27641
2780,43,0.27641
2781,43,0.30220
2782,43,0.27641
2783,43,0.25707
2784,43,0.26996
2785,43,0.23128
2786,43,0.24418
2787,43,0.24337
2788,43,0.20549
2789,43,0.24095
2790,43,0.23128
2791,43,0.23128
2792,43,0.20549
2793,43,0.20549
2794,43,0.23128
2795,43,0.22484
2796,43,0.19905
2797,43,0.23128
2798,43,0.20227
2799,43,0.20549
2800,43,0.19905
2801,43,0.24982
2802,43,0.19179
2803,43,0.17971
2804,44,0.17971
2805,44,0.20549
2806,44,0.17165
2807,44,0.16359
2808,44,0.17971
2809,44,0.17326
2810,44,0.16681
2811,44,0.17084
2812,44,0.15392
2813,44,0.13941
2814,44,0.14667
2815,44,0.16037
2816,44,0.14908
2817,44,0.14747
2818,44,0.14505
2819,44,0.14022
2820,44,0.12813
2821,44,0.13780
2822,44,0.12813
2823,44,0.12813
2824,44,0.13458
2825,44,0.10234
2826,44,0.12733
2827,44,0.13700
2828,44,0.10234
2829,44,0.12813
2830,44,0.13780
2831,44,0.12733
2832,44,0.12491
2833,44,0.07656
2834,44,0.09590
2835,44,0.09590
2836,44,0.07011
2837,44,0.09590
2838,44,0.09590
2839,44,0.09590
2840,44,0.04432
2841,44,0.06205
2842,44,0.07333
2843,44,0.03143
2844,44,0.07656
2845,44,0.07011
2846,44,0.08300
2847,44,0.06769
2848,44,0.07656
2849,44,0.03465
2850,44,0.05077
2851,44,0.06366
2852,44,0.07656
2853,44,0.05722
2854,44,0.04755
2855,44,0.05077
2856,44,0.05077
2857,44,0.04432
2858,44,0.06850
2859,44,0.05077
2860,44,0.04674
2861,44,0.00000
2862,44,0.05077
2863,44,0.04916
2864,44,0.00484
2865,44,0.04432
2866,44,0.04190
2867,44,0.03788
2868,44,0.04432
2869,44,0.02498
2870,44,0.04674
2871,44,0.02498
2872,44,0.01853
2873,44,0.05077
2874,44,0.01209
2875,44,0.00000
2876,44,0.05077
2877,44,0.01853
2878,44,0.02498
2879,44,0.01853
2880,44,0.01209
2881,45,0.01209
2882,45,0.01853
2883,45,0.02418
2884,45,0.00000
2885,45,0.00564
2886,45,0.01209
2887,45,0.00000
2888,45,0.00564
2889,45,0.00484
2890,45,0.00000
2891,45,0.00322
2892,45,0.00564
2893,45,0.00322
2894,45,0.00484
2895,45,0.00161
2896,45,0.00242
2897,45,0.00000
2898,45,0.00000
2899,45,0.00242
2900,45,0.00161
2901,45,0.00886
2902,45,0.00161
2903,45,0.00000
2904,45,0.00242
2905,45,0.00000
2906,45,0.00000
2907,45,0.00081
2908,45,0.01209
2909,45,0.01853
2910,45,0.02498
2911,45,0.00000
2912,45,0.00000
2913,45,0.00242
2914,45,0.01048
2915,45,0.01128
2916,45,0.00242
2917,45,0.00242
2918,45,0.00000
2919,45,0.00000
2920,45,0.01209
2921,45,0.00081
2922,45,0.00000
2923,45,0.01773
2924,45,0.00081
2925,45,0.00000
2926,45,0.01773
2927,45,0.00000
2928,45,0.00000
2929,45,0.00000
2930,45,0.00000
2931,45,0.00000
2932,45,0.01853
2933,45,0.02176
2934,45,0.01209
2935,45,0.00484
2936,45,0.00322
2937,45,0.00000
2938,45,0.02498
2939,45,0.04190
2940,45,0.01773
2941,45,0.01048
2942,45,0.00564
2943,45,0.01612
2944,45,0.00564
2945,45,0.00242
2946,45,0.00242
2947,45,0.01209
2948,45,0.02418
2949,45,0.06044
2950,45,0.03626
2951,45,0.02337
2952,45,0.02498
2953,45,0.03546
2954,45,0.00564
2955,46,0.00403
2956,46,0.07575
2957,46,0.03143
2958,46,0.02176
2959,46,0.01773
2960,46,0.02498
2961,46,0.03788
2962,46,0.05722
2963,46,0.08623
2964,46,0.03626
2965,46,0.06366
2966,46,0.04674
2967,46,0.05077
2968,46,0.05077
2969,46,0.09832
2970,46,0.04271
2971,46,0.05077
2972,46,0.02498
2973,46,0.06044
2974,46,0.05077
2975,46,0.05722
2976,46,0.05077
2977,46,0.06930
2978,46,0.07011
2979,46,0.02498
2980,46,0.07656
2981,46,0.05722
2982,46,0.08945
2983,46,0.06850
2984,46,0.06205
2985,46,0.06044
2986,46,0.09590
2987,46,0.09509
2988,46,0.06930
2989,46,0.08945
2990,46,0.07656
2991,46,0.09429
2992,46,0.10234
2993,46,0.10234
2994,46,0.13458
2995,46,0.12088
2996,46,0.10234
2997,46,0.10234
2998,46,0.11524
2999,46,0.09267
3000,46,0.12813
3001,46,0.15392
3002,46,0.10234
3003,46,0.10234
3004,46,0.13377
3005,46,0.16681
3006,46,0.13458
3007,46,0.14103
3008,46,0.15392
3009,46,0.15070
3010,46,0.17326
3011,46,0.16681
3012,46,0.15392
3013,46,0.15392
3014,46,0.19905
3015,46,0.15231
3016,46,0.17326
3017,46,0.18615
3018,46,0.17165
3019,46,0.15392
3020,46,0.16681
3021,46,0.23128
3022,46,0.18615
3023,46,0.19260
3024,46,0.20549
3025,46,0.20549
3026,46,0.23128
3027,46,0.20549
3028,46,0.25062
3029,46,0.19905
3030,46,0.22806
3031,47,0.20549
3032,47,0.23692
3033,47,0.27560
3034,47,0.25062
3035,47,0.23128
3036,47,0.20549
3037,47,0.22725
3038,47,0.24176
3039,47,0.27963
3040,47,0.25626
3041,47,0.25707
3042,47,0.26674
3043,47,0.28286
3044,47,0.27399
3045,47,0.30864
3046,47,0.27399
3047,47,0.28205
3048,47,0.28689
3049,47,0.29897
3050,47,0.27641
3051,47,0.30864
3052,47,0.28286
3053,47,0.27883
3054,47,0.32073
3055,47,0.30864
3056,47,0.34733
3057,47,0.30864
3058,47,0.31832
3059,47,0.33443
3060,47,0.33443
3061,47,0.33443
3062,47,0.35055
3063,47,0.37956
3064,47,0.34571
3065,47,0.35136
3066,47,0.26352
3067,47,0.35700
3068,47,0.35377
3069,47,0.41179
3070,47,0.35377
3071,47,0.36908
3072,47,0.37311
3073,47,0.38278
3074,47,0.34733
3075,47,0.38601
3076,47,0.40535
3077,47,0.39004
3078,47,0.37956
3079,47,0.40857
3080,47,0.41179
3081,47,0.41018
3082,47,0.41179
3083,47,0.41179
3084,47,0.43758
3085,47,0.41179
3086,47,0.45048
3087,47,0.41179
3088,47,0.41179
3089,47,0.45451
3090,47,0.40212
3091,47,0.46095
3092,47,0.46982
3093,47,0.46015
3094,47,0.45692
3095,47,0.47223
3096,47,0.45692
3097,47,0.48110
3098,47,0.48593
3099,47,0.48916
3100,47,0.49560
3101,47,0.56652
3102,47,0.49399
3103,47,0.51253
3104,47,0.50608
3105,47,0.51495
3106,47,0.51495
3107,47,0.53429
3108,48,0.54073
3109,48,0.53429
3110,48,0.52784
3111,48,0.54718
3112,48,0.54718
3113,48,0.57619
3114,48,0.51011
3115,48,0.55766
3116,48,0.57297
3117,48,0.57861
3118,48,0.57297
3119,48,0.57941
3120,48,0.56652
3121,48,0.57941
3122,48,0.59231
3123,48,0.60842
3124,48,0.59231
3125,48,0.60440
3126,48,0.60440
3127,48,0.58828
3128,48,0.61810
3129,48,0.61407
3130,48,0.61810
3131,48,0.61165
3132,48,0.63744
3133,48,0.63099
3134,48,0.64388
3135,48,0.61810
3136,48,0.63663
3137,48,0.65355
3138,48,0.64388
3139,48,0.65516
3140,48,0.66645
3141,48,0.66645
3142,48,0.72125
3143,48,0.66967
3144,48,0.68095
3145,48,0.68901
3146,48,0.68901
3147,48,0.69949
3148,48,0.65033
3149,48,0.63663
3150,48,0.70190
3151,48,0.73011
3152,48,0.68901
3153,48,0.69223
3154,48,0.70835
3155,48,0.73011
3156,48,0.72769
3157,48,0.72125
3158,48,0.73414
3159,48,0.70835
3160,48,0.74059
3161,48,0.74623
3162,48,0.74703
3163,48,0.75026
3164,48,0.76799
3165,48,0.73897
3166,48,0.76234
3167,48,0.76315
3168,48,0.70352
3169,48,0.77927
3170,48,0.80264
3171,48,0.77927
3172,48,0.80747
3173,48,0.81311
3174,48,0.80264
3175,48,0.79780
3176,48,0.78249
3177,48,0.80505
3178,48,0.80183
3179,48,0.78330
3180,48,0.81553
3181,48,0.81795
3182,48,0.81473
3183,48,0.82278
3184,49,0.82440
3185,49,0.86308
3186,49,0.81714
3187,49,0.85018
3188,49,0.82440
3189,49,0.85824
3190,49,0.85985
3191,49,0.85018
3192,49,0.85985
3193,49,0.85018
3194,49,0.86147
3195,49,0.86791
3196,49,0.86549
3197,49,0.88081
3198,49,0.87597
3199,49,0.87436
3200,49,0.87597
3201,49,0.88081
3202,49,0.89209
3203,49,0.87597
3204,49,0.89451
3205,49,0.87194
3206,49,0.88564
3207,49,0.89531
3208,49,0.88886
3209,49,0.92755
3210,49,0.90659
3211,49,0.88081
3212,49,0.90176
3213,49,0.90176
3214,49,0.91385
3215,49,0.91788
3216,49,0.93399
3217,49,0.92110
3218,49,0.92755
3219,49,0.90740
3220,49,0.92755
3221,49,0.92755
3222,49,0.94850
3223,49,0.94689
3224,49,0.93883
3225,49,0.95253
3226,49,0.93963
3227,49,0.97912
3228,49,0.94044
3229,49,0.94608
3230,49,0.94930
3231,49,0.95978
3232,49,0.94930
3233,49,0.95978
3234,49,0.96300
3235,49,0.95736
3236,49,0.95333
3237,49,0.94608
3238,49,0.95333
3239,49,0.99201
3240,49,0.97832
3241,49,0.97026
3242,49,0.97751
3243,49,0.97912
3244,49,0.97026
3245,49,0.98557
3246,49,0.97670
3247,49,0.98234
3248,49,0.95172
3249,49,0.97590
3250,49,1.00733
3251,49,0.99846
3252,49,0.99201
3253,49,0.99040
3254,49,0.98879
3255,49,0.98799
3256,49,1.02586
3257,49,1.00330
3258,49,0.99201
3259,49,1.00088
3260,50,0.99846
3261,50,1.00410
3262,50,0.99443
3263,50,0.99201
3264,50,1.00491
3265,50,1.02344
3266,50,1.04359
3267,50,0.99846
3268,50,1.00491
3269,50,1.01136
3270,50,1.01055
3271,50,1.01136
3272,50,1.00894
3273,50,1.00491
3274,50,1.00894
3275,50,1.01136
3276,50,1.01055
3277,50,1.01780
3278,50,1.01538
3279,50,1.01377
3280,50,0.99766
3281,50,0.99604
3282,50,1.00733
3283,50,1.01780
3284,50,1.01136
3285,50,1.04681
3286,50,1.01538
3287,50,1.00491
3288,50,1.00813
3289,50,1.02264
3290,50,1.02183
3291,50,1.01941
3292,50,1.03070
3293,50,1.01780
3294,50,1.02183
3295,50,1.00168
3296,50,1.00974
3297,50,1.00974
3298,50,1.01700
3299,50,1.04198
3300,50,1.00813
3301,50,1.04278
3302,50,0.93560
3303,50,1.00813
3304,50,1.03070
3305,50,1.00491
3306,50,0.95011
3307,50,1.01780
3308,50,1.00974
3309,50,1.01780
3310,50,1.01458
3311,50,1.02425
3312,50,1.01780
3313,50,1.00491
3314,50,1.00007
3315,50,1.00491
3316,50,1.01700
3317,50,0.96864
3318,50,1.00168
3319,50,1.01619
3320,50,0.99846
3321,50,1.00168
3322,50,1.00088
3323,50,0.97026
3324,50,0.98879
3325,50,0.99604
3326,50,0.98557
3327,50,0.95011
3328,50,1.03070
3329,50,0.99201
3330,50,1.01458
3331,50,0.99766
3332,50,1.00330
3333,50,0.98476
3334,51,0.97912
3335,51,0.97590
3336,51,0.98557
3337,51,0.98476
3338,51,0.98476
3339,51,0.96300
3340,51,1.03070
3341,51,0.97912
3342,51,0.97106
3343,51,0.96462
3344,51,0.97429
3345,51,0.96945
3346,51,0.96542
3347,51,1.00813
3348,51,0.96139
3349,51,0.95656
3350,51,0.95978
3351,51,0.95172
3352,51,0.94850
3353,51,0.95333
3354,51,0.92755
3355,51,0.92110
3356,51,0.93963
3357,51,0.92755
3358,51,0.94447
3359,51,1.00330
3360,51,0.95656
3361,51,0.94850
3362,51,0.94527
3363,51,0.95897
3364,51,0.92352
3365,51,0.92755
3366,51,0.91707
3367,51,0.90740
3368,51,0.89934
3369,51,0.95575
3370,51,0.92352
3371,51,0.90579
3372,51,0.90740
3373,51,0.91304
3374,51,0.92755
3375,51,0.89451
3376,51,0.89934
3377,51,0.88886
3378,51,0.89531
3379,51,0.92110
3380,51,0.86791
3381,51,0.88242
3382,51,0.85582
3383,51,0.88000
3384,51,0.86630
3385,51,0.82440
3386,51,0.85663
3387,51,0.87275
3388,51,0.86308
3389,51,0.85985
3390,51,0.86308
3391,51,0.82440
3392,51,0.85018
3393,51,0.85582
3394,51,0.81473
3395,51,0.86549
3396,51,0.82440
3397,51,0.82440
3398,51,0.85018
3399,51,0.81795
3400,51,0.82359
3401,51,0.80344
3402,51,0.82440
3403,51,0.81473
3404,51,0.81150
3405,51,0.79216
3406,51,0.79216
3407,51,0.79377
3408,51,0.79700
3409,51,0.78571
3410,52,0.79136
3411,52,0.80264
3412,52,0.78330
3413,52,0.78088
3414,52,0.78410
3415,52,0.77927
3416,52,0.75832
3417,52,0.76960
3418,52,0.75993
3419,52,0.77685
3420,52,0.75670
3421,52,0.75106
3422,52,0.75106
3423,52,0.72125
3424,52,0.74381
3425,52,0.73414
3426,52,0.72930
3427,52,0.72125
3428,52,0.73333
3429,52,0.72125
3430,52,0.68901
3431,52,0.69223
3432,52,0.70593
3433,52,0.70352
3434,52,0.66967
3435,52,0.69223
3436,52,0.69546
3437,52,0.71319
3438,52,0.67773
3439,52,0.69465
3440,52,0.67612
3441,52,0.68901
3442,52,0.66967
3443,52,0.66081
3444,52,0.65678
3445,52,0.65436
3446,52,0.66967
3447,52,0.63099
3448,52,0.64388
3449,52,0.64388
3450,52,0.63099
3451,52,0.63099
3452,52,0.61810
3453,52,0.60520
3454,52,0.66322
3455,52,0.61810
3456,52,0.61810
3457,52,0.64227
3458,52,0.61810
3459,52,0.58908
3460,52,0.60520
3461,52,0.59231
3462,52,0.53832
3463,52,0.58586
3464,52,0.56330
3465,52,0.55685
3466,52,0.56652
3467,52,0.55363
3468,52,0.57297
3469,52,0.55363
3470,52,0.53912
3471,52,0.54718
3472,52,0.56652
3473,52,0.60117
3474,52,0.50205
3475,52,0.53187
3476,52,0.53429
3477,52,0.51495
3478,52,0.50044
3479,52,0.52381
3480,52,0.49883
3481,52,0.48432
3482,52,0.50205
3483,52,0.50205
3484,52,0.49560
3485,52,0.46337
3486,52,0.46982
3487,53,0.48271
3488,53,0.48271
3489,53,0.46982
3490,53,0.47223
3491,53,0.45048
3492,53,0.47465
3493,53,0.41099
3494,53,0.44725
3495,53,0.45451
3496,53,0.45048
3497,53,0.40777
3498,53,0.45048
3499,53,0.41179
