,Underload,,No Load,,
Time (ms),"A4-A5 (I, load)","A2-A3 (V, load)","A4-A5 (I, no load)","A2-A3 (V, no load)",Load Difference
0,-0.44264,-112.03,-0.43104,-113.64,-0.0116
0.045898,-0.44419,-114.53,-0.44532,-114.31,0.00113
0.091797,-0.46395,-115.16,-0.44627,-118.21,-0.01768
0.1377,-0.46942,-119.06,-0.46442,-117.93,-0.005
0.18359,-0.48686,-119.68,-0.45603,-122.1,-0.03083
0.22949,-0.48811,-122.6,-0.47537,-122.25,-0.01274
0.27539,-0.47728,-123.34,-0.48216,-125.56,0.00488
0.32129,-0.48823,-125.59,-0.48603,-125.88,-0.0022
0.36719,-0.48757,-126.61,-0.46895,-129.21,-0.01862
0.41309,-0.51471,-129.19,-0.50394,-130.63,-0.01077
0.45898,-0.48972,-131.36,-0.49805,-131.3,0.00833
0.50488,-0.51977,-131.63,-0.47752,-132.05,-0.04225
0.55078,-0.52292,-133.48,-0.51709,-134.48,-0.00583
0.59668,-0.50638,-133.93,-0.48156,-134.83,-0.02482
0.64258,-0.5259,-136.23,-0.50602,-136.85,-0.01988
0.68848,-0.51977,-135.77,-0.51965,-138.28,-0.00012
0.73438,-0.52566,-139.02,-0.48763,-137.9,-0.03803
0.78027,-0.53108,-137.9,-0.53167,-140.74,0.00059
0.82617,-0.51971,-140.75,-0.48918,-140.02,-0.03053
0.87207,-0.54572,-139.64,-0.5231,-142.64,-0.02262
0.91797,-0.51108,-143.22,-0.50555,-141.82,-0.00553
0.96387,-0.54822,-142.26,-0.51084,-144.22,-0.03738
1.0098,-0.51608,-144.8,-0.53001,-143.73,0.01393
1.0557,-0.55226,-143.48,-0.50775,-145.76,-0.04451
1.1016,-0.53149,-145.39,-0.5425,-145.7,0.01101
1.1475,-0.56381,-145.8,-0.50501,-148.22,-0.0588
1.1934,-0.52435,-148.6,-0.55714,-148.81,0.03279
1.2393,-0.58755,-149.25,-0.51358,-151.58,-0.07397
1.2852,-0.5131,-150.76,-0.54917,-152.3,0.03607
1.3311,-0.60648,-152.84,-0.54697,-153.03,-0.05951
1.377,-0.50989,-152.99,-0.51108,-155.64,0.00119
1.4229,-0.58821,-154.8,-0.58993,-155.26,0.00172
1.4688,-0.52768,-155.59,-0.46651,-157.05,-0.06117
1.5146,-0.55452,-157.18,-0.60451,-156.95,0.04999
1.5605,-0.57315,-155.94,-0.48079,-159.21,-0.09236
1.6064,-0.51471,-158.18,-0.5594,-158.93,0.04469
1.6523,-0.5916,-157.25,-0.53215,-160.88,-0.05945
1.6982,-0.5109,-159.71,-0.50733,-159.21,-0.00357
1.7441,-0.57875,-158.19,-0.5678,-162.97,-0.01095
1.79,-0.53042,-160.63,-0.46478,-160.38,-0.06564
1.8359,-0.54988,-158.78,-0.58095,-163.23,0.03107
1.8818,-0.56345,-161.21,-0.46276,-160.53,-0.10069
1.9277,-0.52102,-159.67,-0.56934,-162.72,0.04832
1.9736,-0.55905,-160.86,-0.46085,-161.89,-0.0982
2.0195,-0.51061,-160.09,-0.55798,-163.32,0.04737
2.0654,-0.56643,-161.57,-0.46383,-162.91,-0.1026
2.1113,-0.50989,-161.45,-0.5522,-162.31,0.04231
2.1572,-0.55905,-161.48,-0.46764,-163.43,-0.09141
2.2031,-0.49745,-160.79,-0.54125,-161.52,0.0438
2.249,-0.56173,-161.64,-0.4671,-164.13,-0.09463
2.2949,-0.49305,-163.36,-0.52959,-160.86,0.03654
2.3408,-0.55702,-161.44,-0.47561,-163.96,-0.08141
2.3867,-0.49656,-164.29,-0.50513,-161.46,0.00857
2.4326,-0.55423,-161.47,-0.49109,-164.03,-0.06314
2.4785,-0.48686,-164.18,-0.46794,-161.4,-0.01892
2.5244,-0.54363,-161.4,-0.51852,-163.96,-0.02511
2.5703,-0.49448,-163.74,-0.45752,-162.18,-0.03696
2.6162,-0.52548,-161.51,-0.5068,-164.02,-0.01868
2.6621,-0.52001,-164.05,-0.47698,-162.91,-0.04303
2.708,-0.49608,-161.44,-0.48359,-162.57,-0.01249
2.7539,-0.52286,-163.96,-0.49073,-163.57,-0.03213
2.7998,-0.49585,-162.41,-0.47222,-162.94,-0.02363
2.8457,-0.51995,-162.55,-0.46782,-164.42,-0.05213
2.8916,-0.51061,-162.05,-0.49222,-162.12,-0.01839
2.9375,-0.48775,-162.61,-0.46948,-164.38,-0.01827
2.9834,-0.51156,-161.96,-0.46014,-161.32,-0.05142
3.0293,-0.49894,-161.33,-0.47793,-163.96,-0.02101
3.0752,-0.47579,-162.54,-0.46692,-161.42,-0.00887
3.1211,-0.49722,-160.52,-0.46442,-163.77,-0.0328
3.167,-0.47823,-161.54,-0.44312,-160.69,-0.03511
3.2129,-0.47841,-159.66,-0.4677,-162.31,-0.01071
3.2588,-0.4774,-160.65,-0.45341,-159.5,-0.02399
3.3047,-0.47674,-158.15,-0.44592,-160.39,-0.03082
3.3506,-0.4652,-159.07,-0.43253,-157.57,-0.03267
3.3965,-0.44794,-155.84,-0.43241,-157.48,-0.01553
3.4424,-0.45103,-156.77,-0.41789,-155.56,-0.03314
3.4883,-0.43669,-153.45,-0.41765,-153.54,-0.01904
3.5342,-0.45246,-153.57,-0.40914,-152.5,-0.04332
3.5801,-0.42324,-150.26,-0.39575,-149.81,-0.02749
3.626,-0.42997,-149.15,-0.39337,-149.63,-0.0366
3.6719,-0.40712,-146.42,-0.38355,-145.62,-0.02357
3.7178,-0.40527,-145.49,-0.38426,-144.51,-0.02101
3.7637,-0.40206,-143.23,-0.36111,-140.59,-0.04095
3.8096,-0.397,-140.3,-0.37105,-140.26,-0.02595
3.8555,-0.39902,-139.18,-0.3573,-136.98,-0.04172
3.9014,-0.3817,-136.05,-0.35838,-136.73,-0.02332
3.9473,-0.38039,-135.76,-0.34671,-132.22,-0.03368
3.9932,-0.36361,-132.04,-0.3382,-132.08,-0.02541
4.0391,-0.36034,-131.64,-0.33374,-128.83,-0.0266
4.085,-0.34183,-128.69,-0.32892,-127.78,-0.01291
4.1309,-0.34683,-125.96,-0.31535,-124.98,-0.03148
4.1768,-0.32636,-122.9,-0.31654,-122.78,-0.00982
4.2227,-0.33035,-123.19,-0.30291,-121.39,-0.02744
4.2686,-0.32041,-119.91,-0.2891,-118.68,-0.03131
4.3145,-0.31172,-119.45,-0.29041,-117.06,-0.02131
4.3604,-0.3069,-115.6,-0.26953,-113.97,-0.03737
4.4062,-0.28726,-114.42,-0.27881,-113.92,-0.00845
4.4521,-0.2869,-111.9,-0.25739,-109.64,-0.02951
4.498,-0.26518,-109.92,-0.25893,-109.73,-0.00625
4.5439,-0.26709,-107.61,-0.23745,-105.51,-0.02964
4.5898,-0.25774,-105.6,-0.24281,-105.65,-0.01493
4.6357,-0.25471,-103.75,-0.21495,-101.21,-0.03976
4.6816,-0.22638,-100.5,-0.21364,-100.45,-0.01274
4.7275,-0.22061,-99.778,-0.19597,-96.434,-0.02464
4.7734,-0.19532,-96.341,-0.17824,-95.886,-0.01708
4.8193,-0.19216,-95.684,-0.17103,-92.568,-0.02113
4.8652,-0.17062,-91.683,-0.15824,-90.705,-0.01238
4.9111,-0.15931,-90.689,-0.14669,-87.631,-0.01262
4.957,-0.1508,-87.76,-0.12212,-86.109,-0.02868
5.0029,-0.11962,-85.845,-0.1148,-83.418,-0.00482
5.0488,-0.12819,-82.569,-0.094801,-80.923,-0.033389
5.0947,-0.10206,-81.617,-0.10141,-79.241,-0.00065
5.1406,-0.099205,-77.202,-0.069509,-75.763,-0.029696
5.1865,-0.06814,-76.126,-0.060582,-74.449,-0.007558
5.2324,-0.01946,-72.306,-0.0091052,-70.448,-0.0103548
5.2783,0.0085101,-70.36,0.008153,-69.972,0.0003571
5.3242,0.010831,-67.622,0.011902,-64.828,-0.001071
5.3701,0.01101,-65.428,0.010652,-64.388,0.000358
5.416,0.022376,-62.639,0.005237,-59.875,0.017139
5.4619,0.010117,-59.114,0.026423,-58.907,-0.016306
5.5078,0.021305,-57.587,0.005237,-54.596,0.016068
5.5537,0.0022614,-52.976,0.017853,-52.174,-0.0155916
5.5996,0.017734,-51.951,0.0074389,-49.001,0.0102951
5.6455,0.005594,-47.205,0.017199,-47.231,-0.011605
5.6914,0.016306,-46.9,0.0038087,-43.572,0.0124973
5.7373,0.0050584,-40.995,0.020829,-40.814,-0.0157706
5.7832,0.015651,-40.612,0.0036302,-38.935,0.0120208
5.8291,0.014402,-35.529,0.014937,-34.613,-0.000535
5.875,0.011724,-33.858,0.0059511,-32.962,0.0057729
5.9209,0.010652,-29.319,0.016187,-27.875,-0.005535
5.9668,0.01095,-28.346,0.0074984,-27.145,0.0034516
6.0127,0.012319,-24.226,0.0067248,-22.653,0.0055942
6.0586,0.0068438,-21.618,0.020115,-20.081,-0.0132712
6.1045,0.022852,-17.741,0.01458,-15.609,0.008272
6.1504,0.0076174,-15.557,0.027613,-14.305,-0.0199956
6.1963,0.029279,-12.302,0.0060701,-8.9691,0.0232089
6.2422,0.0030351,-8.7103,0.02559,-8.5136,-0.0225549
6.2881,0.016842,-6.2985,0.0077364,-3.7781,0.0091056
6.334,0.012854,-1.2783,0.024102,-1.1593,-0.011248
6.3799,0.012914,0.18632,0.011486,3.3847,0.001428
6.4258,0.014045,4.4095,0.023626,5.5429,-0.009581
6.4717,0.0086886,6.0553,0.015116,8.0427,-0.0064274
6.5176,0.019044,10.796,0.012735,11.738,0.006309
6.5635,0.0122,12.292,0.010236,13.611,0.001964
6.6094,0.019639,16.644,0.016961,17.219,0.002678
6.6553,0.0074984,17.291,0.017318,18.896,-0.0098196
6.7012,0.022971,22.156,0.002678,23.46,0.020293
6.7471,-0.0010117,22.549,0.017199,23.714,-0.0182107
6.793,0.012676,27.114,0.0089267,29.169,0.0037493
6.8389,0.0051775,28.051,0.015175,29.071,-0.0099975
6.8848,0.010474,31.136,0.0031541,33.563,0.0073199
6.9307,0.0099384,32.548,0.014818,34.489,-0.0048796
6.9766,0.0066652,36.213,0.012795,39.261,-0.0061298
7.0225,0.01583,38.335,0.017199,39.939,-0.001369
7.0684,0.014342,41.041,0.0076174,42.894,0.0067246
7.1143,0.019163,43.091,0.017377,45.145,0.001786
7.1602,-0.005475,45.104,0.0068438,47.764,-0.0123188
7.2061,0.020353,48.313,0.0098788,49.772,0.0104742
7.252,0.00011902,49.115,0.010533,51.801,-0.01041398
7.2979,0.014759,53.53,0.007915,55.336,0.006844
7.3438,0.0089862,54.192,0.02434,55.807,-0.0153538
7.3896,0.012795,57.727,0.016366,60.118,-0.003571
7.4355,0.030053,58.741,0.037373,60.496,-0.00732
7.4814,0.030232,63.529,0.0122,65.433,0.018032
7.5273,0.029696,63.41,0.06207,65.475,-0.032374
7.5732,0.019044,68.342,0.12027,70.05,-0.101226
7.6191,0.12105,68.347,0.15872,69.734,-0.03767
7.665,0.14652,72.772,0.16235,74.283,-0.01583
7.7109,0.18466,73.114,0.19728,75.292,-0.01262
7.7568,0.19323,76.814,0.20954,78.486,-0.01631
7.8027,0.22061,79.034,0.23001,81.094,-0.0094
7.8486,0.23299,82.424,0.24965,83.863,-0.01666
7.8945,0.26566,84.36,0.28339,86.182,-0.01773
7.9404,0.28643,86.803,0.30214,88.376,-0.01571
7.9863,0.29279,89.613,0.30595,91.295,-0.01316
8.0322,0.32874,91.197,0.32606,92.516,0.00268
8.0781,0.33683,95.259,0.33695,96.76,-0.00012
8.124,0.36385,96.051,0.36581,97.2,-0.00196
8.1699,0.36671,100.04,0.35766,100.84,0.00905
8.2158,0.39259,100.48,0.38867,102.19,0.00392
8.2617,0.38855,104.74,0.38075,106.61,0.0078
8.3076,0.41723,105.25,0.4214,105.98,-0.00417
8.3535,0.41997,109.19,0.41253,111.21,0.00744
8.3994,0.43735,109.23,0.43205,111.51,0.0053
8.4453,0.44104,113.06,0.42658,114.25,0.01446
8.4912,0.45258,113.54,0.45169,116.09,0.00089
8.5371,0.46538,117.21,0.45044,119.22,0.01494
8.583,0.46835,120.31,0.45395,121.15,0.0144
8.6289,0.47906,121.7,0.46889,122.24,0.01017
8.6748,0.47044,123.55,0.47353,124.93,-0.00309
8.7207,0.49918,124.95,0.49341,125.02,0.00577
8.7666,0.49198,126.7,0.47359,129.03,0.01839
8.8125,0.5068,127.99,0.48936,129.08,0.01744
8.8584,0.48787,131.24,0.50174,132.07,-0.01387
8.9043,0.51066,131.68,0.50043,131.94,0.01023
8.9502,0.519,133.69,0.4843,134.53,0.0347
8.9961,0.4912,133.21,0.52245,133.11,-0.03125
9.042,0.53727,135.97,0.47662,136.23,0.06065
9.0879,0.50573,135.23,0.53334,136.44,-0.02761
9.1338,0.51787,137.55,0.509,139.49,0.00887
9.1797,0.52905,137.22,0.4987,138.84,0.03035
9.2256,0.51382,140.14,0.53197,141.02,-0.01815
9.2715,0.53834,140.32,0.47448,141.39,0.06386
9.3174,0.51882,142.56,0.55464,142.27,-0.03582
9.3633,0.53161,143.01,0.47401,143.43,0.0576
9.4092,0.52221,143.41,0.56226,143.8,-0.04005
9.4551,0.53221,143.76,0.48097,145.6,0.05124
9.501,0.53435,144.59,0.55322,145.12,-0.01887
9.5469,0.53578,145.96,0.50305,147.12,0.03273
9.5928,0.54506,145.81,0.55161,147.21,-0.00655
9.6387,0.54512,149.48,0.50519,150.63,0.03993
9.6846,0.54697,148.53,0.56732,150.3,-0.02035
9.7305,0.56476,151.51,0.49513,153.59,0.06963
9.7764,0.53346,152.7,0.59368,153.06,-0.06022
9.8223,0.59196,155.34,0.47609,156.45,0.11587
9.8682,0.50358,154.14,0.59333,155.9,-0.08975
9.9141,0.60023,156.84,0.49858,158.66,0.10165
9.96,0.51346,155.7,0.54328,158.25,-0.02982
10.006,0.57761,157.83,0.55554,159.22,0.02207
10.052,0.54399,156.51,0.49174,159.55,0.05225
10.098,0.5384,158.97,0.59719,160.49,-0.05879
10.144,0.58011,159.18,0.46526,161.41,0.11485
10.189,0.50822,159.21,0.58583,160.66,-0.07761
10.235,0.58011,159.99,0.47603,161.85,0.10408
10.281,0.49144,160.21,0.56577,160.4,-0.07433
10.327,0.58232,160.63,0.49876,162.74,0.08356
10.373,0.50602,160.04,0.53203,161.35,-0.02601
10.419,0.55905,162.64,0.51305,163.46,0.046
10.465,0.52733,160.02,0.50519,162.06,0.02214
10.511,0.5431,161.98,0.5165,164.05,0.0266
10.557,0.52899,161.41,0.50817,161.01,0.02082
10.603,0.5306,162.89,0.50049,164.19,0.03011
10.648,0.53786,161.13,0.52334,162.25,0.01452
10.694,0.52429,162.84,0.48537,163.77,0.03892
10.74,0.52513,161.15,0.52405,161.99,0.00108
10.786,0.52864,162.97,0.46978,163.19,0.05886
10.832,0.51108,161.74,0.52923,162.51,-0.01815
10.878,0.54709,163.27,0.4815,163.38,0.06559
10.924,0.50055,161.58,0.5021,163.82,-0.00155
10.97,0.53988,162.48,0.50805,163.05,0.03183
11.016,0.48781,162.82,0.47305,164.54,0.01476
11.062,0.52161,162.24,0.50584,161.69,0.01577
11.107,0.5015,163.35,0.48692,164.63,0.01458
11.153,0.51739,162.57,0.46746,161.45,0.04993
11.199,0.51572,163.64,0.50334,164.46,0.01238
11.245,0.50269,162.28,0.45633,163.02,0.04636
11.291,0.50989,163.37,0.48632,164.54,0.02357
11.337,0.5084,161.59,0.47734,161.57,0.03106
11.383,0.47847,163.81,0.4696,164.29,0.00887
11.429,0.51721,161.84,0.45705,162.54,0.06016
11.475,0.47942,162.33,0.48888,163.37,-0.00946
11.521,0.4821,160.74,0.46675,161.56,0.01535
11.566,0.50085,163.43,0.44455,161.99,0.0563
11.612,0.48424,160.3,0.45425,161.93,0.02999
11.658,0.48246,160.97,0.44788,159.76,0.03458
11.704,0.47484,159.97,0.46341,160.37,0.01143
11.75,0.4796,159.01,0.41926,158.13,0.06034
11.796,0.45211,158.36,0.43758,158.95,0.01453
11.842,0.45401,157.41,0.4086,156.07,0.04541
11.888,0.44264,156.57,0.42074,156.51,0.0219
11.934,0.44538,153.61,0.4039,153.71,0.04148
11.979,0.43384,153.99,0.4095,153.27,0.02434
12.025,0.4308,148.88,0.397,148.83,0.0338
12.071,0.43015,150.11,0.39593,148.89,0.03422
12.117,0.39968,145,0.38486,144.93,0.01482
12.163,0.41295,146.85,0.3795,144.92,0.03345
12.209,0.39355,142.43,0.37456,141.71,0.01899
12.255,0.39944,142.16,0.36016,139.68,0.03928
12.301,0.3745,137.69,0.35475,137.18,0.01975
12.347,0.38129,137.11,0.34082,135.17,0.04047
12.393,0.37064,134.07,0.34975,133.35,0.02089
12.438,0.36099,132.98,0.32011,131.57,0.04088
12.484,0.35522,130.16,0.33433,130.35,0.02089
12.53,0.34499,129.76,0.31713,125.48,0.02786
12.576,0.35237,126.23,0.32481,125.87,0.02756
12.622,0.32404,124.15,0.29803,121.78,0.02601
12.668,0.32898,122.5,0.3116,122.35,0.01738
12.714,0.3116,119.28,0.2891,117.12,0.0225
12.76,0.32005,119.14,0.29303,117.02,0.02702
12.806,0.29089,115.21,0.27381,113.21,0.01708
12.852,0.29452,115.23,0.26429,113.43,0.03023
12.897,0.27887,111.23,0.26959,109.41,0.00928
12.943,0.27619,109.95,0.24453,108.05,0.03166
12.989,0.26417,106.63,0.24179,105.59,0.02238
13.035,0.24358,106.26,0.22668,104.53,0.0169
13.081,0.24388,101.95,0.22644,101.79,0.01744
13.127,0.2221,102.48,0.19514,98.582,0.02696
13.173,0.224,98.67,0.20644,97.045,0.01756
13.219,0.19567,97.428,0.16854,93.448,0.02713
13.265,0.1993,94.147,0.17211,93.588,0.02719
13.311,0.16235,92.796,0.14312,89.561,0.01923
13.356,0.16859,90.027,0.13872,88.464,0.02987
13.402,0.13563,88.288,0.12575,84.572,0.00988
13.448,0.12985,85.664,0.11355,84.582,0.0163
13.494,0.12128,82.937,0.10545,79.883,0.01583
13.54,0.10795,80.975,0.081887,79.319,0.026063
13.586,0.083911,77.337,0.076829,74.92,0.007082
13.632,0.054334,75.939,0.029637,74.076,0.024697
13.678,0.020115,71.872,0.0079745,70.64,0.0121405
13.724,-0.0086291,70.562,-0.020829,68.456,0.0121999
13.77,-0.011962,67.421,-0.00089267,65.728,-0.01106933
13.815,-0.015116,65.889,-0.01339,62.975,-0.001726
13.861,-0.0044038,60.491,-0.0069628,60.579,0.002559
13.907,-0.016008,60.056,-0.016723,57.272,0.000715
13.953,-0.0057726,55.196,-0.011605,55.527,0.0058324
13.999,-0.023923,54.021,-0.011783,50.471,-0.01214
14.045,-0.013271,49.891,-0.020591,49.829,0.00732
14.091,-0.014104,47.671,-0.010057,44.131,-0.004047
14.137,-0.012676,43.836,-0.018746,44.654,0.00607
14.183,-0.0085101,41.29,-0.0043443,38.961,-0.0041658
14.229,-0.021305,38.614,-0.019877,38.552,-0.001428
14.274,-0.0091052,35.11,-0.0032136,32.869,-0.0058916
14.32,-0.019698,33.138,-0.021662,32.176,0.001964
14.366,-0.0061296,29.303,-0.012557,27.487,0.0064274
14.412,-0.028327,28.196,-0.023507,26.136,-0.00482
14.458,-0.0067843,22.57,-0.010176,22.027,0.0033917
14.504,-0.013866,22.389,-0.014997,18.854,0.001131
14.55,-0.011843,17.446,-0.010474,15.801,-0.001369
14.596,-0.015949,15.309,-0.016068,12.716,0.000119
14.642,-0.022019,10.247,-0.0072008,9.7661,-0.0148182
14.688,-0.0097003,9.792,-0.008153,5.9207,-0.0015473
14.733,-0.022852,4.1507,-0.020174,4.0472,-0.002678
14.779,-0.010772,2.6602,-0.0044633,-0.47097,-0.0063087
14.825,-0.02315,-1.5164,-0.018686,-2.0547,-0.004464
14.871,-0.0038087,-3.8505,-0.0029756,-7.1939,-0.0008331
14.917,-0.021305,-7.2819,-0.020412,-7.5199,-0.000893
14.963,-0.005594,-10.325,-0.0019639,-12.716,-0.0036301
15.009,-0.018032,-12.478,-0.011664,-13.477,-0.006368
15.055,-0.002797,-15.93,0.0058321,-18.88,-0.0086291
15.101,-0.014342,-18.026,-0.012735,-19.537,-0.001607
15.146,-0.011486,-22.151,-0.0083911,-23.419,-0.0030949
15.192,-0.008153,-23.331,-0.010593,-24.878,0.00244
15.238,-0.019877,-27.135,-0.010831,-28.274,-0.009046
15.284,-0.0055345,-27.932,-0.0077364,-30.696,0.0022019
15.33,-0.016247,-31.995,-0.021245,-32.605,0.004998
15.376,-0.005356,-32.45,-0.0030946,-36.487,-0.0022614
15.422,-0.015889,-37.765,-0.019877,-37.341,0.003988
15.468,-0.0005356,-37.563,-5.95E-05,-41.916,-0.000476089
15.514,-0.019817,-41.776,-0.014164,-41.595,-0.005653
15.56,-0.0063082,-42.247,0.0036302,-46.688,-0.0099384
15.605,-0.014997,-46.041,-0.01214,-46.988,-0.002857
15.651,-0.0067248,-47.868,-0.002559,-52.288,-0.0041658
15.697,-0.013092,-50.864,-0.015294,-51.791,0.002202
15.743,-0.0078555,-53.105,-0.0039872,-55.859,-0.0038683
15.789,-0.0068438,-55.041,-0.028922,-56.889,0.0220782
15.835,-0.025471,-57.996,-0.023388,-59.854,-0.002083
15.881,-0.018806,-59.181,-0.050049,-61.666,0.031243
15.927,-0.042669,-63.555,-0.070937,-65.138,0.028268
15.973,-0.0067248,-63.725,-0.087422,-66.991,0.0806972
16.019,-0.076055,-67.933,-0.14021,-69.346,0.064155
16.064,-0.12491,-69.139,-0.14497,-72.229,0.02006
16.11,-0.1611,-72.813,-0.18413,-73.673,0.02303
16.156,-0.178,-73.771,-0.18508,-76.99,0.00708
16.202,-0.20585,-77.875,-0.21727,-77.699,0.01142
16.248,-0.22406,-78.77,-0.23293,-82.14,0.00887
16.294,-0.2362,-82.709,-0.26185,-83.133,0.02565
16.34,-0.26976,-83.837,-0.27161,-87.382,0.00185
16.386,-0.28434,-87.589,-0.29886,-88.221,0.01452
16.432,-0.31487,-89.654,-0.31541,-93.081,0.00054
16.478,-0.32184,-92.889,-0.32118,-93.075,-0.00066
16.523,-0.34915,-95.327,-0.35153,-96.709,0.00238
16.569,-0.34612,-97.34,-0.36361,-97.79,0.01749
16.615,-0.36867,-100.63,-0.38105,-100.19,0.01238
16.661,-0.38039,-100.86,-0.37694,-103.37,-0.00345
16.707,-0.3867,-105.06,-0.40241,-105.86,0.01571
16.753,-0.40462,-105.08,-0.39771,-107.58,-0.00691
16.799,-0.41604,-109.33,-0.43074,-110.12,0.0147
16.845,-0.43586,-110.21,-0.42092,-112.93,-0.01494
16.891,-0.43544,-113.66,-0.44848,-113.02,0.01304
16.937,-0.46062,-113.72,-0.44276,-117.36,-0.01786
16.982,-0.44889,-118.25,-0.45966,-117.52,0.01077
17.028,-0.47645,-118.2,-0.45954,-121.48,-0.01691
17.074,-0.46347,-122.37,-0.47008,-121.9,0.00661
17.12,-0.48811,-122.08,-0.48888,-125.17,0.00077
17.166,-0.47829,-125.03,-0.46889,-125.23,-0.0094
17.212,-0.4918,-125.89,-0.47537,-128.06,-0.01643
17.258,-0.48948,-127.74,-0.494,-129.66,0.00452
17.304,-0.50269,-129.88,-0.50156,-131.82,-0.00113
17.35,-0.5131,-131.4,-0.46425,-131.38,-0.04885
17.396,-0.49174,-133.1,-0.51852,-133.57,0.02678
17.441,-0.52655,-132.82,-0.49091,-133.5,-0.03564
17.487,-0.50138,-135.93,-0.49186,-136.08,-0.00952
17.533,-0.51781,-134.9,-0.52739,-138.09,0.00958
17.579,-0.52733,-137.82,-0.48876,-137.26,-0.03857
17.625,-0.50727,-137.13,-0.53679,-140.59,0.02952
17.671,-0.53584,-139.88,-0.48853,-139.65,-0.04731
17.717,-0.52364,-138.95,-0.51989,-143.25,-0.00375
17.763,-0.52078,-141.83,-0.50983,-140.83,-0.01095
17.809,-0.52899,-141.15,-0.50739,-144.11,-0.0216
17.854,-0.51917,-143.82,-0.52899,-142.83,0.00982
17.9,-0.54905,-143.29,-0.49739,-145.52,-0.05166
17.946,-0.51293,-144.63,-0.54411,-145.01,0.03118
17.992,-0.56464,-145.58,-0.4915,-146.99,-0.07314
18.038,-0.51894,-147.35,-0.56928,-148.04,0.05034
18.084,-0.57922,-148.41,-0.48936,-149.98,-0.08986
18.13,-0.52382,-149.54,-0.57273,-152.01,0.04891
18.176,-0.57636,-152.48,-0.51102,-153.68,-0.06534
18.222,-0.53203,-152.34,-0.55024,-154.75,0.01821
18.268,-0.5622,-155.25,-0.54018,-155.43,-0.02202
18.313,-0.55143,-154.2,-0.50781,-157.7,-0.04362
18.359,-0.52483,-157.11,-0.57976,-156.78,0.05493
18.405,-0.58083,-155.36,-0.47389,-159.56,-0.10694
18.451,-0.5015,-158.21,-0.58398,-157.17,0.08248
18.497,-0.58386,-156.38,-0.49858,-160.66,-0.08528
18.543,-0.51733,-159.46,-0.54256,-158.72,0.02523
18.589,-0.55673,-157.69,-0.53417,-161.84,-0.02256
18.635,-0.545,-159.95,-0.4962,-160.37,-0.0488
18.681,-0.52834,-159.55,-0.56541,-161.9,0.03707
18.727,-0.56988,-160.22,-0.46853,-161.91,-0.10135
18.772,-0.50602,-161.17,-0.56417,-162.16,0.05815
18.818,-0.57059,-160.7,-0.47198,-161.8,-0.09861
18.864,-0.50632,-161.73,-0.55952,-162.5,0.0532
18.91,-0.56446,-160.79,-0.47478,-162.17,-0.08968
18.956,-0.50793,-162.8,-0.55066,-162.27,0.04273
19.002,-0.56053,-160.67,-0.47936,-163.47,-0.08117
19.048,-0.50864,-162.64,-0.53262,-161.81,0.02398
19.094,-0.53608,-160.29,-0.4871,-163.29,-0.04898
19.14,-0.50257,-163.7,-0.51715,-160.95,0.01458
19.186,-0.55238,-161.23,-0.49924,-163.74,-0.05314
19.231,-0.49591,-163.37,-0.48192,-161.78,-0.01399
19.277,-0.55167,-162.44,-0.52102,-164.67,-0.03065
19.323,-0.51043,-163.5,-0.46425,-162.34,-0.04618
19.369,-0.52816,-161.53,-0.51084,-163.92,-0.01732
19.415,-0.514,-164.29,-0.47311,-162.11,-0.04089
19.461,-0.50602,-161.43,-0.48799,-163.18,-0.01803
19.507,-0.52644,-162.96,-0.49727,-162.12,-0.02917
19.553,-0.504,-161.26,-0.46335,-163.14,-0.04065
19.599,-0.51953,-162.97,-0.51703,-162.98,-0.0025
19.645,-0.51078,-162.64,-0.48097,-163.05,-0.02981
19.69,-0.49733,-162.54,-0.47502,-164.71,-0.02231
19.736,-0.52632,-163.37,-0.48638,-162.65,-0.03994
19.782,-0.4868,-161.3,-0.49245,-164.54,0.00565
19.828,-0.49989,-163.21,-0.44211,-161.38,-0.05778
19.874,-0.5037,-161.16,-0.48317,-163.24,-0.02053
19.92,-0.47597,-163.61,-0.46704,-160.9,-0.00893
19.966,-0.50031,-160.93,-0.45324,-163.52,-0.04707
20.012,-0.49394,-161.68,-0.44604,-160.41,-0.0479
20.058,-0.47817,-159.69,-0.45431,-162.55,-0.02386
20.104,-0.46597,-161.63,-0.46068,-159.39,-0.00529
20.149,-0.48603,-159.27,-0.43824,-160.18,-0.04779
20.195,-0.46829,-160.03,-0.4361,-158.04,-0.03219
20.241,-0.46508,-157.33,-0.42324,-157.82,-0.04184
20.287,-0.45002,-157.1,-0.43372,-155.98,-0.0163
20.333,-0.44806,-154.63,-0.40527,-154.77,-0.04279
20.379,-0.44157,-154.49,-0.41812,-153.44,-0.02345
20.425,-0.43503,-152.38,-0.39539,-151.07,-0.03964
20.471,-0.42747,-149.89,-0.40593,-150.01,-0.02154
20.517,-0.41301,-149.37,-0.39146,-146.39,-0.02155
20.562,-0.42217,-145.81,-0.37992,-145.88,-0.04225
20.608,-0.3995,-145.2,-0.36915,-141.95,-0.03035
20.654,-0.40105,-141.04,-0.36962,-141.97,-0.03143
20.7,-0.3779,-141.06,-0.36171,-137.31,-0.01619
20.746,-0.38224,-137.22,-0.34558,-137.22,-0.03666
20.792,-0.36712,-137.02,-0.35296,-133.69,-0.01416
20.838,-0.36903,-133.74,-0.33594,-133.35,-0.03309
20.884,-0.36058,-132.27,-0.33778,-129.71,-0.0228
20.93,-0.35129,-129.92,-0.31755,-127.95,-0.03374
20.976,-0.34261,-128.66,-0.33029,-125.26,-0.01232
21.021,-0.32922,-124.45,-0.30047,-123.83,-0.02875
21.067,-0.33451,-123.48,-0.30785,-120.62,-0.02666
21.113,-0.31172,-121.3,-0.29351,-120.02,-0.01821
21.159,-0.32594,-119.87,-0.29666,-118.67,-0.02928
21.205,-0.30035,-117.27,-0.28524,-115.25,-0.01511
21.251,-0.30089,-115.72,-0.26411,-114.32,-0.03678
21.297,-0.28339,-113.67,-0.26459,-110.71,-0.0188
21.343,-0.28452,-110.52,-0.24542,-110.33,-0.0391
21.389,-0.26405,-109.25,-0.24757,-106.15,-0.01648
21.435,-0.2537,-106.23,-0.22906,-106.2,-0.02464
21.48,-0.25578,-105.39,-0.23055,-101.47,-0.02523
21.526,-0.22942,-101.79,-0.20121,-101.58,-0.02821
21.572,-0.22394,-101.37,-0.20603,-97.878,-0.01791
21.618,-0.20186,-97.335,-0.17508,-96.853,-0.02678
21.664,-0.21067,-97.014,-0.18187,-93.06,-0.0288
21.71,-0.17306,-92.206,-0.15044,-91.787,-0.02262
21.756,-0.1771,-92.092,-0.14908,-89.168,-0.02802
21.802,-0.14741,-87.786,-0.12009,-85.954,-0.02732
21.848,-0.14723,-86.979,-0.12723,-85.084,-0.02
21.894,-0.12057,-83.677,-0.10664,-81.829,-0.01393
21.939,-0.11367,-82.083,-0.09373,-80.794,-0.01994
21.985,-0.095813,-78.62,-0.0876,-76.09,-0.008213
22.031,-0.070699,-77.063,-0.059095,-76.141,-0.011604
22.077,-0.051953,-75.194,-0.02803,-71.489,-0.023923
22.123,0.0022019,-71.84,0.010176,-70.112,-0.0079741
22.169,0.0043443,-69.631,-5.95E-05,-66.065,0.004403811
22.215,0.021305,-65.174,0.020174,-65.211,0.001131
22.261,-0.0022614,-64.517,0.0024995,-60.806,-0.0047609
22.307,0.026185,-60.056,0.020234,-59.885,0.005951
22.353,0.0063677,-59.093,0.011486,-55.439,-0.0051183
22.398,0.017318,-54.466,0.010772,-53.338,0.006546
22.444,0.0066652,-53.059,0.011188,-49.912,-0.0045228
22.49,0.017675,-48.644,0.010712,-47.687,0.006963
22.536,0.014461,-47.79,0.01095,-45.415,0.003511
22.582,0.0099979,-43.122,0.01214,-41.523,-0.0021421
22.628,0.016247,-41.476,0.018032,-39.447,-0.001785
22.674,0.0030351,-37.336,0.0044038,-35.007,-0.0013687
22.72,0.021662,-35.721,0.016366,-34.049,0.005296
22.766,0.010891,-31.612,0.005356,-29.686,0.005535
22.812,0.020769,-29.428,0.022852,-28.046,-0.002083
22.857,0.00244,-26.265,0.0062487,-23.02,-0.0038087
22.903,0.018032,-23.155,0.020948,-21.97,-0.002916
22.949,0.0099979,-19.967,0.0076174,-16.825,0.0023805
22.995,0.020591,-16.37,0.016723,-16.173,0.003868
23.041,0.0042848,-14.383,0.0024995,-11.422,0.0017853
23.087,0.018627,-9.3727,0.015949,-9.1295,0.002678
23.133,0.018627,-8.5706,0.0057726,-4.7511,0.0128544
23.179,0.011545,-3.333,0.012378,-2.774,-0.000833
23.225,0.019936,-2.8258,0.014699,0.35193,0.005237
23.271,0.010117,3.5866,0.0045824,3.6228,0.0055346
23.316,0.014521,4.0679,0.016842,6.2312,-0.002321
23.362,0.0033326,9.114,0.010652,10.682,-0.0073194
23.408,0.014164,9.6884,0.018151,12.111,-0.003987
23.454,0.0072604,15.149,0.0070223,16.396,0.0002381
23.5,0.014818,15.475,0.022912,17.886,-0.008094
23.546,0.005118,20.019,0.0092242,22.684,-0.0041062
23.592,0.016425,21.545,0.021841,22.777,-0.005416
23.638,0.011486,25.101,0.0044633,27.596,0.0070227
23.684,0.0076174,27.109,0.0097003,28.372,-0.0020829
23.729,0.024042,30.116,0.0083911,32.564,0.0156509
23.775,0.011069,32.631,0.01946,34.029,-0.008391
23.821,0.0097003,34.256,0.015056,36.611,-0.0053557
23.867,0.0039872,36.958,0.0083911,38.723,-0.0044039
23.913,0.019936,39.023,0.010891,41.342,0.009045
23.959,0.0089862,42.594,0.0041658,44.043,0.0048204
24.005,0.016723,43.36,0.023447,46.522,-0.006724
24.051,0.007915,47.304,0.0035707,49.897,0.0043443
24.097,0.0083316,47.552,0.021007,50.859,-0.0126754
24.143,0.0099384,52.671,0.0021424,54.43,0.007796
24.188,0.0010712,51.987,0.019044,54.948,-0.0179728
24.234,0.013985,57.049,0.012616,59.202,0.001369
24.28,0.016306,57.065,0.036718,60.123,-0.020412
24.326,0.027435,61.79,0.024102,64.636,0.003333
24.372,0.032195,62.333,0.033207,64.652,-0.001012
24.418,0.021603,65.128,0.10236,68.802,-0.080757
24.464,0.07058,67.234,0.13378,69.077,-0.0632
24.51,0.1364,70.138,0.16181,72.901,-0.02541
24.556,0.15288,72.648,0.16925,74.93,-0.01637
24.602,0.19014,74.775,0.20394,76.902,-0.0138
24.647,0.20281,77.435,0.21228,80.24,-0.00947
24.693,0.22953,79.956,0.25155,82.409,-0.02202
24.739,0.25971,83.506,0.25578,85.183,0.00393
24.785,0.26352,84.955,0.29428,87.046,-0.03076
24.831,0.30434,89.489,0.29625,90.886,0.00809
24.877,0.30119,89.339,0.32838,91.647,-0.02719
24.923,0.33856,92.806,0.32785,96.067,0.01071
24.969,0.33624,95.14,0.35629,96.677,-0.02005
25.015,0.35951,99.022,0.36361,100.6,-0.0041
25.061,0.37397,99.508,0.38218,100.58,-0.00821
25.106,0.38504,103.48,0.39259,104.98,-0.00755
25.152,0.39753,103.58,0.39908,105.47,-0.00155
25.198,0.40128,108.22,0.42122,110.13,-0.01994
25.244,0.4217,108.97,0.41497,110.88,0.00673
25.29,0.43038,112.39,0.43568,113.47,-0.0053
25.336,0.45455,113.75,0.44032,116.01,0.01423
25.382,0.44264,115.01,0.45746,117.41,-0.01482
25.428,0.46514,118.1,0.44782,119.74,0.01732
25.474,0.45943,120.08,0.463,121,-0.00357
25.52,0.48049,122.45,0.46002,123.77,0.02047
25.565,0.47859,123.16,0.48757,125.12,-0.00898
25.611,0.48317,126.23,0.47734,128.99,0.00583
25.657,0.48258,126.46,0.47787,127.98,0.00471
25.703,0.49525,130.39,0.48644,130.84,0.00881
25.749,0.50936,129.83,0.51316,131.83,-0.0038
25.795,0.4946,132.79,0.48406,134.1,0.01054
25.841,0.51537,131.95,0.49632,133.5,0.01905
25.887,0.52947,135.4,0.52507,137.13,0.0044
25.933,0.52048,133.56,0.4746,136.18,0.04588
25.979,0.50918,137.27,0.53399,138.75,-0.02481
26.024,0.53358,136.8,0.48049,138.84,0.05309
26.07,0.5012,139.3,0.52649,140.57,-0.02529
26.116,0.5478,139.13,0.50489,141.2,0.04291
26.162,0.50055,141.54,0.50787,141.99,-0.00732
26.208,0.53756,142.14,0.52417,142.1,0.01339
26.254,0.52441,142.66,0.49305,143.02,0.03136
26.3,0.52167,143.66,0.54964,144.94,-0.02797
26.346,0.54625,143.72,0.47906,144.22,0.06719
26.392,0.52126,145.89,0.56363,147.29,-0.04237
26.438,0.5772,145.34,0.47972,146.24,0.09748
26.483,0.50733,148.79,0.58499,149.02,-0.07766
26.529,0.59285,147.57,0.47817,148.79,0.11468
26.575,0.52887,151.67,0.59582,152.64,-0.06695
26.621,0.56982,149.88,0.48293,152.7,0.08689
26.667,0.55143,154.5,0.58975,155.43,-0.03832
26.713,0.53631,153.89,0.50858,154.81,0.02773
26.759,0.58458,156.24,0.53173,158.23,0.05285
26.805,0.5018,155.63,0.5575,157.61,-0.0557
26.851,0.59707,157.38,0.48531,159.51,0.11176
26.896,0.49823,155.87,0.58232,159.42,-0.08409
26.942,0.59035,158.57,0.46669,159.82,0.12366
26.988,0.51334,157.44,0.57357,160.9,-0.06023
27.034,0.54572,159.56,0.48722,160.75,0.0585
27.08,0.5472,158.82,0.54167,161.95,0.00553
27.126,0.51971,159.4,0.5284,161.26,-0.00869
27.172,0.56952,160.75,0.50394,163.38,0.06558
27.218,0.50715,160.94,0.54179,162.64,-0.03464
27.264,0.58041,161.12,0.48775,163.35,0.09266
27.31,0.499,160.27,0.53256,161.41,-0.03356
27.355,0.56494,161.95,0.49138,163.74,0.07356
27.401,0.48603,159.7,0.53316,161.33,-0.04713
27.447,0.56649,164.24,0.48698,163.47,0.07951
27.493,0.49031,160.1,0.51572,162.66,-0.02541
27.539,0.56661,162.86,0.50221,162.97,0.0644
27.585,0.48823,161.19,0.4962,162.25,-0.00797
27.631,0.55994,163.98,0.51019,162.59,0.04975
27.677,0.49656,160.69,0.47555,162.84,0.02101
27.723,0.53935,163.17,0.52251,162.89,0.01684
27.769,0.50108,160.85,0.47466,164.05,0.02642
27.814,0.52477,163.31,0.50227,162.58,0.0225
27.86,0.5231,161.93,0.50043,164.69,0.02267
27.906,0.49317,163.68,0.46508,160.34,0.02809
27.952,0.54149,163.14,0.51751,164.63,0.02398
27.998,0.47746,162.98,0.45681,162.42,0.02065
28.044,0.52792,162.99,0.4824,165.09,0.04552
28.09,0.49049,162.56,0.50055,162.46,-0.01006
28.136,0.50245,163.03,0.46341,164.21,0.03904
28.182,0.51537,161.9,0.4724,162.67,0.04297
28.228,0.48222,164.11,0.48573,164.46,-0.00351
28.273,0.50067,160.9,0.46085,164.13,0.03982
28.319,0.50132,164.46,0.45859,163.96,0.04273
28.365,0.48484,160.7,0.48204,161.96,0.0028
28.411,0.48144,163.66,0.46193,161.15,0.01951
28.457,0.50007,160.32,0.46014,161.87,0.03993
28.503,0.47151,162,0.43598,160.21,0.03553
28.549,0.48502,159.16,0.46341,161.17,0.02161
28.595,0.46966,161.22,0.42741,158.66,0.04225
28.641,0.48216,157.98,0.44413,158.84,0.03803
28.687,0.44752,158.79,0.41836,156.4,0.02916
28.732,0.45282,156.65,0.43062,156.77,0.0222
28.778,0.44241,155.87,0.41961,153.3,0.0228
28.824,0.43872,151.7,0.40741,153.8,0.03131
28.87,0.43092,152.49,0.40247,149.93,0.02845
28.916,0.42949,149.85,0.38658,149.3,0.04291
28.962,0.41491,147.62,0.40075,145.99,0.01416
29.008,0.40188,147.06,0.37153,144.23,0.03035
29.054,0.41134,143.78,0.37998,142.34,0.03136
29.1,0.38516,142.73,0.36254,140.48,0.02262
29.146,0.39384,138.46,0.36242,139.42,0.03142
29.191,0.38063,139.11,0.33939,135.74,0.04124
29.237,0.37932,134.86,0.35653,135.04,0.02279
29.283,0.36427,134.74,0.32517,131.39,0.0391
29.329,0.36177,131.45,0.33332,131.04,0.02845
29.375,0.3582,130.71,0.32981,126.37,0.02839
29.421,0.33677,126.62,0.32725,126.47,0.00952
29.467,0.34629,126.41,0.31469,122.8,0.0316
29.513,0.32154,123.07,0.29517,122.56,0.02637
29.559,0.33719,121.91,0.30095,117.91,0.03624
29.604,0.30946,119.22,0.27929,117.59,0.03017
29.65,0.31249,116.82,0.27958,114.59,0.03291
29.696,0.28583,115.13,0.26227,113.33,0.02356
29.742,0.29262,112.45,0.26596,111.01,0.02666
29.788,0.26762,111.48,0.24429,108.74,0.02333
29.834,0.27244,107.92,0.24721,106.85,0.02523
29.88,0.25947,107.98,0.22245,104.6,0.03702
29.926,0.23566,103.1,0.22305,103.21,0.01261
29.972,0.23543,103.72,0.21013,100.05,0.0253
30.018,0.21698,99.617,0.20638,98.867,0.0106
30.063,0.21537,99.747,0.17937,94.468,0.036
30.109,0.18633,95.275,0.17169,94.69,0.01464
30.155,0.19716,94.302,0.16163,89.634,0.03553
30.201,0.16223,90.275,0.13277,90.275,0.02946
30.247,0.15562,89.665,0.13759,85.731,0.01803
30.293,0.12997,85.343,0.11158,85.333,0.01839
30.339,0.12295,84.479,0.12099,81.13,0.00196
30.385,0.11218,81.172,0.086351,79.862,0.025829
30.431,0.089207,79.241,0.078733,76.178,0.010474
30.477,0.079388,76.084,0.048561,74.247,0.030827
30.522,0.044336,74.444,0.016901,72.907,0.027435
30.568,0.012438,71.52,-0.011069,69.522,0.023507
30.614,-0.014878,68.683,-0.0035112,66.634,-0.0113668
30.66,-0.0005356,66.53,-0.013271,63.363,0.0127354
30.706,-0.016663,63.353,-0.013688,62.478,-0.002975
30.752,-0.010295,61.557,-0.0055345,57.427,-0.0047605
30.798,-0.016961,57.178,-0.0098193,55.921,-0.0071417
30.844,-0.016485,56.49,-0.0075579,52.313,-0.0089271
30.89,-0.016128,51.113,-0.016663,50.792,0.000535
30.936,-0.0074984,50.083,-0.010236,46.263,0.0027376
30.981,-0.0082125,45.508,-0.019282,45.927,0.0110695
31.027,-0.016782,44.405,-0.0045824,40.56,-0.0121996
31.073,-0.0068438,38.65,-0.022912,38.852,0.0160682
31.119,-0.024161,38.469,-0.0065462,35.147,-0.0176148
31.165,-0.0067843,33.847,-0.012616,32.44,0.0058317
31.211,-0.015056,32.316,-0.021424,30.08,0.006368
31.257,-0.011069,27.792,-0.016068,26.705,0.004999
31.303,-0.02315,25.929,-0.01214,24.024,-0.01101
31.349,-0.01214,22.762,-0.013926,19.936,0.001786
31.395,-0.020948,18.875,-0.011902,18.026,-0.009046
31.44,-0.0075579,16.225,-0.011426,13.135,0.0038681
31.486,-0.010474,13.586,-0.019103,12.323,0.008629
31.532,-0.01333,10.242,-0.0122,6.6453,-0.00113
31.578,-0.010355,6.7695,-0.01333,5.9621,0.002975
31.624,-0.020115,4.5026,-0.0095813,0.41921,-0.0105337
31.67,-0.0050584,-0.072456,-0.028268,-0.44509,0.0232096
31.716,-0.02065,-1.0713,-0.0054155,-5.9052,-0.0152345
31.762,-0.0068438,-6.6919,-0.015889,-7.2042,0.0090452
31.808,-0.01827,-7.7839,-0.0076174,-11.039,-0.0106526
31.854,-0.0049989,-11.665,-0.017853,-12.442,0.0128541
31.899,-0.020591,-12.845,-0.010355,-16.53,-0.010236
31.945,-0.012378,-17.638,-0.01345,-18.575,0.001072
31.991,-0.0095218,-18.828,-0.0089267,-22.41,-0.0005951
32.037,-0.008153,-23.403,-0.011664,-24.873,0.003511
32.083,-0.0035707,-23.942,-0.013807,-26.721,0.0102363
32.129,-0.011783,-27.735,-0.010236,-30.628,-0.001547
32.175,-0.0087481,-29.531,-0.018508,-31.715,0.0097599
32.221,-0.023685,-32.688,-0.0059511,-35.483,-0.0177339
32.267,0.00077364,-35.178,-0.016663,-36.094,0.01743664
32.312,-0.021305,-36.658,0.0020234,-40.545,-0.0233284
32.358,-0.0023209,-39.685,-0.014164,-41.072,0.0118431
32.404,-0.016008,-41.093,-0.0074389,-45.275,-0.0085691
32.45,-0.0058916,-44.664,-0.017556,-46.579,0.0116644
32.496,-0.005118,-45.818,-0.0033326,-50.269,-0.0017854
32.542,-0.019996,-50.057,-0.013747,-51.651,-0.006249
32.588,-0.0087481,-51.128,-0.0089267,-54.316,0.0001786
32.634,-0.018686,-54.399,-0.018865,-56.469,0.000179
32.68,-0.00095218,-55.822,-0.023507,-58.917,0.02255482
32.726,-0.035647,-60.279,-0.024221,-61.298,-0.011426
32.771,-0.017794,-58.891,-0.029041,-63.637,0.011247
32.817,-0.032612,-64.688,-0.042193,-66.199,0.009581
32.863,-0.010772,-65.112,-0.12468,-67.56,0.113908
32.909,-0.11295,-68.958,-0.14396,-71.784,0.03101
32.955,-0.13021,-69.946,-0.18258,-72.011,0.05237
33.001,-0.17228,-73.264,-0.1777,-76.038,0.00542
33.047,-0.18984,-75.51,-0.20978,-77.078,0.01994
33.093,-0.19954,-77.445,-0.22198,-81.783,0.02244
33.139,-0.23739,-80.245,-0.25042,-81.198,0.01303
33.185,-0.25221,-83.216,-0.26953,-86.104,0.01732
33.23,-0.2747,-86.466,-0.29024,-87.719,0.01554
33.276,-0.28774,-87.563,-0.30386,-90.943,0.01612
33.322,-0.31779,-91.875,-0.32683,-92.133,0.00904
33.368,-0.32529,-92.133,-0.3432,-95.265,0.01791
33.414,-0.3407,-96.527,-0.34606,-97.309,0.00536
33.46,-0.36492,-96.89,-0.37671,-100.28,0.01179
33.506,-0.36546,-101.44,-0.37795,-102.68,0.01249
33.552,-0.39069,-101.38,-0.39783,-104.13,0.00714
33.598,-0.39581,-106.23,-0.39212,-107.83,-0.00369
33.644,-0.42199,-106.48,-0.42295,-108.37,0.00096
33.689,-0.41979,-110.04,-0.42277,-112.51,0.00298
33.735,-0.44122,-111.33,-0.44246,-112.71,0.00124
33.781,-0.4386,-114.19,-0.43979,-116.69,0.00119
33.827,-0.46157,-114.93,-0.45294,-116.72,-0.00863
33.873,-0.46258,-118.31,-0.46127,-121.23,-0.00131
33.919,-0.47383,-120.1,-0.46746,-120.75,-0.00637
33.965,-0.46978,-121.41,-0.47145,-124.26,0.00167
34.011,-0.47061,-124.49,-0.46966,-125.42,-0.00095
34.057,-0.48275,-124.55,-0.50168,-127.54,0.01893
34.103,-0.48888,-127.53,-0.48246,-128.52,-0.00642
34.148,-0.51388,-127.08,-0.48186,-131.08,-0.03202
34.194,-0.47984,-132.21,-0.49091,-132.33,0.01107
34.24,-0.50941,-129.76,-0.51816,-132.86,0.00875
34.286,-0.50692,-132.9,-0.47282,-135.05,-0.0341
34.332,-0.5065,-133.42,-0.5425,-135.09,0.036
34.378,-0.51162,-134.86,-0.48823,-137.87,-0.02339
34.424,-0.52025,-135.6,-0.51525,-136.98,-0.005
34.47,-0.50037,-138.67,-0.52786,-140.03,0.02749
34.516,-0.54036,-137.6,-0.49079,-138.97,-0.04957
34.562,-0.50323,-140.89,-0.54964,-142.83,0.04641
34.607,-0.53447,-140.03,-0.47127,-140.37,-0.0632
34.653,-0.52423,-142.68,-0.55042,-143.56,0.02619
34.699,-0.51257,-143.03,-0.47436,-142.36,-0.03821
34.745,-0.54197,-143.14,-0.54607,-145.24,0.0041
34.791,-0.50561,-144.36,-0.50471,-144.05,-0.0009
34.837,-0.55512,-144.56,-0.53994,-146.87,-0.01518
34.883,-0.50394,-146.44,-0.51281,-147.69,0.00887
34.929,-0.5669,-146.07,-0.56184,-149.47,-0.00506
34.975,-0.50989,-149.35,-0.50573,-150.63,-0.00416
35.021,-0.57422,-148.41,-0.58476,-152.26,0.01054
35.066,-0.51626,-150.84,-0.48579,-154.59,-0.03047
35.112,-0.5775,-150.21,-0.59463,-154.56,0.01713
35.158,-0.52649,-153.87,-0.47472,-157.48,-0.05177
35.204,-0.56512,-152.62,-0.57357,-156.18,0.00845
35.25,-0.53155,-155.92,-0.52304,-158.08,-0.00851
35.296,-0.55536,-154.6,-0.51608,-157.86,-0.03928
35.342,-0.56357,-157.85,-0.58452,-161.13,0.02095
35.388,-0.51679,-156.97,-0.46193,-159.12,-0.05486
35.434,-0.57785,-158.25,-0.58571,-162,0.00786
35.479,-0.50489,-158.42,-0.46817,-160.54,-0.03672
35.525,-0.57678,-158.57,-0.58386,-162.15,0.00708
35.571,-0.50495,-160.33,-0.48567,-161.36,-0.01928
35.617,-0.57184,-159.52,-0.54572,-161.95,-0.02612
35.663,-0.52376,-159.47,-0.51305,-162.19,-0.01071
35.709,-0.54774,-159.94,-0.51733,-162.06,-0.03041
35.755,-0.5228,-161.03,-0.51483,-162.63,-0.00797
35.801,-0.53137,-159.85,-0.50775,-161.61,-0.02362
35.847,-0.53441,-161.7,-0.50876,-163.69,-0.02565
35.893,-0.52596,-160.65,-0.51096,-160.65,-0.015
35.938,-0.53459,-162.5,-0.49799,-163.36,-0.0366
35.984,-0.53548,-160.82,-0.51382,-161.52,-0.02166
36.03,-0.51709,-162.6,-0.4777,-163.96,-0.03939
36.076,-0.54113,-161.27,-0.52965,-161.12,-0.01148
36.122,-0.49626,-162.32,-0.47311,-164.34,-0.02315
36.168,-0.5453,-160.95,-0.51215,-162.11,-0.03315
36.214,-0.4912,-162.5,-0.49109,-163.31,-0.00011
36.26,-0.54714,-161.74,-0.48061,-162.82,-0.06653
36.306,-0.49186,-162.93,-0.51792,-163.06,0.02606
36.352,-0.53435,-161.98,-0.46181,-162.55,-0.07254
36.397,-0.51043,-162.22,-0.50531,-162.76,-0.00512
36.443,-0.51019,-162.03,-0.47621,-164.71,-0.03398
36.489,-0.52251,-162.35,-0.46294,-162.45,-0.05957
36.535,-0.4893,-163.21,-0.49989,-163.59,0.01059
36.581,-0.51025,-161.47,-0.46794,-162.64,-0.04231
36.627,-0.49977,-163.72,-0.47288,-164.3,-0.02689
36.673,-0.48811,-161.23,-0.47787,-161.82,-0.01024
36.719,-0.50388,-163.3,-0.4768,-163.43,-0.02708
36.765,-0.50043,-161.28,-0.44199,-161.95,-0.05844
36.811,-0.4746,-163.18,-0.46829,-162.77,-0.00631
36.856,-0.49995,-160.93,-0.4552,-160.98,-0.04475
36.902,-0.47853,-162.2,-0.45937,-162.15,-0.01916
36.948,-0.47412,-159.77,-0.43681,-160.57,-0.03731
36.994,-0.46502,-160.98,-0.44746,-159.68,-0.01756
37.04,-0.47942,-159.15,-0.43288,-159.44,-0.04654
37.086,-0.45954,-158.34,-0.43699,-157.72,-0.02255
37.132,-0.45829,-157.15,-0.42616,-156.73,-0.03213
37.178,-0.45353,-155.58,-0.41009,-155.28,-0.04344
37.224,-0.45508,-155.03,-0.40747,-154.6,-0.04761
37.27,-0.4386,-153.21,-0.39414,-150.71,-0.04446
37.315,-0.41604,-152.31,-0.40932,-150.78,-0.00672
37.361,-0.43074,-148.9,-0.37522,-147.19,-0.05552
37.407,-0.40533,-148.55,-0.38516,-146.21,-0.02017
37.453,-0.42205,-144.4,-0.36647,-142.95,-0.05558
37.499,-0.39492,-144.32,-0.38307,-142.78,-0.01185
37.545,-0.39486,-140.58,-0.35855,-138.04,-0.03631
37.591,-0.38575,-139.78,-0.35992,-137.87,-0.02583
37.637,-0.38194,-136.63,-0.34772,-134.3,-0.03422
37.683,-0.37956,-135.59,-0.33951,-133.33,-0.04005
37.729,-0.35528,-132.54,-0.33475,-131.59,-0.02053
37.774,-0.36504,-132.54,-0.32814,-130.32,-0.0369
37.82,-0.33915,-129.14,-0.33171,-126.82,-0.00744
37.866,-0.34784,-127.17,-0.31029,-123.87,-0.03755
37.912,-0.3166,-123.72,-0.31713,-123.44,0.00053
37.958,-0.33975,-123.13,-0.28964,-120.27,-0.05011
38.004,-0.3116,-120.5,-0.30095,-120.01,-0.01065
38.05,-0.31672,-118.16,-0.27726,-115.66,-0.03946
38.096,-0.30208,-117.11,-0.28363,-115.43,-0.01845
38.142,-0.29321,-113.93,-0.26286,-110.15,-0.03035
38.188,-0.28958,-113.11,-0.25977,-111.22,-0.02981
38.233,-0.2675,-108.96,-0.24441,-106.87,-0.02309
38.279,-0.26625,-109.12,-0.23614,-106.79,-0.03011
38.325,-0.2537,-105.21,-0.2221,-103.41,-0.0316
38.371,-0.25114,-104.48,-0.21614,-102.02,-0.035
38.417,-0.21977,-100.9,-0.21263,-98.737,-0.00714
38.463,-0.23376,-100.02,-0.18722,-97.713,-0.04654
38.509,-0.20377,-96.916,-0.18925,-94.519,-0.01452
38.555,-0.19151,-95.425,-0.15818,-92.485,-0.03333
38.601,-0.17681,-92.02,-0.16258,-90.286,-0.01423
38.646,-0.1627,-90.902,-0.12979,-87.641,-0.03291
38.692,-0.16062,-87.662,-0.13438,-85.374,-0.02624
38.738,-0.12408,-86.254,-0.10944,-82.145,-0.01464
38.784,-0.1339,-82.947,-0.10801,-81.783,-0.02589
38.83,-0.096765,-81.068,-0.086291,-77.632,-0.010474
38.876,-0.10902,-78.838,-0.074389,-76.545,-0.034631
38.922,-0.065403,-75.406,-0.043741,-72.725,-0.021662
38.968,-0.037551,-73.828,0.005475,-72.125,-0.043026
39.014,0.0035112,-70.878,0.0049989,-67.032,-0.0014877
39.06,0.0058321,-69.315,0.020234,-67.126,-0.0144019
39.105,0.016604,-64.854,0.0015473,-61.893,0.0150567
39.151,0.013271,-63.482,0.022138,-60.781,-0.008867
39.197,0.0045228,-58.659,0.0057131,-57.504,-0.0011903
39.243,0.02434,-58.389,0.016961,-54.891,0.007379
39.289,-0.00095218,-53.328,0.005237,-51.18,-0.00618918
39.335,0.022555,-53.1,0.016068,-49.265,0.006487
39.381,0.0032136,-47.925,0.0024995,-46.941,0.0007141
39.427,0.019698,-46.677,0.0099979,-42.542,0.0097001
39.473,0.0075579,-42.309,0.0085101,-41.373,-0.0009522
39.519,0.02065,-39.711,0.012914,-36.409,0.007736
39.564,0.012081,-36.037,0.010236,-35.276,0.001845
39.61,0.019877,-34.075,0.0045228,-30.354,0.0153542
39.656,0.016247,-30.866,0.020829,-29.992,-0.004582
39.702,0.0047609,-27.735,0.0099384,-24.558,-0.0051775
39.748,0.018984,-25.38,0.022852,-24.004,-0.003868
39.794,0.0058916,-21.815,0.0049394,-18.492,0.0009522
39.84,0.019877,-20.019,0.023804,-17.022,-0.003927
39.886,0.0026185,-15.071,0.010414,-12.706,-0.0077955
39.932,0.021186,-13.311,0.0219,-9.9576,-0.000714
39.978,0.012497,-8.0634,0.0057726,-6.7747,0.0067244
40.023,0.017496,-7.2922,0.019698,-3.7677,-0.002202
40.069,0.011724,-1.6561,0.016187,-0.72974,-0.004463
40.115,0.011486,-0.42439,0.015711,2.95,-0.004225
40.161,0.012676,4.2853,0.011367,4.927,0.001309
40.207,0.0083316,5.2272,0.010831,10.32,-0.0024994
40.253,0.01827,9.7454,0.010295,10.62,0.007975
40.299,0.0051775,11.909,0.011129,15.438,-0.0059515
40.345,0.019044,15.268,0.013866,16.51,0.005178
40.391,0.0049394,17.534,0.0017258,21.768,0.0032136
40.437,0.024102,20.526,0.011902,21.903,0.0122
40.482,0.0038682,22.813,0.0011902,26.405,0.002678
40.528,0.015235,25.494,0.011367,27.037,0.003868
40.574,0.0052965,28.77,0.0045824,31.834,0.0007141
40.62,0.0122,29.893,0.01708,32.688,-0.00488
40.666,0.0088076,34.732,0.0086291,36.358,0.0001785
40.712,-0.00035707,34.82,0.017913,38.164,-0.01827007
40.758,0.013152,38.982,-0.00065462,40.814,0.01380662
40.804,0.0023804,38.754,0.013509,42.848,-0.0111286
40.85,0.016306,44.26,0.011664,45.094,0.004642
40.896,-0.0063677,43.909,0.0086886,48.142,-0.0150563
40.941,0.020472,47.945,0.0096408,49.467,0.0108312
40.987,0.0079745,48.903,0.0055345,53.576,0.00244
41.033,0.019936,53.017,0.02315,53.923,-0.003214
41.079,0.0066652,53.809,0.023507,58.193,-0.0168418
41.125,0.010236,57.494,0.033088,58.472,-0.022852
41.171,0.028387,58.783,0.028922,63.135,-0.000535
41.217,0.026482,62.644,0.018032,63.187,0.00845
41.263,0.039396,64.155,0.066474,68.145,-0.027078
41.309,0,66.639,0.13235,67.98,-0.13235
41.354,0.11563,69.449,0.15134,72.746,-0.03571
41.4,0.12985,71.639,0.17746,73.657,-0.04761
41.446,0.18109,74.382,0.18752,77.321,-0.00643
41.492,0.18972,75.334,0.20496,79.133,-0.01524
41.538,0.21156,80.39,0.23876,81.788,-0.0272
41.584,0.23239,80.39,0.24876,84.013,-0.01637
41.63,0.26369,84.748,0.28232,85.566,-0.01863
41.676,0.28351,85.949,0.2925,89.877,-0.00899
41.722,0.30113,90.591,0.31523,90.472,-0.0141
41.768,0.32695,90.591,0.3166,94.121,0.01035
41.813,0.32922,95.777,0.35963,95.146,-0.03041
41.859,0.36343,95.56,0.34445,99.726,0.01898
41.905,0.35052,99.519,0.38403,99.985,-0.03351
41.951,0.38783,98.887,0.38307,105.28,0.00476
41.997,0.37605,104.52,0.3945,104.71,-0.01845
42.043,0.40093,105.69,0.39652,108.89,0.00441
42.089,0.41729,108.22,0.41699,109.6,0.0003
42.135,0.43693,110.15,0.43366,113.14,0.00327
42.181,0.44711,112.33,0.43431,114.4,0.0128
42.227,0.44395,114.98,0.44984,116.23,-0.00589
42.272,0.46187,116.39,0.45562,118.25,0.00625
42.318,0.4624,119.55,0.48299,121.11,-0.02059
42.364,0.48353,120.39,0.4571,122.39,0.02643
42.41,0.47436,123.32,0.47579,124.59,-0.00143
42.456,0.49751,123.88,0.4671,127.29,0.03041
42.502,0.48359,127.14,0.50329,126.9,-0.0197
42.548,0.49091,126.57,0.48448,130.68,0.00643
42.594,0.49251,131.29,0.47787,130.53,0.01464
42.64,0.51102,131.05,0.51947,134.06,-0.00845
42.686,0.49739,133.01,0.48627,132.75,0.01112
42.731,0.50424,133.09,0.49662,136.32,0.00762
42.777,0.51858,135.04,0.52108,135.42,-0.0025
42.823,0.48775,136.97,0.47936,138.14,0.00839
42.869,0.54226,137.56,0.52215,136.72,0.02011
42.915,0.49948,138.72,0.50519,139.93,-0.00571
42.961,0.53221,138.46,0.51305,140.15,0.01916
43.007,0.52048,141.06,0.52042,142.07,6E-05
43.053,0.51751,140.14,0.49281,142.75,0.0247
43.099,0.53078,143.26,0.53733,142.69,-0.00655
43.145,0.50727,142.18,0.47639,144.52,0.03088
43.19,0.55488,144.51,0.56321,143.99,-0.00833
43.236,0.49388,142.45,0.48192,145.85,0.01196
43.282,0.5481,146.81,0.57059,146.3,-0.02249
43.328,0.51477,144.84,0.48293,147.91,0.03184
43.374,0.55988,148.11,0.57875,149.37,-0.01887
43.42,0.51554,147.7,0.48139,152.83,0.03415
43.466,0.56321,149.92,0.5866,151.86,-0.02339
43.512,0.52768,149.31,0.49769,154.77,0.02999
43.558,0.5719,152.22,0.56208,154.66,0.00982
43.604,0.51906,152.75,0.53007,156.95,-0.01101
43.649,0.5816,154.66,0.49894,157.57,0.08266
43.695,0.51352,155.31,0.58601,157.91,-0.07249
43.741,0.58386,156.39,0.47329,158.99,0.11057
43.787,0.51019,157,0.59981,160.02,-0.08962
43.833,0.57047,156.76,0.46948,161.13,0.10099
43.879,0.52376,158.79,0.5672,160.5,-0.04344
43.925,0.53768,157.71,0.5059,162.61,0.03178
43.971,0.55208,160.33,0.51846,160.9,0.03362
44.017,0.52584,158.69,0.54328,163.75,-0.01744
44.062,0.57512,160.72,0.49234,160.43,0.08278
44.108,0.50721,159.84,0.55435,164.41,-0.04714
44.154,0.57416,161.99,0.46514,160.81,0.10902
44.2,0.50251,159.94,0.55857,164.02,-0.05606
44.246,0.57285,162.3,0.46615,161.46,0.1067
44.292,0.5068,160.73,0.54161,163.84,-0.03481
44.338,0.56303,162,0.47323,163.18,0.0898
44.384,0.50953,161.26,0.52697,163.19,-0.01744
44.43,0.53739,162.44,0.49489,162.64,0.0425
44.476,0.51055,161.85,0.49966,163.98,0.01089
44.521,0.54566,162.49,0.51471,162.87,0.03095
44.567,0.50412,161.6,0.47234,162.37,0.03178
44.613,0.53673,162.27,0.51525,164.7,0.02148
44.659,0.50221,163.15,0.46312,162.52,0.03909
44.705,0.52739,161.23,0.50388,164.7,0.02351
44.751,0.52275,163.27,0.48787,161.74,0.03488
44.797,0.51322,161.13,0.46942,164.68,0.0438
44.843,0.52578,164.05,0.49811,162.97,0.02767
44.889,0.50507,161.73,0.48246,164.44,0.02261
44.935,0.50656,164.46,0.46746,162.48,0.0391
44.98,0.51185,162.12,0.51114,165.15,0.00071
45.026,0.48198,164.2,0.45615,163.47,0.02583
45.072,0.52971,162,0.4749,163.84,0.05481
45.118,0.49805,163.88,0.48388,162.58,0.01417
45.164,0.49245,161.61,0.47341,163.99,0.01904
45.21,0.51019,163,0.46567,163.52,0.04452
45.256,0.47811,161.49,0.46603,162.07,0.01208
45.302,0.49305,162.34,0.47615,162.74,0.0169
45.348,0.48668,161.33,0.44038,160.4,0.0463
45.394,0.47996,160.98,0.45151,161.88,0.02845
45.439,0.46431,160.79,0.44098,159.03,0.02333
45.485,0.47668,159.03,0.44449,159.48,0.03219
45.531,0.46187,159.47,0.42509,157.26,0.03678
45.577,0.46883,156.47,0.44122,157.56,0.02761
45.623,0.44014,157.06,0.40628,153.79,0.03386
45.669,0.43889,153.79,0.42074,154.37,0.01815
45.715,0.43247,154.05,0.38956,150.69,0.04291
45.761,0.42116,150.55,0.40182,151.09,0.01934
45.807,0.42556,150.61,0.38462,147.91,0.04094
45.853,0.40961,146.05,0.38385,145.63,0.02576
45.898,0.41878,146.6,0.3751,143.82,0.04368
45.944,0.39289,142.38,0.36629,141.1,0.0266
45.99,0.40015,142.54,0.36171,139.81,0.03844
46.036,0.36974,138.06,0.34159,136.45,0.02815
46.082,0.38658,137.35,0.35605,135.82,0.03053
46.128,0.37296,134.45,0.32285,132.34,0.05011
46.174,0.35974,133.09,0.34034,131.42,0.0194
46.22,0.36207,132.17,0.32118,126.95,0.04089
46.266,0.34106,127.96,0.3238,127.81,0.01726
46.312,0.34945,127.26,0.30874,122.92,0.04071
46.357,0.33213,123.52,0.31993,123.25,0.0122
46.403,0.33546,123.47,0.28839,119.46,0.04707
46.449,0.30654,119.27,0.29565,118.79,0.01089
46.495,0.32243,120.24,0.27375,115,0.04868
46.541,0.29553,115.33,0.27423,114.98,0.0213
46.587,0.28815,114.39,0.26125,111.67,0.0269
46.633,0.27256,111.41,0.25429,109.84,0.01827
46.679,0.27691,111.02,0.25114,108.09,0.02577
46.725,0.26352,107.18,0.2265,104.88,0.03702
