Time (ms),A4-A5 (I),A2-A3 (V)
0,0,-79.022
0.010324,0.0080939,-81.093
0.020647,-0.010236,-79.913
0.030971,-0.0083319,-79.002
0.041295,0.012379,-81.3
0.051618,-0.0033328,-82.873
0.061942,-0.019044,-81.755
0.072266,0.0011903,-81.238
0.082589,0.00857,-84.943
0.092913,-0.004523,-84.24
0.10324,-0.012855,-82.894
0.11356,0.00095222,-85.668
0.12388,0.0066655,-87.448
0.13421,-0.0064275,-84.24
0.14453,-0.00023806,-85.42
0.15485,0.00857,-86.434
0.16518,0.0073797,-88.711
0.1755,-0.016426,-87.117
0.18583,0.00071417,-88.836
0.19615,0.010474,-90.864
0.20647,-0.010951,-89.415
0.2168,-0.0064275,-90.14
0.22712,0.0097603,-92.314
0.23744,0.0033328,-92.355
0.24777,-0.0071417,-90.347
0.25809,-0.0054753,-92.438
0.26842,0.0095222,-94.446
0.27874,0.0014283,-94.591
0.28906,-0.010236,-92.396
0.29939,0.0066655,-95.585
0.30971,0.012617,-97.075
0.32003,-0.017616,-95.129
0.33036,0.00023806,-95.419
0.34068,0.010474,-98.172
0.351,-0.0026186,-98.069
0.36133,-0.024758,-96.413
0.37165,0.0071417,-99.125
0.38198,0.0038089,-100.57
0.3923,-0.0059514,-100.08
0.40262,-0.0092842,-99.56
0.41295,0.012379,-101.69
0.42327,-0.0014283,-101.71
0.43359,-0.0016664,-99.27
0.44392,0.0016664,-100.68
0.45424,0.0016664,-104.09
0.46456,-0.010236,-103.82
0.47489,-0.0073797,-102.6
0.48521,-0.0040469,-105.44
0.49554,0.0011903,-106.56
0.50586,-0.015236,-104.38
0.51618,-0.0097603,-104.92
0.52651,0.0071417,-106.74
0.53683,-0.0080939,-107.01
0.54715,-0.012617,-105.52
0.55748,-0.0073797,-107.12
0.5678,0.014283,-109.54
0.57812,-0.004523,-107.88
0.58845,-0.016426,-108.01
0.59877,0.0028567,-110.78
0.6091,-0.0049992,-111.01
0.61942,-0.011903,-107.55
0.62974,0.0014283,-109.81
0.64007,0.010236,-112
0.65039,-0.004523,-112.25
0.66071,-0.01595,-111.13
0.67104,-0.0076178,-113.49
0.68136,0.008808,-114.96
0.69169,-0.0038089,-112.4
0.70201,-0.010712,-113.41
0.71233,0.010951,-114.82
0.72266,0.014283,-115.42
0.73298,-0.00857,-114.24
0.7433,-0.0040469,-115.96
0.75363,0.0026186,-117.96
0.76395,-0.0011903,-116.66
0.77427,-0.00857,-116.33
0.7846,0.0038089,-119.02
0.79492,0.0014283,-119.97
0.80525,-0.0071417,-117.07
0.81557,-0.0069036,-118.77
0.82589,0.022377,-121.32
0.83622,0.013093,-119.48
0.84654,-0.0092842,-118.27
0.85686,-0.0028567,-122.17
0.86719,-0.0054753,-122.44
0.87751,0.0014283,-121.44
0.88783,-0.0083319,-121.92
0.89816,-0.0069036,-123.16
0.90848,-0.0038089,-123.45
0.91881,-0.01714,-121.92
0.92913,-0.0054753,-123.99
0.93945,0.0066655,-124.9
0.94978,0.0052372,-122.42
0.9601,-0.012379,-123.7
0.97042,-0.010474,-125.4
0.98075,0.014283,-125.11
0.99107,-0.010712,-124.11
1.0014,-0.0054753,-124.92
1.0117,-0.0064275,-127.59
1.022,-0.0016664,-125.89
1.0324,-0.0097603,-125.44
1.0427,-0.0052372,-127.88
1.053,0.0023806,-128.87
1.0633,0,-126.56
1.0737,-0.014283,-127.4
1.084,0.0028567,-129.12
1.0943,0.013569,-131.19
1.1046,-0.013331,-127.63
1.115,-0.012141,-131.59
1.1253,0.0069036,-132.52
1.1356,0.0040469,-130.37
1.1459,-0.0047611,-130.97
1.1562,-0.0011903,-131.86
1.1666,0.013093,-132.04
1.1769,-0.0047611,-130.53
1.1872,-0.0099983,-131.67
1.1975,0.0016664,-133.43
1.2079,0.014283,-131.19
1.2182,-0.0083319,-130.94
1.2285,-0.0040469,-134.92
1.2388,0.0026186,-133.84
1.2492,0.013093,-132.08
1.2595,-0.0078558,-132.68
1.2698,-0.0011903,-134.92
1.2801,0.012141,-132.81
1.2905,-0.0035708,-133.18
1.3008,-0.013331,-135.5
1.3111,0.0095222,-135.6
1.3214,0.008808,-132.93
1.3318,-0.013093,-134.59
1.3421,-0.0033328,-136.72
1.3524,0.019521,-135.93
1.3627,0.0035708,-134.59
1.373,-0.011427,-136.16
1.3834,0.0097603,-137.36
1.3937,0.0097603,-135.56
1.404,-0.0023806,-136.7
1.4143,0.0078558,-138.79
1.4247,0.00047611,-138.25
1.435,0.0095222,-136.12
1.4453,-0.0040469,-137.69
1.4556,-0.0035708,-139.37
1.466,0.0069036,-137.69
1.4763,-0.0040469,-137.2
1.4866,-0.0035708,-140.3
1.4969,0.011903,-141.25
1.5073,-0.0014283,-137.9
1.5176,-0.0071417,-139.31
1.5279,-0.0057133,-141.32
1.5382,0.0095222,-139.81
1.5485,0.0078558,-138.98
1.5589,-0.010236,-139.6
1.5692,0.0026186,-141.34
1.5795,0.0092842,-140.63
1.5898,-0.0023806,-139.97
1.6002,-0.0080939,-143.12
1.6105,0.011903,-142.29
1.6208,0.0030947,-139.33
1.6311,-0.00857,-143.26
1.6415,-0.0059514,-143.95
1.6518,0.00857,-140.97
1.6621,-0.0054753,-140.49
1.6724,-0.0033328,-143.53
1.6828,-0.0026186,-143.62
1.6931,0.0099983,-141.42
1.7034,-0.012379,-143.12
1.7137,-0.004285,-144.38
1.7241,0.0073797,-142.46
1.7344,0.0059514,-143.14
1.7447,-0.0052372,-144.13
1.755,-0.0071417,-144.86
1.7653,0.0052372,-143.26
1.7757,-0.00023806,-143.64
1.786,-0.0083319,-146.14
1.7963,0.004285,-145.21
1.8066,0.0023806,-143.84
1.817,0.0038089,-146.87
1.8273,-0.016188,-146.14
1.8376,0.010712,-145.64
1.8479,-0.008808,-145.91
1.8583,-0.014283,-148.42
1.8686,0.0030947,-148.5
1.8789,0.01595,-145.83
1.8892,-0.0061894,-147.3
1.8996,-0.0080939,-148.89
1.9099,0.0071417,-145.77
1.9202,-0.00071417,-146.6
1.9305,0.0047611,-150.72
1.9408,0.0014283,-149.43
1.9512,0.011665,-148.42
1.9615,-0.0019044,-149.02
1.9718,-0.0066655,-152.17
1.9821,0.00071417,-150.76
1.9925,0.0033328,-149.91
2.0028,-0.011427,-152.83
2.0131,-0.0023806,-152.23
2.0234,0.015712,-149.37
2.0338,0.00023806,-152.27
2.0441,-0.018092,-154.53
2.0544,-0.0064275,-153.06
2.0647,0.012141,-152.77
2.0751,-0.0073797,-154.17
2.0854,-0.011189,-154.67
2.0957,0.00095222,-153.72
2.106,0.004285,-153.59
2.1164,-0.014759,-154.9
2.1267,-0.014045,-155.97
2.137,0.00857,-152.85
2.1473,0.0064275,-154.82
2.1576,-0.011189,-156.49
2.168,-0.0047611,-155.5
2.1783,0.017378,-154.46
2.1886,-0.0014283,-156.74
2.1989,0.00023806,-157.82
2.2093,0.0049992,-154.63
2.2196,0.0016664,-157.03
2.2299,-0.0097603,-157.55
2.2402,-0.0021425,-156.53
2.2506,0.021425,-155.71
2.2609,0.0097603,-158.11
2.2712,0.0014283,-158.15
2.2815,-0.010474,-155.56
2.2919,0.008808,-157.28
2.3022,-0.01714,-159.18
2.3125,-0.01595,-158.56
2.3228,0.011189,-156.04
2.3331,0.0033328,-157.76
2.3435,-0.0019044,-158.44
2.3538,-0.0026186,-155.31
2.3641,0.0076178,-156.72
2.3744,0.0071417,-159.64
2.3848,-0.010474,-159.02
2.3951,0.0064275,-157.78
2.4054,0.012379,-157.38
2.4157,-0.014521,-159.85
2.4261,-0.0064275,-158.77
2.4364,0.010236,-157.47
2.4467,0.0014283,-157.36
2.457,-0.0014283,-160.26
2.4674,0.0016664,-157.03
2.4777,0.0078558,-157.96
2.488,-0.00071417,-161.25
2.4983,-0.014521,-159.85
2.5086,0.0090461,-157.47
2.519,0.0023806,-159.68
2.5293,-0.014283,-161.19
2.5396,-0.01595,-157.8
2.5499,0.0033328,-158.17
2.5603,0.0011903,-158.98
2.5706,-0.013093,-159.45
2.5809,-0.0047611,-157.96
2.5912,0.015712,-159.1
2.6016,-0.014521,-160.84
2.6119,-0.01595,-159.06
2.6222,0.0021425,-158.52
2.6325,-0.0035708,-158.17
2.6429,-0.015712,-162.33
2.6532,-0.0064275,-157.03
2.6635,0.012617,-159.41
2.6738,-0.0030947,-161.36
2.6842,-0.021187,-160.51
2.6945,-0.004285,-158.33
2.7048,0.011427,-160.36
2.7151,-0.014045,-162
2.7254,0.0078558,-159.62
2.7358,-0.00095222,-158.75
2.7461,0.0097603,-162.99
2.7564,-0.0030947,-160.92
2.7667,0.0052372,-159.93
2.7771,0.004523,-161.52
2.7874,0.0057133,-161.9
2.7977,-0.017854,-160.86
2.808,0.010712,-158.56
2.8184,0.011189,-158.73
2.8287,-0.012141,-161.46
2.839,0.0049992,-158.36
2.8493,0.014283,-159.68
2.8597,0.0059514,-162.1
2.87,-0.011903,-161.13
2.8803,0,-159.02
2.8906,0.0080939,-160.43
2.9009,-0.010712,-162.99
2.9113,-0.011189,-158.36
2.9216,0.0095222,-160.41
2.9319,0.0097603,-160.34
2.9422,-0.016902,-161.92
2.9526,-0.0054753,-160.16
2.9629,0.0073797,-161.25
2.9732,-0.0021425,-162.99
2.9835,-0.014997,-159.83
2.9939,0.0080939,-159.41
3.0042,0.0090461,-161.63
3.0145,-0.0076178,-161.11
3.0248,-0.010712,-159.02
3.0352,0.00095222,-159.41
3.0455,0.0064275,-162.02
3.0558,-0.014521,-161.56
3.0661,-0.0052372,-159.89
3.0765,0.013569,-161.81
3.0868,-0.00023806,-163.16
3.0971,-0.012617,-159.89
3.1074,0.0023806,-159.99
3.1177,0.0021425,-162
3.1281,-0.0049992,-161.03
3.1384,-0.0095222,-159.35
3.1487,0.014997,-160.51
3.159,-0.0026186,-162.99
3.1694,-0.010712,-160.72
3.1797,0.00095222,-160.12
3.19,0.011903,-160.01
3.2003,0.008808,-162.99
3.2107,-0.012617,-158.27
3.221,0.019044,-160.03
3.2313,0,-162.99
3.2416,-0.011665,-161.61
3.252,-0.0071417,-160.38
3.2623,0.0040469,-162.54
3.2726,-0.011427,-162.99
3.2829,-0.012379,-160.78
3.2932,0.0030947,-160.57
3.3036,0.0059514,-162.99
3.3139,-0.0076178,-162.06
3.3242,-0.015712,-160.26
3.3345,0.0092842,-161.15
3.3449,-0.0021425,-163.2
3.3552,-0.016188,-161.75
3.3655,-0.013331,-159.76
3.3758,0.0038089,-163.16
3.3862,0.0028567,-163.08
3.3965,-0.0092842,-160.03
3.4068,0.00071417,-160.09
3.4171,0.0049992,-162.41
3.4275,-0.012379,-161.21
3.4378,-0.0069036,-159.43
3.4481,0.0026186,-162.68
3.4584,-0.004285,-163.08
3.4688,-0.013093,-160.76
3.4791,-0.0023806,-160.22
3.4894,0.014521,-163.1
3.4997,-0.0083319,-162.99
3.51,-0.019521,-159.29
3.5204,0.0026186,-161.36
3.5307,0.00095222,-163.32
3.541,-0.0047611,-160.72
3.5513,-0.010474,-160.36
3.5617,0.00023806,-162.43
3.572,0.00023806,-162.99
3.5823,-0.013331,-159.93
3.5926,0.00047611,-160.69
3.603,0.013093,-162.99
3.6133,-0.00857,-160.88
3.6236,-0.0099983,-159.45
3.6339,-0.0038089,-162.52
3.6443,0.0038089,-163.3
3.6546,-0.0059514,-159.58
3.6649,-0.0080939,-160.14
3.6752,0.0066655,-161.83
3.6855,-0.0090461,-161.71
3.6959,-0.0069036,-159.68
3.7062,0.010474,-159.18
3.7165,0.011903,-162.99
3.7268,-0.0021425,-159.76
3.7372,-0.0095222,-159.18
3.7475,0.0073797,-161.61
3.7578,0.0057133,-160.84
3.7681,-0.0095222,-158.79
3.7785,0.0019044,-159.27
3.7888,0.012379,-162.33
3.7991,0.0033328,-159.72
3.8094,-0.010712,-158.44
3.8198,0.004285,-160.34
3.8301,-0.0021425,-161.36
3.8404,-0.010712,-158.77
3.8507,-0.013331,-158.52
3.861,0.0073797,-160.09
3.8714,-0.0011903,-160.53
3.8817,-0.020235,-158.19
3.892,-0.004285,-158.81
3.9023,0.010236,-160.05
3.9127,-0.011189,-158.69
3.923,-0.0061894,-157.22
3.9333,0.0061894,-159.37
3.9436,-0.0011903,-159.16
3.954,-0.010236,-157.22
3.9643,-0.011427,-156.86
3.9746,0.0078558,-159.39
3.9849,-0.0059514,-158.44
3.9953,-0.0090461,-155.71
4.0056,0.0016664,-159.02
4.0159,0.010712,-159.68
4.0262,-0.0033328,-156.7
4.0366,-0.0092842,-155.91
4.0469,0.0049992,-156.31
4.0572,0.0026186,-157.53
4.0675,-0.012141,-154.24
4.0778,-0.0095222,-155.66
4.0882,0.00857,-157.53
4.0985,-0.0014283,-155.71
4.1088,-0.0061894,-155.6
4.1191,-0.0021425,-155.23
4.1295,0.0019044,-155.54
4.1398,0.010951,-152.79
4.1501,-0.014759,-153.84
4.1604,0.010474,-154.21
4.1708,0.0073797,-153.8
4.1811,-0.011189,-151.56
4.1914,-0.0038089,-153.88
4.2017,0.0078558,-154.75
4.2121,-0.012141,-150.57
4.2224,-0.010951,-150.22
4.2327,0.012617,-152
4.243,0.0047611,-151.4
4.2533,0.00023806,-149.6
4.2637,0.0047611,-149.74
4.274,0.014045,-151.23
4.2843,-0.00047611,-149.93
4.2946,-0.012855,-148.19
4.305,-0.00023806,-149.31
4.3153,0.012617,-148.75
4.3256,-0.0097603,-146.16
4.3359,-0.0092842,-146.64
4.3463,0.0054753,-148
4.3566,0.00857,-147.34
4.3669,-0.013093,-144.44
4.3772,-0.0097603,-147.09
4.3876,0.012379,-146.31
4.3979,0.0038089,-144.42
4.4082,-0.017854,-143.2
4.4185,-0.004285,-144.98
4.4289,0.0097603,-143.53
4.4392,-0.0073797,-140.86
4.4495,-0.012141,-143.12
4.4598,0.016188,-142.62
4.4701,0.0073797,-141.88
4.4805,-0.008808,-140.3
4.4908,-0.0021425,-141.65
4.5011,0.012141,-142.27
4.5114,-0.0061894,-138.77
4.5218,-0.0064275,-139.14
4.5321,0.004523,-141.96
4.5424,0.00857,-138.09
4.5527,-0.011189,-135.67
4.5631,-0.010712,-138.67
4.5734,-0.00071417,-138.32
4.5837,-0.00047611,-135.31
4.594,-0.004285,-134.67
4.6044,0,-135.62
4.6147,0.023806,-136.33
4.625,-0.0076178,-133.31
4.6353,-0.014997,-133.72
4.6456,0.012141,-135.4
4.656,0.0028567,-133.06
4.6663,-0.0061894,-131.94
4.6766,-0.0011903,-133.22
4.6869,0.014283,-133.35
4.6973,-0.00023806,-131.36
4.7076,-0.0026186,-131.19
4.7179,0.00047611,-132.73
4.7282,0.0078558,-131.19
4.7386,-0.0026186,-129.99
4.7489,-0.016188,-130.86
4.7592,0.0054753,-131.73
4.7695,0.00047611,-127.47
4.7799,-0.0097603,-127.57
4.7902,-0.010951,-129.21
4.8005,0.010236,-128.27
4.8108,0.0047611,-125.15
4.8211,-0.01833,-126.56
4.8315,0.0038089,-126.72
4.8418,0.0066655,-125.6
4.8521,-0.0035708,-123.89
4.8624,-0.0090461,-125.07
4.8728,0.0099983,-124.53
4.8831,-0.0023806,-122.19
4.8934,-0.019044,-122.91
4.9037,-0.0090461,-123.37
4.9141,0.0095222,-122.17
4.9244,-0.0033328,-121.42
4.9347,-0.0095222,-121.92
4.945,0.0090461,-122.75
4.9554,0.0061894,-121.01
4.9657,-0.010474,-120.06
4.976,-0.010951,-120.72
4.9863,0.011189,-120.84
4.9967,0.0066655,-117.94
5.007,-0.0092842,-118.19
5.0173,0.0066655,-120.76
5.0276,0.0038089,-117.2
5.0379,-0.0099983,-116.68
5.0483,-0.012617,-117.57
5.0586,0.0069036,-117.41
5.0689,0.0076178,-114.4
5.0792,-0.013569,-115.67
5.0896,-0.008808,-116.06
5.0999,-0.00071417,-114.34
5.1102,0,-111.73
5.1205,-0.0066655,-114.55
5.1309,0.0097603,-114.88
5.1412,0.015474,-112.25
5.1515,-0.008808,-111.07
5.1618,-0.013569,-113.43
5.1722,0.01833,-111.57
5.1825,-0.0083319,-108.75
5.1928,-0.008808,-110.99
5.2031,-0.0033328,-111.86
5.2134,0.014283,-110.45
5.2238,-0.010474,-109.33
5.2341,-0.011903,-110.1
5.2444,0.010712,-108.73
5.2547,0.0057133,-107.36
5.2651,-0.0059514,-106.14
5.2754,-0.0083319,-107.8
5.2857,0.0097603,-106.04
5.296,0.00047611,-104.9
5.3064,-0.013093,-106.02
5.3167,-0.012379,-106.54
5.327,0.017854,-103.33
5.3373,-0.0073797,-104.38
5.3477,-0.015474,-104.9
5.358,0.010474,-103.95
5.3683,-0.004285,-101.05
5.3786,-0.012855,-102.11
5.389,-0.0061894,-103.58
5.3993,0.004285,-100.82
5.4096,-0.0035708,-100.12
5.4199,-0.015236,-101.38
5.4302,-0.0023806,-100.45
5.4406,0.018092,-98.649
5.4509,-0.0076178,-97.903
5.4612,-0.0097603,-99.932
5.4715,0.0064275,-97.427
5.4819,-0.0014283,-96.972
5.4922,-0.0071417,-96.972
5.5025,-0.013331,-98.731
5.5128,0.015236,-95.398
5.5232,0.00023806,-95.543
5.5335,-0.0073797,-96.578
5.5438,0.0078558,-94.425
5.5541,0.0078558,-93.328
5.5645,-0.0059514,-92.935
5.5748,-0.013807,-94.28
5.5851,0.013569,-92.189
5.5954,0.0057133,-90.512
5.6057,-0.0092842,-93.349
5.6161,0.0071417,-91.258
5.6264,0.014045,-89.539
5.6367,-0.0059514,-88.98
5.647,-0.0016664,-90.864
5.6574,-0.0028567,-89.622
5.6677,0,-86.972
5.678,-0.011665,-89.457
5.6883,-0.0035708,-89.208
5.6987,0.0016664,-86.041
5.709,0.004523,-85.999
5.7193,-0.0092842,-86.682
5.7296,-0.0023806,-85.42
5.74,0.004523,-82.811
5.7503,0.0023806,-85.109
5.7606,-0.0092842,-85.109
5.7709,0.012617,-83.08
5.7812,0.0071417,-81.859
5.7916,-0.0049992,-84.198
5.8019,-0.0071417,-83.163
5.8122,0.010951,-80.41
5.8225,0.0016664,-80.347
5.8329,-0.0066655,-81.3
5.8432,0.011903,-79.602
5.8535,0.011189,-77.221
5.8638,-0.0026186,-79.209
5.8742,-0.0073797,-79.664
5.8845,0.014521,-76.331
5.8948,-0.0026186,-78.029
5.9051,-0.013569,-77.925
5.9155,-0.0011903,-75.896
5.9258,0.012617,-73.329
5.9361,-0.0073797,-74.613
5.9464,-0.004523,-75.71
5.9568,0.0028567,-72.853
5.9671,0.0052372,-71.507
5.9774,-0.0073797,-73.019
5.9877,-0.0011903,-72.687
5.998,0.019282,-70.265
6.0084,-0.00023806,-69.603
6.0187,-0.012141,-70.741
6.029,0.0049992,-69.085
6.0393,0.0059514,-66.663
6.0497,-0.0052372,-69.893
6.06,-0.0092842,-68.837
6.0703,0.0054753,-66.228
6.0806,0.014997,-65.524
6.091,-0.0021425,-66.145
6.1013,-0.0071417,-65.214
6.1116,-0.0092842,-62.957
6.1219,0.010474,-63.951
6.1323,-0.0028567,-64.634
6.1426,-0.0099983,-61.818
6.1529,0.011903,-60.659
6.1632,-0.00857,-62.191
6.1735,-0.018806,-61.839
6.1839,0.013331,-59.355
6.1942,0.0040469,-58.009
6.2045,-0.0095222,-59.727
6.2148,-0.0047611,-58.485
6.2252,0.0076178,-55.235
6.2355,-0.00095222,-57.657
6.2458,-0.015712,-57.285
6.2561,0.0057133,-55.214
6.2665,0.0028567,-55.069
6.2768,-0.0071417,-55.608
6.2871,-0.00071417,-53.744
6.2974,0.0016664,-51.819
6.3078,0.0028567,-52.171
6.3181,-0.01595,-53.537
6.3284,0.0040469,-50.722
6.3387,0.010951,-49.397
6.3491,-0.0059514,-50.37
6.3594,-0.004285,-51.157
6.3697,-0.00047611,-47.285
6.38,-0.0030947,-47.264
6.3903,0.00071417,-48.755
6.4007,-0.0038089,-46.892
6.411,0.0019044,-43.683
6.4213,0.00047611,-46.146
6.4316,-0.010236,-45.153
6.442,0.0064275,-43.289
6.4523,0.015474,-43.704
6.4626,-0.010712,-44.925
6.4729,-0.011189,-43.186
6.4833,-0.00071417,-39.894
6.4936,0.0028567,-40.847
6.5039,-0.0071417,-41.509
6.5142,-0.0028567,-39.335
6.5246,0.0083319,-37.845
6.5349,-0.00071417,-39.853
6.5452,-0.010236,-40.184
6.5555,0.0071417,-36.437
6.5658,0.011903,-35.526
6.5762,-0.0083319,-36.623
6.5865,-0.012141,-34.926
6.5968,0.014283,-32.917
6.6071,0.0069036,-34.035
6.6175,-0.0073797,-34.574
6.6278,0.012617,-32.317
6.6381,0.011665,-31.717
6.6484,-0.0080939,-32.938
6.6588,-0.013331,-31.24
6.6691,0.0080939,-29.108
6.6794,0.015474,-29.812
6.6897,-0.011427,-30.578
6.7001,0.0019044,-27.825
6.7104,0.0023806,-25.796
6.7207,0,-26.748
6.731,-0.0073797,-26.996
6.7414,-0.0026186,-24.947
6.7517,0.01595,-23.394
6.762,0.0019044,-24.657
6.7723,-0.012379,-24.16
6.7826,0.010951,-21.013
6.793,0.0019044,-22.607
6.8033,-0.010236,-22.69
6.8136,-0.00023806,-20.123
6.8239,0.0095222,-20.247
6.8343,0.0011903,-20.268
6.8446,-0.012379,-19.067
6.8549,0.0030947,-17.308
6.8652,0.0033328,-17.577
6.8756,-0.0023806,-18.819
6.8859,-0.0099983,-15.548
6.8962,0.0040469,-14.161
6.9065,0,-15.258
6.9169,-0.00857,-14.099
6.9272,-0.0026186,-12.297
6.9375,0.0066655,-12.215
6.9478,0.0059514,-13.105
6.9581,-0.0028567,-11.304
6.9685,0.0054753,-9.958
6.9788,-0.00023806,-10.517
6.9891,-0.0090461,-10.662
6.9994,-0.00071417,-7.1425
7.0098,0.0061894,-7.4944
7.0201,-0.0023806,-8.5502
7.0304,-0.010951,-7.1839
7.0407,-0.0076178,-5.0101
7.0511,0.013569,-5.1757
7.0614,-0.0066655,-6.7284
7.0717,-0.021187,-3.2296
7.082,0.0078558,-1.884
7.0924,0.00857,-3.9749
7.1027,-0.011665,-2.4015
7.113,-0.015474,-0.51757
7.1233,0.00095222,0.49687
7.1336,-0.00023806,-0.86952
7.144,-0.01595,0.33124
7.1543,0,3.271
7.1646,0.013093,1.4285
7.1749,0.0016664,0.86952
7.1853,-0.004285,5.1136
7.1956,0.010951,3.7679
7.2059,0.0030947,4.4718
7.2162,-0.0083319,5.6933
7.2266,0.0028567,7.5358
7.2369,0.013807,7.2046
7.2472,0.0023806,6.1901
7.2575,-0.0069036,9.2541
7.2679,0.010236,10.124
7.2782,0.0073797,8.5088
7.2885,-0.01595,8.9229
7.2988,-0.0014283,11.945
7.3092,0.014759,12.546
7.3195,-0.00071417,10.351
7.3298,-0.014045,12.38
7.3401,0.0052372,15.134
7.3504,0.00857,13.56
7.3608,-0.0064275,13.395
7.3711,-0.0047611,16.666
7.3814,0.016664,16.645
7.3917,0.010236,15.361
7.4021,-0.011189,15.962
7.4124,-0.0028567,19.088
7.4227,0.0066655,19.191
7.433,0.0030947,17.597
7.4434,-0.004523,19.585
7.4537,0.0016664,21.282
7.464,0.0033328,19.957
7.4743,-0.0033328,20.537
7.4847,-0.016664,23.353
7.495,0.016664,23.146
7.5053,0.0073797,21.552
7.5156,-0.0021425,23.332
7.5259,0.00047611,25.816
7.5363,0.011665,23.891
7.5466,-0.0095222,23.953
7.5569,-0.0057133,26.603
7.5672,-0.0049992,27.576
7.5776,0.0057133,26.748
7.5879,-0.0033328,27.183
7.5982,-0.0080939,30.123
7.6085,0.011665,27.7
7.6189,-0.0049992,27.928
7.6292,-0.014759,29.998
7.6395,0.00071417,31.282
7.6498,0.013807,30.247
7.6602,0.0023806,31.075
7.6705,-0.0038089,33.062
7.6808,0.012379,33.373
7.6911,0.011665,31.22
7.7015,-0.00095222,32.855
7.7118,0.0014283,35.443
7.7221,0.0040469,35.257
7.7324,0.0071417,34.719
7.7427,-0.010712,36.416
7.7531,0.0030947,37.534
7.7634,0.014045,36.168
7.7737,-0.0076178,37.327
7.784,-0.0052372,40.018
7.7944,0.014997,38.963
7.8047,0.00095222,37.348
7.815,-0.012379,39.315
7.8253,-0.0035708,41.219
7.8357,0.0073797,39.977
7.846,-0.00071417,39.853
7.8563,-0.010951,43.02
7.8666,0.015236,42.399
7.877,0.0023806,41.343
7.8873,-0.0057133,43.041
7.8976,-0.0047611,45.194
7.9079,0.0054753,43.497
7.9182,-0.0030947,43.517
7.9286,-0.012617,45.236
7.9389,-0.0054753,46.561
7.9492,0.0097603,46.126
7.9595,0.0028567,45.898
7.9699,-0.00071417,48.879
7.9802,0.00095222,47.596
7.9905,0.0097603,46.871
8.0008,-0.0073797,49.273
8.0112,-0.0064275,50.846
8.0215,0.021187,48.9
8.0318,-0.0033328,50.308
8.0421,-0.0049992,52.026
8.0525,-0.0052372,51.798
8.0628,0.0059514,50.908
8.0731,-0.013093,52.502
8.0834,-0.010951,55.173
8.0938,0.0054753,53.248
8.1041,0.00095222,53.04
8.1144,-0.013807,55.463
8.1247,-0.0057133,56.498
8.135,0.008808,54.221
8.1454,-0.0099983,55.359
8.1557,-0.012379,58.216
8.166,0.0066655,58.32
8.1763,0.012379,55.98
8.1867,-0.016664,58.734
8.197,-0.00857,60.121
8.2073,0.0095222,59.748
8.2176,-0.00047611,59.479
8.228,-0.0099983,62.75
8.2383,0.00095222,61.963
8.2486,0.011427,60.97
8.2589,-0.010951,62.357
8.2693,-0.012855,64.675
8.2796,0.012141,62.895
8.2899,0.013093,61.736
8.3002,-0.0052372,65.483
8.3105,-0.0049992,66.27
8.3209,0.013569,65.276
8.3312,0.0035708,65.504
8.3415,-0.013807,68.588
8.3518,-0.0080939,66.953
8.3622,0.010474,65.338
8.3725,-0.0040469,69.064
8.3828,-0.013807,70.431
8.3931,0.0095222,68.609
8.4035,0.0095222,69.934
8.4138,-0.0026186,71.859
8.4241,-0.00857,71.28
8.4344,0.011189,70.845
8.4448,0.0057133,71.487
8.4551,-0.0073797,74.199
8.4654,0.0033328,72.191
8.4757,0.011427,72.687
8.486,-0.012855,75.006
8.4964,-0.0019044,76.559
8.5067,0.0061894,74.468
8.517,0.011665,75.296
8.5273,-0.0049992,79.043
8.5377,-0.010951,77.408
8.548,0.0071417,76.29
8.5583,-0.0016664,78.194
8.5686,-0.0057133,80.058
8.579,-0.0011903,77.987
8.5893,0.0049992,79.851
8.5996,-0.011427,81.072
8.6099,-0.0047611,82.149
8.6203,0.0023806,81.176
8.6306,-0.0019044,82.024
8.6409,-0.004523,84.322
8.6512,-0.0035708,82.956
8.6616,0.0097603,83.701
8.6719,0.00071417,85.585
8.6822,-0.0061894,84.985
8.6925,0.0052372,83.95
8.7028,0.0071417,85.275
8.7132,-0.015712,88.463
8.7235,-0.0064275,89.043
8.7338,0.0019044,86.455
8.7441,0.004285,90.036
8.7545,-0.0052372,90.761
8.7648,0.00071417,89.891
8.7751,0.0078558,88.173
8.7854,-0.004285,92.79
8.7958,-0.0047611,92.769
8.8061,0.0076178,91.113
8.8164,0.013331,92.127
8.8267,0.00023806,95.336
8.8371,-0.0080939,93.432
8.8474,0.0076178,92.748
8.8577,0.0021425,95.978
8.868,-0.011427,95.605
8.8783,-0.0076178,94.819
8.8887,0.010712,95.502
8.899,-0.0076178,98.4
8.9093,-0.0076178,97.945
8.9196,0.013331,96.992
8.93,0.012379,99.332
8.9403,-0.0090461,99.932
8.9506,0.00047611,98.4
8.9609,0.0078558,99.974
8.9713,-0.0019044,101.84
8.9816,-0.011189,101.73
8.9919,0.0099983,100.78
9.0022,0.018092,102.29
9.0126,-0.010712,104.76
9.0229,0.00857,103.12
9.0332,0.0052372,104.32
9.0435,0.0028567,105.23
9.0539,-0.0061894,104.03
9.0642,-0.0023806,104.22
9.0745,0.01714,105.27
9.0848,0.0023806,108.23
9.0951,-0.014045,106.95
9.1055,0.010236,106.58
9.1158,0.0028567,109.12
9.1261,-0.0076178,110.24
9.1364,0.0023806,108.77
9.1468,0.0099983,106.52
9.1571,0.0083319,111.55
9.1674,-0.013569,111.34
9.1777,-0.004523,108.5
9.1881,0.0064275,112.15
9.1984,-0.0083319,113.6
9.2087,-0.0073797,112.06
9.219,0.010474,112.02
9.2294,0.011903,115.05
9.2397,-0.016426,114.96
9.25,-0.0021425,113.04
9.2603,0.016902,114.76
9.2706,0.0011903,117.07
9.281,-0.0090461,115.96
9.2913,0.0071417,114.73
9.3016,0.01714,117.36
9.3119,-0.0069036,118.23
9.3223,-0.0023806,117.53
9.3326,0.014283,117.28
9.3429,-0.0019044,119.62
9.3532,-0.017616,119.35
9.3636,0.0028567,118.17
9.3739,0.0090461,121.26
9.3842,-0.0035708,122.6
9.3945,-0.013331,120.8
9.4049,0.00071417,120.59
9.4152,0.011427,123
9.4255,-0.0061894,122.71
9.4358,0.0030947,122.08
9.4461,0.014521,122.85
9.4565,0.019521,125.48
9.4668,-0.0019044,122.83
9.4771,-0.0014283,122.91
9.4874,0.015236,125.71
9.4978,0.0030947,126.18
9.5081,-0.0054753,124.61
9.5184,0.010474,122.75
9.5287,-0.0016664,126.74
9.5391,-0.014759,126.06
9.5494,-0.014997,125.46
9.5597,0.011427,127.32
9.57,0.0023806,130.37
9.5804,-0.0097603,126.64
9.5907,0.0026186,127.22
9.601,0.0064275,131.19
9.6113,-0.0030947,130.86
9.6217,-0.0092842,128.46
9.632,0.0033328,127.55
9.6423,0.0054753,131.28
9.6526,-0.0090461,131.19
9.6629,-0.0064275,128.96
9.6733,0.0066655,131.46
9.6836,-0.0026186,133.02
9.6939,-0.00071417,130.9
9.7042,0.0061894,131.57
9.7146,0.012617,133.45
9.7249,-0.004523,133.39
9.7352,-0.011427,131.88
9.7455,0.015236,133.2
9.7559,0.0033328,135.25
9.7662,-0.0076178,133.84
9.7765,-0.011427,132.89
9.7868,0.012379,135.75
9.7972,0.0038089,133.43
9.8075,-0.00857,133.39
9.8178,0.012617,135.21
9.8281,0.010236,137.03
9.8384,-0.0021425,135.62
9.8488,-0.0049992,134.88
9.8591,0.0095222,137.05
9.8694,0.0071417,137.9
9.8797,-0.0028567,135.91
9.8901,0.010951,136.06
9.9004,0.010236,138.65
9.9107,0.0038089,137.18
9.921,-0.0035708,136.08
9.9314,-0.00095222,138.42
9.9417,0.01714,139.56
9.952,-0.0095222,138.56
9.9623,-0.0028567,138.36
9.9727,0.012617,140.76
9.983,0.004523,137.36
9.9933,-0.0083319,139
10.004,0.0076178,139.52
10.014,0.016902,142.12
10.024,-0.00095222,140.55
10.035,-0.0040469,138.05
10.045,0.0078558,141.13
10.055,0.0099983,141.79
10.066,-0.0095222,139.6
10.076,-0.00023806,140.34
10.086,0.0057133,142.56
10.097,0.0019044,142
10.107,-0.0057133,140.57
10.117,0.0069036,142.6
10.128,0.011427,144.44
10.138,-0.00095222,141.67
10.148,-0.00023806,142.48
10.158,0.0040469,144.34
10.169,0.011903,144.05
10.179,-0.021663,142.48
10.189,-0.0016664,143.55
10.2,0.014521,145.13
10.21,0.0090461,144.44
10.22,-0.011665,142.52
10.231,0.0064275,144.46
10.241,0.0047611,145.15
10.251,-0.014521,142.81
10.262,-0.016664,143.2
10.272,0.013331,146.31
10.282,0.0064275,145
10.293,-0.010474,143.57
10.303,0.0026186,145.77
10.313,0.0076178,147.53
10.324,-0.0083319,145.64
10.334,-0.0073797,145.71
10.344,0.00023806,148.34
10.355,-0.0019044,147.3
10.365,0,145.98
10.375,-0.012379,147.09
10.386,0.014045,149.74
10.396,0.0080939,147.05
10.406,-0.0069036,146.72
10.417,0.0026186,148.89
10.427,0.00857,149.33
10.437,-0.0021425,148.42
10.448,0.0047611,145.48
10.458,0.013569,150.57
10.468,0.0021425,149.91
10.479,-0.0071417,148.42
10.489,-0.0052372,150.41
10.499,0.0092842,153.12
10.509,0.0061894,150.49
10.52,-0.0090461,150.43
10.53,0.0095222,152.17
10.54,0.010712,151.28
10.551,-0.016188,150.82
10.561,0.004285,152.48
10.571,0.0090461,154.42
10.582,0.012141,153.06
10.592,-0.0076178,153.1
10.602,-0.0049992,153.95
10.613,0.011903,155.15
10.623,-0.0023806,153.22
10.633,-0.0047611,154.13
10.644,0.019044,155.33
10.654,0.014283,155.11
10.664,-0.012855,153.72
10.675,-0.0049992,155.87
10.685,0.011903,156.97
10.695,-0.00023806,154.82
10.706,-0.011665,155.21
10.716,-0.008808,157.2
10.726,0.015236,157.53
10.737,-0.0047611,155
10.747,-0.0021425,155.5
10.757,0.014997,159.02
10.768,0.011665,157.69
10.778,-0.0021425,155.48
10.788,-0.0019044,158.54
10.799,0.016902,158.87
10.809,0.0011903,157.69
10.819,-0.00857,157.82
10.83,0.0069036,159.18
10.84,0.0073797,159.02
10.85,-0.00023806,156.7
10.86,-0.0061894,159.02
10.871,0.012379,159.99
10.881,0.00857,157.69
10.891,-0.011665,158.36
10.902,0.0038089,159.39
10.912,0.020473,159.97
10.922,0.00857,158.46
10.933,-0.0021425,159.2
10.943,0.0069036,160.41
10.953,0.014283,159.87
10.964,-0.013807,158.65
10.974,-0.011665,162.04
10.984,0.00095222,161.69
10.995,0.0026186,159.35
11.005,-0.012855,159.78
11.015,0.0047611,161.44
11.026,0.016664,161.34
11.036,-0.0021425,158.36
11.046,-0.0040469,160.78
11.057,0.012379,162.41
11.067,0.010236,160.67
11.077,-0.0095222,160.34
11.088,-0.010474,162.66
11.098,0.011427,163.66
11.108,-0.0035708,160.51
11.119,-0.010712,161.21
11.129,0.0052372,163.03
11.139,0.0095222,161.63
11.15,-0.0038089,160.84
11.16,-0.010236,163.32
11.17,0.010474,161.79
11.181,0,160.96
11.191,-0.012855,161.54
11.201,-0.0049992,164.32
11.211,0.0061894,162.58
11.222,-0.0038089,160.78
11.232,-0.0049992,164.32
11.242,0.010474,164.65
11.253,0.016664,161.5
11.263,-0.0019044,163.32
11.273,-0.0035708,164.44
11.284,0.019044,163.68
11.294,0.0023806,162.52
11.304,-0.0080939,163.16
11.315,0.0069036,164.81
11.325,0.016188,163.16
11.335,0.0057133,161.19
11.346,-0.0019044,165
11.356,0.014997,164.65
11.366,-0.00023806,161.71
11.377,-0.010236,162.66
11.387,-0.0049992,165.66
11.397,0.011427,164.32
11.408,0.014045,162.19
11.418,-0.0033328,162.62
11.428,0.00023806,164.98
11.439,0.012855,162.99
11.449,0.004285,163.49
11.459,-0.0080939,165.6
11.47,0.0095222,164.98
11.48,0.004285,163.22
11.49,0.004285,164.32
11.501,0.00047611,165.68
11.511,0.0097603,164.32
11.521,-0.0016664,163.66
11.532,-0.014283,165.21
11.542,-0.0061894,165.64
11.552,0.0030947,163.66
11.562,0.0019044,164.32
11.573,-0.0052372,164.98
11.583,0.0061894,164.98
11.593,0.0099983,162.45
11.604,-0.0016664,164.48
11.614,0.0069036,165.31
11.624,0.017616,163.24
11.635,-0.00071417,162.99
11.645,-0.011427,165.85
11.655,-0.0035708,165.15
11.666,0.011427,163.08
11.676,-0.0097603,164.77
11.686,-0.0014283,166.1
11.697,0.0028567,164.36
11.707,0.0057133,164.32
11.717,-0.0035708,164.09
11.728,0.0035708,165.77
11.738,0.018568,164.32
11.748,-0.0028567,164.32
11.759,-0.0076178,165.91
11.769,0.013569,163.34
11.779,0.010474,163.2
11.79,-0.0014283,164.98
11.8,0.0014283,165.35
11.81,0.011427,164.57
11.821,-0.0026186,163.78
11.831,-0.0061894,165.35
11.841,0.0038089,164.67
11.852,0.0021425,163.74
11.862,-0.018568,163.7
11.872,-0.0071417,165.85
11.883,0.0014283,164.52
11.893,-0.0064275,163.66
11.903,-0.011665,164.32
11.914,-0.0064275,165.99
11.924,0.00047611,164.98
11.934,-0.00023806,163.45
11.944,-0.011903,165.48
11.955,0.0083319,164.32
11.965,0.01714,163.1
11.975,-0.0071417,164.4
11.986,-0.010951,166.14
11.996,0.020949,163.66
12.006,0.00047611,164.32
12.017,-0.014045,165.64
12.027,-0.0066655,165.19
12.037,0.0035708,164.38
12.048,0.0040469,164.32
12.058,-0.011427,166.76
12.068,0.0052372,164.32
12.079,0.0026186,164.32
12.089,-0.00857,165.35
12.099,0.00071417,165.31
12.11,0.015712,163.76
12.12,0.0033328,164.32
12.13,-0.0069036,165.81
12.141,0.0061894,164.57
12.151,0.016426,163.16
12.161,-0.0047611,164.32
12.172,-0.014997,166.31
12.182,0.0023806,163.16
12.192,0.012141,162.99
12.203,-0.004285,165.99
12.213,-0.0030947,162.79
12.223,0.015236,162.33
12.234,0.0097603,164.32
12.244,-0.011427,165.64
12.254,0.0076178,164.46
12.265,0.01714,163.66
12.275,0.0014283,165.27
12.285,0.0040469,165.15
12.295,0.012617,161.94
12.306,0.012141,163.66
12.316,-0.00095222,166.06
12.326,-0.0038089,164.69
12.337,0.01833,163.32
12.347,0.010236,164.67
12.357,-0.021901,165.64
12.368,0.0064275,163.66
12.378,0.0057133,163.12
12.388,-0.00857,164.34
12.399,0.0052372,163.14
12.409,0.014045,161.75
12.419,0.0057133,162.5
12.43,-0.0059514,164.98
12.44,-0.0011903,163.49
12.45,0.013331,161.9
12.461,-0.0054753,164.98
12.471,-0.014283,163.82
12.481,0.015236,160.9
12.492,0.011427,161.83
12.502,-0.0054753,164.32
12.512,0.0047611,162.99
12.523,0.012141,160.67
12.533,0.00095222,162.99
12.543,-0.0076178,163.08
12.554,-0.0038089,161.5
12.564,0.0069036,160.28
12.574,0.0021425,162.64
12.585,-0.0057133,161.17
12.595,0.018568,160.01
12.605,0.0014283,160.84
12.616,-0.0059514,162.16
12.626,0.0052372,160.55
12.636,0.00857,159.02
12.646,0.004285,161.01
12.657,0.0052372,161.46
12.667,0.004523,159.02
12.677,0.0061894,157.65
12.688,-0.010474,159.83
12.698,-0.0033328,159.68
12.708,0.015712,156.41
12.719,0.0023806,158.44
12.729,-0.0014283,160.03
12.739,0.0011903,157.53
12.75,0.016426,156.14
12.76,-0.0049992,158.15
12.77,-0.0076178,158.29
12.781,0.004285,155.06
12.791,0.0071417,156.16
12.801,-0.0071417,157.9
12.812,-0.0049992,155.5
12.822,0.014521,153.84
12.832,0.01595,155.52
12.843,-0.018806,156.2
12.853,0.011189,152.81
12.863,0.0092842,152.39
12.874,-0.00047611,154.09
12.884,-0.014045,154.38
12.894,0.012855,150.78
12.905,0.0061894,151.42
12.915,-0.0064275,152.91
12.925,-0.0033328,151.11
12.936,0.012379,149.78
12.946,-0.0071417,151.4
12.956,-0.0059514,148.54
12.967,0.00047611,147.92
12.977,0.00857,147.96
12.987,-0.010712,149.78
12.997,0.00023806,148.67
13.008,0.0059514,146.39
13.018,0.0092842,148
13.028,-0.01595,148.34
13.039,-0.0047611,145.35
13.049,0.015236,143.99
13.059,-0.0073797,147.09
13.07,-0.0090461,145.21
13.08,0.0040469,143.33
13.09,-0.0059514,143.84
13.101,-0.0047611,145.11
13.111,-0.0069036,142.29
13.121,0.010712,142.5
13.132,0.0014283,143.2
13.142,0,142.87
13.152,-0.004285,139.23
13.163,0.012141,139.66
13.173,-0.0071417,141.79
13.183,-0.011903,139.52
13.194,0.011903,137.32
13.204,0.014283,139.1
13.214,-0.0057133,139.31
13.225,-0.0026186,137.57
13.235,0.008808,135.46
13.245,-0.0076178,137.82
13.256,-0.0076178,137.49
13.266,0.0071417,135.5
13.276,0.019759,135.62
13.287,-0.0038089,136.53
13.297,-0.0071417,134.59
13.307,0.016664,133.53
13.318,-0.0019044,133.86
13.328,-0.0097603,133.97
13.338,0.0054753,131.94
13.348,0.014997,132.52
13.359,-0.0049992,133.24
13.369,-0.016902,131.57
13.379,0.011665,130.78
13.39,0.0061894,131.46
13.4,-0.011903,131.46
13.41,-0.0095222,128.71
13.421,0.0090461,128.32
13.431,0.0049992,130.94
13.441,-0.0076178,130.41
13.452,0.010951,126.64
13.462,0.012379,127.09
13.472,0.0047611,130.3
13.483,-0.0076178,126.14
13.493,0.012617,125.6
13.503,0.0071417,126.35
13.514,-0.011903,126.78
13.524,-0.017378,124.61
13.534,0.014759,123.49
13.545,0.0073797,125.13
13.555,-0.018568,123.04
13.565,-0.0061894,121.92
13.576,0.015712,122.95
13.586,-0.0064275,123.04
13.596,-0.012855,121.26
13.607,0.012141,120.59
13.617,-0.00095222,122.35
13.627,-0.012141,120.68
13.638,-0.0023806,118.42
13.648,0.0057133,119.06
13.658,-0.010236,120.47
13.669,-0.0059514,117.9
13.679,0.0033328,117.18
13.689,0.0076178,120.32
13.699,0.0026186,118.65
13.71,-0.0054753,116.47
13.72,0.016188,115.5
13.73,0.0047611,117.14
13.741,-0.010712,115.5
13.751,-0.0076178,112.97
13.761,0.0083319,114.3
13.772,-0.0076178,115.42
13.782,-0.015236,112.56
13.792,-0.0040469,112.64
13.803,0.0071417,115.5
13.813,-0.0078558,112.62
13.823,0.00023806,110.9
13.834,0.011189,110.57
13.844,0.004285,112.33
13.854,-0.010712,109
13.865,0.023091,108.01
13.875,0.014521,110.66
13.885,0.0011903,110.76
13.896,0.0016664,108.05
13.906,0.012855,106.89
13.916,0.0011903,110.86
13.927,-0.0035708,107.1
13.937,-0.0016664,106.02
13.947,0.0064275,106.7
13.958,0.0078558,107.01
13.968,-0.0078558,103.72
13.978,0.0069036,103.12
13.989,0.013569,105.27
13.999,-0.011189,104.94
14.009,-0.00071417,102.35
14.02,0.0069036,102.71
14.03,0.0073797,103.45
14.04,-0.0028567,101.98
14.051,0.004285,100.72
14.061,0.010236,101.63
14.071,0.0028567,101.22
14.081,-0.0092842,98.649
14.092,0.01714,98.752
14.102,0.0038089,99.311
14.112,-0.008808,98.835
14.123,-0.0035708,96.433
14.133,0.012855,97.758
14.143,-0.0023806,98.462
14.154,-0.0097603,94.28
14.164,-0.0033328,95.212
14.174,0.004523,97.531
14.185,-0.0066655,95.812
14.195,-0.0069036,93.307
14.205,0.017616,93.038
14.216,0.011903,94.073
14.226,-0.0095222,91.775
14.236,-0.012855,90.782
14.247,0.016188,92.355
14.257,0.0054753,93.059
14.267,-0.0076178,90.471
14.278,0.0057133,89.788
14.288,0.0076178,91.196
14.298,-0.0090461,89.726
14.309,-0.0076178,86.579
14.319,0.0069036,88.856
14.329,-0.0026186,89.105
14.34,-0.0097603,86.186
14.35,-0.0011903,86.165
14.36,0.0092842,87.676
14.371,-0.0038089,86.703
14.381,-0.011665,83.308
14.391,0.0095222,84.053
14.402,-0.00071417,84.674
14.412,-0.017378,82.832
14.422,-0.00857,81.176
14.432,0.0061894,82.645
14.443,0.0023806,82.645
14.453,-0.014521,79.768
14.463,0.00023806,80.244
14.474,0.013331,81.548
14.484,-0.0019044,80.285
14.494,-0.0057133,76.828
14.505,0.017616,78.401
14.515,0.0026186,78.795
14.525,-0.012617,76
14.536,-0.0057133,76.29
14.546,0.0092842,78.029
14.556,-0.0066655,76.455
14.567,-0.017616,73.35
14.577,0.0059514,74.178
14.587,0.010474,74.923
14.598,-0.008808,72.253
14.608,-0.008808,70.659
14.618,0.0047611,72.356
14.629,-0.0047611,72.066
14.639,-0.0052372,69.913
14.649,0.0054753,68.816
14.66,0.0059514,70.348
14.67,0.0033328,68.754
14.68,-0.0090461,66.145
14.691,0.0064275,67.18
14.701,0.012141,68.547
14.711,0.00071417,65.628
14.722,0.0014283,64.655
14.732,0.010474,67.346
14.742,0.0028567,64.758
14.753,-0.0030947,62.916
14.763,-0.0021425,63.164
14.773,-0.0014283,63.992
14.783,-0.0016664,61.239
14.794,-0.00857,60.245
14.804,0.017616,61.86
14.814,0.0069036,61.467
14.825,-0.0028567,58.651
14.835,0.0038089,56.705
14.845,0.014521,59.251
14.856,0.011189,57.388
14.866,-0.015474,55.608
14.876,0.0097603,56.125
14.887,0.011665,56.891
14.897,-0.014045,53.579
14.907,-0.00071417,53.04
14.918,0.013569,54.945
14.928,-0.004523,52.875
14.938,-0.0071417,51.094
14.949,0.0033328,51.136
14.959,0.017616,51.736
14.969,-0.0019044,49.625
14.98,-0.00857,48.486
14.99,0.0092842,49.231
15,0.0047611,49.914
15.011,-0.0026186,46.581
15.021,-0.004523,45.96
15.031,0.0083319,47.596
15.042,0.0064275,45.505
15.052,-0.011427,43.434
15.062,-0.012379,44.097
15.073,0.012855,44.47
15.083,-0.0054753,42.482
15.093,-0.014283,41.468
15.104,0.0071417,43.414
15.114,0.0073797,41.281
15.124,-0.010236,39.149
15.134,-0.0038089,38.631
15.145,0.00857,40.432
15.155,0.004523,38.259
15.165,-0.016426,36.333
15.176,0.0033328,37.41
15.186,0.0083319,36.83
15.196,-0.012617,34.739
15.207,-0.0097603,34.284
15.217,0.0069036,36.085
15.227,0,34.18
15.238,-0.013093,31.22
15.248,0.0064275,32.876
15.258,0.014045,33.228
15.269,0.0057133,30.288
15.279,-0.010474,29.957
15.289,0.0071417,31.655
15.3,0.0078558,29.584
15.31,-0.0047611,27.245
15.32,-0.0095222,26.872
15.331,0.011903,28.549
15.341,0.004523,26.023
15.351,-0.0097603,24.45
15.362,0.0016664,25.133
15.372,0.014521,25.63
15.382,-0.0059514,23.643
15.393,-0.013093,21.427
15.403,0.00047611,23.601
15.413,0.008808,20.765
15.424,-0.0083319,19.461
15.434,-0.0064275,19.916
15.444,0.01595,20.744
15.455,-0.0097603,18.218
15.465,-0.0059514,17.618
15.475,-0.00071417,19.047
15.485,0.013807,17.618
15.496,-0.013569,14.43
15.506,-0.0061894,15.9
15.516,0.011189,16.045
15.527,0.0054753,13.519
15.537,-0.0066655,12.008
15.547,-0.0061894,14.388
15.558,0.014045,13.208
15.568,-0.0061894,10.91
15.578,-0.0078558,9.9373
15.589,0.010474,11.221
15.599,-0.0016664,8.7159
15.609,-0.004285,7.3495
15.62,-0.0057133,8.1362
15.63,0.014997,8.7573
15.64,0,6.2936
15.651,-0.012379,5.0308
15.661,0.014045,7.1632
15.671,0.0090461,5.3413
15.682,-0.0026186,1.8425
15.692,-0.016664,2.6914
15.702,0.0047611,3.0847
15.713,0.0019044,1.4699
15.723,-0.0097603,-0.22773
15.733,-0.0078558,0.7867
15.744,0.016664,1.1387
15.754,-0.0049992,-1.9047
15.764,-0.019044,-2.2773
15.775,-0.0011903,-1.6769
15.785,0.004523,-2.4843
15.795,-0.0069036,-5.4448
15.806,-0.010951,-3.7058
15.816,0.0038089,-3.9749
15.826,0.0054753,-6.0659
15.836,-0.0076178,-7.8463
15.847,-0.0071417,-6.0038
15.857,0.013569,-6.9147
15.867,0.0033328,-9.7096
15.878,-0.0047611,-9.7096
15.888,0.0083319,-8.219
15.898,0.0028567,-11.097
15.909,-0.0033328,-12.442
15.919,-0.0052372,-10.227
15.929,0.011189,-10.641
15.94,0.0014283,-13.643
15.95,-0.0061894,-14.057
15.96,0.0054753,-12.919
15.971,0.010236,-13.954
15.981,-0.0019044,-17.225
15.991,-0.0054753,-16.024
16.002,0.0078558,-14.865
16.012,0.0021425,-17.163
16.022,-0.0073797,-18.529
16.033,0.0011903,-18.094
16.043,0.0071417,-18.384
16.053,0.0059514,-20.206
16.064,-0.012141,-20.289
16.074,0.0028567,-20.475
16.084,0.00857,-21.22
16.095,-0.0057133,-23.622
16.105,-0.0023806,-21.262
16.115,0.0097603,-21.841
16.126,0.0033328,-25.05
16.136,-0.0097603,-24.802
16.146,0.0040469,-23.394
16.157,0.0033328,-25.63
16.167,-0.0030947,-27.017
16.177,-0.0076178,-25.754
16.188,-0.0023806,-24.968
16.198,0.0064275,-27.969
16.208,-0.012141,-28.466
16.218,0.0019044,-27.1
16.229,0.0066655,-28.383
16.239,-0.0035708,-30.826
16.249,-0.013569,-30.785
16.26,0.0033328,-29.274
16.27,0.015236,-31.22
16.28,0.0035708,-32.793
16.291,-0.010951,-31.137
16.301,0.0095222,-31.696
16.311,-0.00023806,-34.18
16.322,-0.0035708,-34.387
16.332,-0.0047611,-33.663
16.342,0.0080939,-33.994
16.353,0.0052372,-37.037
16.363,-0.011189,-35.629
16.373,-0.0049992,-35.153
16.384,0.0095222,-37.368
16.394,0.0023806,-38.921
16.404,-0.0057133,-36.789
16.415,0.01714,-37.555
16.425,-0.00047611,-39.77
16.435,-0.011189,-41.654
16.446,0.00023806,-38.9
16.456,0.020235,-42.151
16.466,-0.0019044,-42.482
16.477,-0.013093,-40.888
16.487,-0.00095222,-41.24
16.497,0.0095222,-43.828
16.508,-0.0069036,-45.298
16.518,-0.012855,-42.565
16.528,0.014997,-43.89
16.539,-0.0026186,-45.712
16.549,-0.0021425,-45.505
16.559,0.0059514,-44.863
16.569,0.013093,-46.374
16.58,-0.0016664,-48.093
16.59,-0.0071417,-46.933
16.6,0.0095222,-47.637
16.611,0.0033328,-50.411
16.621,-0.0090461,-49.728
16.631,-0.0092842,-47.534
16.642,0.013331,-50.784
16.652,-0.0019044,-52.233
16.662,-0.013331,-51.198
16.673,0.010474,-50.949
16.683,0.014283,-53.951
16.693,-0.0026186,-55.028
16.704,-0.0049992,-52.751
16.714,0.0092842,-53.951
16.724,0.0076178,-55.318
16.735,-0.0064275,-55.877
16.745,0.0026186,-55.297
16.755,0.013331,-56.726
16.766,0.0028567,-57.347
16.776,-0.0097603,-56.974
16.786,0.0057133,-57.471
16.797,0.0049992,-59.955
16.807,-0.0057133,-59.272
16.817,-0.013569,-57.823
16.828,0.00047611,-60.411
16.838,0.0071417,-62.522
16.848,-0.00857,-60.7
16.859,0.00071417,-60.535
16.869,0.0066655,-63.019
16.879,-0.00023806,-64.51
16.89,-0.0095222,-62.108
16.9,0.0080939,-64.116
16.91,0.0033328,-66.187
16.92,-0.016188,-64.841
16.931,-0.004285,-63.62
16.941,0.0054753,-66.518
16.951,-0.0071417,-67.615
16.962,-0.015474,-66.27
16.972,0.0049992,-66.414
16.982,0.011189,-69.313
16.993,-0.0035708,-69.271
17.003,-0.0038089,-68.029
17.013,0.0083319,-70.741
17.024,0.0040469,-72.025
17.034,-0.008808,-69.955
17.044,-0.0059514,-70.389
17.055,0.011903,-72.998
17.065,0.0035708,-73.101
17.075,-0.01833,-72.48
17.086,0.0016664,-73.267
17.096,0.004285,-75.151
17.106,-0.0069036,-75.027
17.117,-0.0023806,-73.909
17.127,0.013093,-76.228
17.137,0.0026186,-77.532
17.148,-0.0076178,-76.435
17.158,0.0099983,-77.18
17.168,0.0047611,-79.602
17.179,-0.0035708,-79.747
17.189,-0.011903,-77.925
17.199,0.0066655,-80.534
17.21,0.00071417,-81.879
17.22,-0.0073797,-79.457
17.23,0.0033328,-80.596
17.241,0.0028567,-83.37
17.251,0.0014283,-82.749
17.261,-0.013331,-81.942
17.271,0,-84.364
17.282,-0.0014283,-85.792
17.292,-0.0026186,-84.819
17.302,-0.008808,-83.95
17.313,0.010712,-85.854
17.323,0.0076178,-88.214
17.333,-0.014283,-86.558
17.344,-0.0090461,-87.655
17.354,0.0023806,-90.119
17.364,0.0047611,-90.45
17.375,-0.0064275,-88.67
17.385,0.016902,-90.864
17.395,0.0099983,-92.065
17.406,-0.0090461,-91.071
17.416,-0.0023806,-90.554
17.426,0.0038089,-92.231
17.437,0.0030947,-93.411
17.447,0.00047611,-92.603
17.457,0.0016664,-93.659
17.468,0.0076178,-96.64
17.478,-0.00095222,-95.46
17.488,-0.0057133,-93.494
17.499,0.0090461,-96.309
17.509,0.00857,-97.158
17.519,0.0021425,-95.026
17.53,-0.0040469,-97.262
17.54,0.0080939,-100.1
17.55,0.0080939,-100.22
17.561,-0.014045,-97.945
17.571,0.0069036,-100.78
17.581,0.0052372,-102.17
17.592,-0.015712,-99.974
17.602,-0.008808,-101.42
17.612,0.0080939,-103.06
17.622,-0.0052372,-102.62
17.633,-0.0099983,-102.11
17.643,0.0030947,-103.99
17.653,0.010951,-105.89
17.664,-0.0026186,-105.07
17.674,-0.011903,-104.38
17.684,0.0090461,-106.08
17.695,-0.0033328,-106.6
17.705,-0.0083319,-106.31
17.715,-0.0059514,-105.89
17.726,0.012617,-109.79
17.736,0.0014283,-109.27
17.746,-0.0054753,-106.95
17.757,0.014521,-110.9
17.767,0.012379,-111.32
17.777,-0.0097603,-109.37
17.788,-0.0069036,-110.1
17.798,0.0035708,-111.88
17.808,-0.0052372,-112.33
17.819,-0.0076178,-111.13
17.829,0.0023806,-112.31
17.839,0.010712,-114.9
17.85,0.00095222,-113.16
17.86,-0.0035708,-112.56
17.87,-0.0064275,-115.94
17.881,0.00857,-116.29
17.891,-0.010712,-114.32
17.901,-0.01595,-115.44
17.912,0.0071417,-117.49
17.922,-0.004285,-116.87
17.932,-0.00857,-115.71
17.943,-0.0095222,-118.32
17.953,0.0035708,-120.59
17.963,-0.0011903,-116.45
17.973,-0.0099983,-117.28
17.984,0.0023806,-120.84
17.994,0.0019044,-120.97
18.004,-0.004285,-119.29
18.015,-0.0033328,-121.26
18.025,0.0059514,-122.75
18.035,-0.0049992,-121.92
18.046,-0.019282,-122.25
18.056,-0.0026186,-122.95
18.066,0.0016664,-123.08
18.077,-0.0080939,-122.37
18.087,-0.0099983,-123.02
18.097,0.011189,-125.4
18.108,-0.00071417,-124.73
18.118,-0.010236,-123.33
18.128,-0.00857,-125.31
18.139,0.013331,-127.26
18.149,-0.0040469,-125.54
18.159,-0.0038089,-125.83
18.17,-0.014997,-127.26
18.18,0.014759,-127.55
18.19,-0.014521,-125.67
18.201,-0.0035708,-127.49
18.211,0.0014283,-131.07
18.221,0.0047611,-130.41
18.232,-0.0011903,-128.07
18.242,-0.0047611,-131.42
18.252,0.004523,-131.44
18.263,-0.0073797,-126.85
18.273,-0.012141,-130.99
18.283,0.004523,-132.06
18.294,0.0028567,-131.86
18.304,-0.00857,-131.19
18.314,0.0028567,-131.86
18.324,0.0059514,-133.72
18.335,0.0033328,-132.08
18.345,-0.014283,-131.19
18.355,-0.0040469,-134.03
18.366,0.0014283,-133.84
18.376,-0.0047611,-131.65
18.386,-0.008808,-133.51
18.397,0.014283,-135.23
18.407,0.0080939,-134.17
18.417,-0.0038089,-133.39
18.428,-0.0035708,-134.8
18.438,0.018092,-137.01
18.448,-0.0038089,-134.51
18.459,-0.013569,-135.44
18.469,0.00047611,-137.36
18.479,0.010236,-136.04
18.49,-0.0035708,-134.98
18.5,-0.0052372,-137.36
18.51,0.0073797,-138.32
18.521,0.0028567,-136.76
18.531,-0.012617,-136.37
18.541,0.00095222,-138.69
18.552,0.0076178,-139.04
18.562,-0.0066655,-136.24
18.572,-0.0099983,-138.58
18.583,0.0052372,-140.51
18.593,0.0026186,-138.29
18.603,-0.004285,-138.83
18.614,-0.010474,-139.93
18.624,0.004523,-141.28
18.634,0,-138.58
18.645,-0.012617,-140.01
18.655,0.00023806,-142.46
18.665,0.0080939,-141.63
18.676,-0.00857,-139.29
18.686,0.0073797,-142.46
18.696,0.0076178,-143.78
18.706,0.0019044,-140.84
18.717,-0.0066655,-141.67
18.727,0.00095222,-143.47
18.737,0.0026186,-143.51
18.748,-0.0071417,-141.07
18.758,-0.0092842,-142.58
18.768,-0.0016664,-145.13
18.779,0.0054753,-143.12
18.789,-0.013093,-141.86
18.799,-0.0095222,-144.73
18.81,0.0035708,-144.86
18.82,0.0064275,-143.12
18.83,-0.016902,-143.82
18.841,-0.0021425,-145.5
18.851,0.0011903,-144.24
18.861,0,-142.95
18.872,-0.0064275,-144.61
18.882,0.014759,-146.33
18.892,0.0026186,-144.57
18.903,-0.004523,-145.35
18.913,-0.01714,-146.35
18.923,0.014283,-146.76
18.934,0.0099983,-144.44
18.944,-0.0097603,-146.55
18.954,0.0011903,-148.42
18.965,-0.0021425,-146.91
18.975,0.0030947,-146.68
18.985,-0.014997,-148.42
18.996,0.0064275,-149.33
19.006,0.0090461,-146.7
19.016,-0.0083319,-147.28
19.027,-0.010951,-149.6
19.037,0.013569,-148.5
19.047,0.0066655,-147.76
19.057,-0.014997,-150.16
19.068,-0.004285,-150.76
19.078,0.00023806,-149.1
19.088,-0.0095222,-150.92
19.099,-0.0028567,-151.9
19.109,0.0073797,-151.32
19.119,0.008808,-149.41
19.13,-0.010236,-153.26
19.14,-0.0030947,-154.38
19.15,0.0069036,-152.5
19.161,-0.0052372,-151.83
19.171,-0.0080939,-154.24
19.181,0.0076178,-154.79
19.192,0.00071417,-152.68
19.202,-0.025234,-153.95
19.212,-0.0052372,-155.37
19.223,0.0078558,-154.13
19.233,0.0047611,-153.26
19.243,-0.011189,-155.83
19.254,-0.010474,-156.66
19.264,0.0097603,-154.82
19.274,0.0040469,-155.46
19.285,-0.0069036,-156.7
19.295,0.0026186,-156.2
19.305,0.016188,-154.57
19.316,0.00023806,-156.86
19.326,-0.0049992,-158.19
19.336,0.010236,-157.24
19.347,0,-156.45
19.357,-0.01833,-158.11
19.367,0,-158.73
19.378,0.014759,-156.26
19.388,-0.0040469,-157.9
19.398,-0.0076178,-159.18
19.408,-0.0016664,-158.36
19.419,-0.004285,-156.78
19.429,-0.0099983,-159.18
19.439,-0.00071417,-160.01
19.45,0.0052372,-157.86
19.46,0.0023806,-157.65
19.47,-0.017854,-160.43
19.481,-0.0030947,-160.07
19.491,0.016664,-157.94
19.501,-0.0033328,-159.37
19.512,-0.0099983,-160.72
19.522,0.0038089,-158.48
19.532,0.0026186,-158.54
19.543,-0.013093,-160.84
19.553,-0.00071417,-160.88
19.563,0.0021425,-159.02
19.574,0.0040469,-159.74
19.584,-0.010951,-162.99
19.594,0.0033328,-160.55
19.605,0.0038089,-158.65
19.615,-0.0095222,-162.99
19.625,-0.0030947,-162.33
19.636,0.019521,-160.51
19.646,0.018568,-159.76
19.656,-0.0083319,-163.32
19.667,0.0026186,-162.02
19.677,0.0083319,-159.08
19.687,-0.0035708,-160.98
19.698,-0.00095222,-163.66
19.708,0.013569,-159.68
19.718,0.0092842,-160.53
19.729,-0.0090461,-163.32
19.739,-0.008808,-163.66
19.749,0.0040469,-159.76
19.759,-0.0061894,-161.67
19.77,-0.011427,-163.28
19.78,-0.0069036,-162.99
19.79,0.018568,-161.01
19.801,-0.0097603,-163.66
19.811,-0.0078558,-164.36
19.821,0.011903,-162
19.832,0,-162.99
19.842,-0.0064275,-163.32
19.852,-0.010474,-163.08
19.863,0.0052372,-161.34
19.873,0.0047611,-163.66
19.883,-0.00857,-164.32
19.894,-0.0059514,-161.87
19.904,0.0092842,-161.92
19.914,-0.0028567,-164.32
19.925,-0.0092842,-163.74
19.935,0.0078558,-162.02
19.945,0.0040469,-161.83
19.956,-0.0021425,-163.99
19.966,-0.0095222,-163.24
19.976,0.0097603,-162.33
19.987,0.0040469,-164.01
19.997,-0.0033328,-163.78
20.007,-0.0038089,-161.67
20.018,0.010712,-163.3
20.028,-0.013331,-164.98
20.038,-0.0028567,-164.65
20.049,0.0076178,-161.83
20.059,0.0019044,-163.72
20.069,-0.0095222,-164.59
20.08,-0.0080939,-162.99
20.09,0.014759,-162.62
20.1,-0.0076178,-163.99
20.11,-0.004523,-164.32
20.121,0.0080939,-162.06
20.131,0.0066655,-163.66
20.141,-0.01595,-164.63
20.152,-0.0033328,-162.56
20.162,0.0047611,-161.98
20.172,0,-164.09
20.183,-0.011665,-164.32
20.193,0.004285,-164.32
20.203,0.010236,-163.72
20.214,-0.012141,-164.98
20.224,-0.015236,-163.57
20.234,0.013331,-160.84
20.245,-0.00071417,-164.32
20.255,-0.0099983,-165.31
20.265,-0.0054753,-162.12
20.276,0.004285,-162.66
20.286,0.0023806,-165.35
20.296,-0.018806,-164.98
20.307,0.0080939,-162.39
20.317,0.020235,-164.32
20.327,-0.012379,-165.19
20.338,-0.0016664,-164.32
20.348,0.0047611,-162.85
20.358,0.0021425,-164.9
20.369,-0.0030947,-165.21
20.379,0.0030947,-163.24
20.389,0.0049992,-163.41
20.4,0.004285,-164.32
20.41,-0.010712,-164.73
20.42,0,-162.87
20.431,-0.0014283,-164.32
20.441,-0.010712,-165.64
20.451,-0.0097603,-163.1
20.461,0.015236,-164.32
20.472,-0.004523,-165.23
20.482,-0.011427,-166.06
20.492,0.0059514,-163.7
20.503,0.0095222,-164.65
20.513,-0.017378,-165.52
20.523,-0.016664,-164.71
20.534,0.012617,-162.39
20.544,0,-165.23
20.554,-0.004523,-165.89
20.565,0.0026186,-163.66
20.575,0.0057133,-164.32
20.585,-0.0028567,-165.6
20.596,-0.012379,-165.23
20.606,0.0061894,-162.08
20.616,0.0023806,-164.5
20.627,-0.0095222,-165.77
20.637,-0.0035708,-163.82
20.647,0.0047611,-163.01
20.658,0.0069036,-165.48
20.668,-0.004523,-165.68
20.678,0.0097603,-162.85
20.689,0.00857,-164.32
20.699,-0.0064275,-166.31
20.709,-0.0095222,-164.84
20.72,0.0035708,-162.87
20.73,0.010474,-165.64
20.74,-0.012617,-166.18
20.751,-0.0011903,-164.32
20.761,0.0099983,-164.32
20.771,0.0035708,-165.15
20.782,-0.020949,-165.06
20.792,-0.0026186,-162.29
20.802,0.010712,-164.32
20.812,-0.0080939,-165.39
20.823,-0.012141,-164.32
20.833,0.0049992,-163.08
20.843,-0.0019044,-165.31
20.854,-0.015236,-165.91
20.864,-0.0011903,-163.32
20.874,0.008808,-164.32
20.885,-0.0057133,-165.35
20.895,-0.011665,-163.74
20.905,0.00095222,-162.62
20.916,0.012617,-165.23
20.926,-0.0099983,-165.02
20.936,-0.0078558,-163.66
20.947,0.0099983,-163.68
20.957,-0.0052372,-164.98
20.967,-0.014759,-164.52
20.978,-0.0054753,-162.12
20.988,0.0092842,-164.32
20.998,-0.0080939,-164.81
21.009,-0.020473,-164.32
21.019,0.00095222,-161.69
21.029,0.014045,-164.32
21.04,-0.0059514,-164.5
21.05,-0.0066655,-163.41
21.06,-0.00023806,-162.99
21.071,0.0040469,-164.01
21.081,-0.0066655,-161.96
21.091,0.0049992,-160.96
21.102,0.0076178,-163.32
21.112,-0.0073797,-163.66
21.122,-0.014283,-161.09
21.133,0.011903,-160.78
21.143,0.004523,-163.66
21.153,-0.0038089,-161.19
21.164,-0.0023806,-160.01
21.174,0.0061894,-161.75
21.184,-0.0019044,-163.03
21.194,-0.012141,-159.78
21.205,-0.0035708,-160.67
21.215,0.0052372,-160.8
21.225,0.00023806,-162.68
21.236,-0.0097603,-159.35
21.246,0.0052372,-158.94
21.256,0.0035708,-162
21.267,-0.0011903,-159.39
21.277,-0.0035708,-158.15
21.287,0.0064275,-159.56
21.298,0.0038089,-159.85
21.308,-0.013807,-158.21
21.318,0.0023806,-157.8
21.329,0.0023806,-158.56
21.339,-0.0011903,-158.23
21.349,-0.0080939,-155.04
21.36,0.018806,-156.89
21.37,0.0030947,-157.88
21.38,-0.0095222,-156.37
21.391,0.0040469,-155.13
21.401,0.0099983,-155.93
21.411,-0.0057133,-157.2
21.422,-0.0038089,-153.74
21.432,0.014521,-154.05
21.442,0.018806,-155.13
21.453,-0.0073797,-154.13
21.463,-0.010951,-152.23
21.473,-0.004285,-154.46
21.484,-0.0019044,-153.82
21.494,-0.014521,-151.4
21.504,-0.0057133,-152.23
21.515,0.004285,-152.35
21.525,0.0014283,-151.15
21.535,-0.010236,-149.2
21.545,0.0038089,-149.33
21.556,0.010474,-151.4
21.566,-0.0076178,-148.83
21.576,-0.013093,-147.36
21.587,0.0028567,-150.32
21.597,0.0011903,-148.54
21.607,-0.010712,-145.73
21.618,0.0054753,-145.93
21.628,0,-148.19
21.638,-0.0071417,-145.44
21.649,0.0052372,-144.44
21.659,0.014521,-146.31
21.669,-0.0011903,-146
21.68,-0.0097603,-144.28
21.69,0.0047611,-144.86
21.7,0.0033328,-144.17
21.711,-0.004285,-144.03
21.721,-0.019282,-140.05
21.731,0.0052372,-142.17
21.742,0.0014283,-142.56
21.752,-0.0033328,-140.61
21.762,0.0064275,-139.08
21.773,0.0061894,-141.42
21.783,0.0019044,-139.64
21.793,-0.0095222,-137.67
21.804,0.0076178,-138.25
21.814,0.0016664,-139.14
21.824,-0.0080939,-138.23
21.835,-0.0059514,-136.49
21.845,0.0071417,-136.8
21.855,-0.00023806,-137.32
21.866,-0.0069036,-135.21
21.876,-0.0061894,-134.53
21.886,0.012141,-136.08
21.896,0.0014283,-135.23
21.907,-0.015236,-131.81
21.917,0.0066655,-134.55
21.927,0.0040469,-134.05
21.938,-0.0090461,-130.7
21.948,-0.016902,-131.36
21.958,0.012617,-133.18
21.969,0.0019044,-132.52
21.979,-0.017616,-131.36
21.989,0.00023806,-130.66
22,0.01833,-132.52
22.01,-0.0092842,-130.92
22.02,0.00071417,-127.98
22.031,0.010236,-129.43
22.041,0.016188,-131.19
22.051,-0.011903,-126.58
22.062,-0.00857,-127.09
22.072,0.0080939,-128.73
22.082,0.010474,-127.63
22.093,-0.023091,-124.61
22.103,-0.0066655,-126.47
22.113,0.0090461,-125.89
22.124,-0.0064275,-123.91
22.134,-0.013331,-123.04
22.144,0.0073797,-125
22.155,0.0052372,-123.72
22.165,-0.0052372,-121.92
22.175,0.0011903,-122.87
22.186,0.011427,-123.28
22.196,-0.0030947,-121.92
22.206,-0.0071417,-121.26
22.217,0.0026186,-120.84
22.227,0.0092842,-121.03
22.237,-0.0064275,-118.81
22.247,-0.010712,-118.65
22.258,0.0059514,-119.95
22.268,0.0040469,-118.69
22.278,-0.013807,-116.49
22.289,-0.0052372,-118.25
22.299,0.010712,-118.05
22.309,0.0066655,-116.47
22.32,-0.011427,-115.02
22.33,0.0021425,-116.08
22.34,0.0064275,-116.02
22.351,-0.0071417,-113.47
22.361,-0.010712,-114.3
22.371,0.013807,-115.15
22.382,0.0083319,-113.58
22.392,-0.0076178,-111.77
22.402,-0.0019044,-112.21
22.413,0.016902,-113.02
22.423,0.0054753,-110.45
22.433,-0.010712,-111.01
22.444,-0.00095222,-111.44
22.454,0.0057133,-111.32
22.464,-0.014997,-108.42
22.475,-0.0038089,-110.08
22.485,0.0097603,-110.33
22.495,0.00095222,-108.03
22.506,-0.011903,-106.27
22.516,-0.0066655,-108.34
22.526,0.0097603,-107.92
22.537,-0.00047611,-104.57
22.547,0.0014283,-106.68
22.557,0.012617,-106.54
22.568,0.0097603,-104.86
22.578,0.0064275,-104.2
22.588,-0.010236,-105.77
22.598,0.0066655,-104.55
22.609,-0.0059514,-102.38
22.619,-0.0069036,-103.16
22.629,-0.0030947,-103.06
22.64,0.015236,-102.73
22.65,0.0028567,-100.3
22.66,-0.0061894,-102.42
22.671,0.0095222,-101.84
22.681,0.011903,-98.338
22.691,-0.011427,-99.27
22.702,-0.0049992,-99.829
22.712,0.0090461,-98.649
22.722,0.0038089,-95.771
22.733,-0.017616,-96.164
22.743,0.014759,-98.338
22.753,0.00095222,-95.44
22.764,-0.0076178,-95.419
22.774,-0.014045,-96.413
22.784,0.013569,-95.585
22.795,-0.0030947,-93.287
22.805,-0.0059514,-93.535
22.815,0.0019044,-95.171
22.826,0.012141,-92.873
22.836,0.0016664,-91.465
22.846,-0.0076178,-92.562
22.857,0.004523,-92.914
22.867,0.0019044,-89.829
22.877,-0.013093,-89.229
22.888,0.004523,-90.554
22.898,0.0047611,-90.161
22.908,0.008808,-87.469
22.919,-0.011903,-87.345
22.929,0.0049992,-88.649
22.939,0.0011903,-86.662
22.949,-0.014045,-85.233
22.96,-0.013569,-86.538
22.97,0.013807,-86.206
22.98,0.0011903,-82.542
22.991,-0.0047611,-82.997
23.001,0.011427,-85.606
23.011,0.01714,-83.349
23.022,0.0057133,-81.424
23.032,-0.0054753,-82.894
23.042,-0.0026186,-82.728
23.053,0.0071417,-80.347
23.063,-0.0049992,-79.685
23.073,-0.0066655,-81.258
23.084,0.0023806,-79.085
23.094,-0.0033328,-77.697
23.104,-0.014283,-78.319
23.115,0.0054753,-79.519
23.125,0.017378,-76.538
23.135,-0.0083319,-76.083
23.146,-0.018092,-76.517
23.156,0.012617,-76.041
23.166,0.0061894,-72.977
23.177,-0.0078558,-73.143
23.187,-0.0054753,-74.302
23.197,0.0076178,-72.708
23.208,0.011189,-71.383
23.218,-0.011427,-72.315
23.228,0.0057133,-72.501
23.239,0.014521,-69.706
23.249,-0.0097603,-68.795
23.259,-0.0054753,-70.741
23.27,0.0080939,-69.375
23.28,0.0011903,-66.766
23.29,-0.015236,-67.387
23.301,-0.0090461,-68.029
23.311,0.010236,-65.793
23.321,-0.00047611,-64.738
23.331,-0.017616,-65.98
23.342,0,-64.137
23.352,0.0080939,-62.667
23.362,-0.011665,-62.46
23.373,-0.011903,-64.116
23.383,0.004523,-62.419
23.393,0.0054753,-59.997
23.404,-0.00857,-60.763
23.414,-0.0049992,-61.653
23.424,-0.0014283,-58.982
23.435,-0.015712,-58.423
23.445,-0.0049992,-58.879
23.455,0.0061894,-58.568
23.466,0.013569,-55.38
23.476,-0.02452,-56.643
23.486,-0.012141,-56.933
23.497,0.012855,-54.2
23.507,0.0016664,-53.248
23.517,-0.011189,-54.717
23.528,-0.0071417,-53.289
23.538,0.0040469,-51.612
23.548,0.0014283,-51.405
23.559,-0.014997,-51.902
23.569,0.01595,-50.204
23.579,0.0069036,-48.465
23.59,-0.011903,-49.976
23.6,0,-49.417
23.61,0.0092842,-46.85
23.621,-0.0047611,-46.229
23.631,-0.004285,-47.782
23.641,-0.00071417,-46.705
23.652,0.0061894,-43.517
23.662,-0.00095222,-44.594
23.672,-0.0071417,-45.463
23.682,0.0038089,-42.958
23.693,0.0033328,-41.468
23.703,-0.0054753,-42.254
23.713,0.00095222,-40.743
23.724,0.011665,-38.259
23.734,-0.0061894,-39.045
23.744,-0.012141,-40.929
23.755,0.0052372,-39.087
23.765,0.010236,-35.464
23.775,-0.023091,-38.093
23.786,-0.010474,-38.445
23.796,0.0092842,-34.408
23.806,0.0052372,-35.36
23.817,-0.004285,-35.919
23.827,0.013569,-34.449
23.837,0.0057133,-31.261
23.848,0.0016664,-32.835
23.858,-0.0064275,-32.876
23.868,0.011427,-30.744
23.879,-0.0023806,-29.646
23.889,-0.0097603,-30.433
23.899,-0.0040469,-29.75
23.91,0.0076178,-27.162
23.92,0.0028567,-27.059
23.93,-0.00047611,-28.549
23.941,0.016902,-27.68
23.951,0.011427,-24.657
23.961,-0.0014283,-26.21
23.972,-0.016902,-25.837
23.982,0.016902,-22.67
23.992,0.010474,-22.318
24.003,-0.0057133,-24.719
24.013,0.0059514,-21.945
24.023,0.011903,-20.434
24.033,0.0030947,-19.875
24.044,-0.0054753,-21.345
24.054,0.010712,-18.715
24.064,0.0054753,-17.225
24.075,-0.012141,-18.653
24.085,-0.0035708,-19.191
24.095,0.0061894,-15.983
24.106,0.0040469,-14.989
24.116,-0.010236,-16.645
24.126,0.0059514,-14.906
24.137,0.016426,-12.525
24.147,0.00023806,-14.492
24.157,-0.012855,-13.374
24.168,0.0095222,-10.6
24.178,0.00023806,-10.393
24.188,-0.004285,-11.324
24.199,-0.0028567,-9.5026
24.209,0.0076178,-7.867
24.219,0.00047611,-8.3018
24.23,-0.013807,-9.1506
24.24,0.0038089,-6.0245
24.25,0.0019044,-5.5483
24.261,0.00071417,-5.8382
24.271,-0.004523,-6.2729
24.281,0.011427,-2.5878
24.292,0.0016664,-2.5464
24.302,-0.00047611,-4.6374
24.312,-0.0028567,-2.1324
24.323,0.016664,0.97303
24.333,-0.0052372,-0.70389
24.343,-0.01595,-0.91092
24.354,-0.0016664,1.3457
24.364,0.011189,1.9047
24.374,-0.008808,1.0144
24.384,0.0016664,2.9605
24.395,0.0099983,5.0101
24.405,0.0064275,4.8237
24.415,-0.0071417,3.9956
24.426,0.0014283,6.4179
24.436,0.0099983,6.9561
24.446,-0.0033328,5.3413
24.457,0.00047611,6.3143
24.467,-0.0028567,9.3576
24.477,0.0033328,9.4405
24.488,-0.012379,8.2397
24.498,-0.0061894,9.7303
24.508,0.0040469,12.794
24.519,0,10.662
24.529,-0.00047611,10.579
24.539,0.010474,13.602
24.55,0.0071417,12.504
24.56,-0.0092842,13.291
24.57,-0.0099983,14.244
24.581,0.0078558,16.645
24.591,0.011189,15.734
24.601,-0.0099983,14.885
24.612,-0.00047611,17.142
24.622,0.0066655,18.695
24.632,-0.0073797,17.494
24.643,-0.012379,18.529
24.653,-0.0092842,20.372
24.663,0.010474,20.454
24.674,-0.011427,18.943
24.684,0.0026186,21.158
24.694,0.013807,22.835
24.705,0.00857,21.634
24.715,-0.0066655,21.324
24.725,-0.0035708,23.85
24.735,0.011427,24.512
24.746,-0.0064275,23.456
24.756,-0.0014283,24.761
24.766,0.0069036,26.624
24.777,0.0030947,26.272
24.787,-0.010951,26.168
24.797,-0.0069036,27.928
24.808,0.016664,29.336
24.818,0.0054753,27.059
24.828,-0.0035708,27.866
24.839,0.004523,30.64
24.849,0.0095222,29.978
24.859,-0.0061894,29.357
24.87,0.00071417,31.551
24.88,0.0064275,32.752
24.89,0.0049992,31.365
24.901,0.0016664,32.172
24.911,0.010712,33.642
24.921,0.020711,32.483
24.932,-0.0061894,34.097
24.942,-0.010474,33.746
24.952,0.013331,36.872
24.963,0.021901,37.244
24.973,-0.014045,34.491
24.983,-0.00047611,37.368
24.994,0.013807,39.811
25.004,0.0061894,36.851
25.014,-0.0090461,37.658
25.025,0.0023806,40.867
25.035,0.016902,39.894
25.045,0.0023806,39.542
25.056,-0.00047611,41.716
25.066,0.0023806,42.979
25.076,0.0016664,41.426
25.086,-0.014997,42.71
25.097,0.0064275,44.035
25.107,0.015236,42.461
25.117,-0.004523,43.372
25.128,-0.016664,43.331
25.138,0.0023806,46.705
25.148,0.0052372,44.739
25.159,-0.0092842,44.573
25.169,0.0047611,46.933
25.179,0.017854,49.21
25.19,-0.0073797,47.182
25.2,-0.008808,46.519
25.21,-0.00047611,50.328
25.221,0.016426,49.273
25.231,-0.0014283,48.651
25.241,-0.015474,50.742
25.252,-0.00095222,52.171
25.262,0.0066655,51.488
25.272,-0.0030947,50.929
25.283,-0.0069036,53.144
25.293,0.017378,54.593
25.303,0.0061894,52.482
25.314,-0.0038089,53.02
25.324,0.004523,56.829
25.334,0.019521,54.904
25.345,-0.004285,54.055
25.355,-0.00071417,56.208
25.365,-0.0083319,57.595
25.376,-0.0049992,56.27
25.386,-0.0019044,57.16
25.396,0,59.769
25.407,0.015474,58.113
25.417,-0.0030947,57.74
25.427,-0.0071417,59.976
25.438,0.0021425,61.28
25.448,0.012379,59.458
25.458,-0.0021425,61.032
25.468,-0.0099983,63.247
25.479,0.0014283,63.123
25.489,-0.0028567,61.591
25.499,-0.0066655,62.999
25.51,-0.0023806,64.924
25.52,0.010712,64.696
25.53,-0.00023806,63.785
25.541,-0.0071417,66.663
25.551,0.0054753,67.988
25.561,0.0095222,65.648
25.572,-0.0052372,66.766
25.582,0.0014283,69.996
25.592,0.015712,68.568
25.603,0.0057133,67.325
25.613,-0.0011903,70.307
25.623,-0.0023806,71.197
25.634,0.019997,71.135
25.644,-0.004285,70.41
25.654,-0.010951,72.957
25.665,0.012617,73.308
25.675,0.0078558,70.948
25.685,-0.0019044,72.377
25.696,0.0066655,74.861
25.706,0.0092842,74.633
25.716,0.0030947,73.557
25.727,-0.011189,76.372
25.737,-0.004523,78.112
25.747,0.020235,75.855
25.758,-0.0090461,76.724
25.768,-0.010712,78.36
25.778,0.0090461,78.712
25.789,0.0016664,77.263
25.799,-0.010236,80.679
25.809,-0.0054753,82.418
25.819,0.010712,80.203
25.83,-0.0071417,82.024
25.84,-0.00857,83.494
25.85,0.011903,82.894
25.861,0.021663,82.293
25.871,-0.0011903,84.343
25.881,-0.004523,85.647
25.892,0.011189,84.364
25.902,-0.0021425,84.509
25.912,-0.010236,86.6
25.923,-0.0057133,88.711
25.933,0.016664,87.511
25.943,0.0019044,87.552
25.954,-0.0033328,89.788
25.964,0.0092842,89.602
25.974,0.014283,89.208
25.985,-0.012617,90.678
25.995,-0.011189,92.127
26.005,0.010474,91.092
26.016,0.012617,90.968
26.026,-0.013569,94.674
26.036,0.00023806,94.135
26.047,0.0092842,93.266
26.057,-0.017854,93.68
26.067,-0.020711,95.605
26.078,0.0047611,95.502
26.088,-0.0052372,94.115
26.098,-0.015712,96.599
26.109,-0.0019044,98.069
26.119,0.0092842,96.537
26.129,0.0083319,96.392
26.14,-0.0049992,100.39
26.15,0.0049992,99.725
26.16,-0.00023806,98.069
26.17,-0.0026186,100.35
26.181,0.0028567,101.38
26.191,0.014521,100.06
26.201,0.0021425,101.17
26.212,-0.0011903,104.82
26.222,0.0080939,102.81
26.232,0.014759,101.46
26.243,-0.00071417,103
26.253,-0.010951,106.02
26.263,0.0011903,105.6
26.274,0.014283,104.76
26.284,-0.0080939,106.66
26.294,-0.0097603,107.39
26.305,0.0095222,105.89
26.315,0.012379,107.18
26.325,-0.012141,108.5
26.336,0.019521,108.75
26.346,-0.0047611,107.61
26.356,-0.0061894,110.43
26.367,0,110.93
26.377,-0.00047611,109.64
26.387,0.0092842,110.86
26.398,-0.0023806,113.04
26.408,-0.00023806,111.98
26.418,0.014521,112.13
26.429,0.0054753,112.62
26.439,-0.0069036,115.13
26.449,0.0019044,112.87
26.46,0.0047611,113.39
26.47,-0.0095222,116.43
26.48,-0.0099983,116.78
26.491,0.021663,115.17
26.501,0.010236,113.74
26.511,-0.0038089,117.28
26.521,0.0054753,117.53
26.532,0.017616,116.62
26.542,0.0071417,118.54
26.552,0.00047611,119.39
26.563,0.010951,118.23
26.573,0.012855,118.46
26.583,-0.0019044,121.92
26.594,-0.00047611,118.94
26.604,0.015236,119.1
26.614,0.0057133,121.26
26.625,-0.00071417,123.68
26.635,-0.0016664,122.37
26.645,0.0080939,121.09
26.656,-0.00857,123.8
26.666,-0.0071417,124.4
26.676,0.010712,122.54
26.687,0.008808,122.27
26.697,-0.0099983,125.27
26.707,0.0057133,125.02
26.718,0.012617,124.2
26.728,0.0026186,126.31
26.738,-0.0097603,127.11
26.749,-0.0030947,126.25
26.759,0.0099983,125.38
26.769,-0.0054753,130.03
26.78,0.010712,129.45
26.79,0.0054753,125.89
26.8,0.0099983,128.54
26.811,-0.01833,130.53
26.821,0.0028567,130.08
26.831,0.0090461,127.92
26.842,-0.0016664,131.44
26.852,-0.0066655,131.46
26.862,-0.00095222,130.78
26.872,0.0076178,127.26
26.883,-0.0078558,132.1
26.893,-0.01833,131.38
26.903,0.0095222,132.52
26.914,-0.00047611,131.86
26.924,-0.0090461,133.55
26.934,0.0071417,131.86
26.945,0.013331,132.52
26.955,-0.008808,133.99
26.965,-0.0066655,134.28
26.976,0.013569,132.75
26.986,0.00095222,134.17
26.996,-0.008808,135.75
27.007,-0.0030947,135.5
27.017,0.004285,133.72
27.027,-0.004523,135.44
27.038,-0.012617,137.45
27.048,-0.00095222,133.97
27.058,0.0083319,133.18
27.069,-0.0038089,138.32
27.079,0.0019044,136.7
27.089,0.014045,135.19
27.1,0.0054753,136.95
27.11,-0.0076178,138.58
27.12,0.0030947,136.95
27.131,0.015474,137.45
27.141,0.0014283,139.27
27.151,-0.0052372,139.41
27.162,0.00023806,137.92
27.172,0.012617,138.05
27.182,-0.015712,141.81
27.193,-0.0071417,139.23
27.203,0.004523,137.61
27.213,0.0059514,140.45
27.223,-0.0073797,141.9
27.234,0.0026186,139.06
27.244,0.0095222,140.14
27.254,-0.011427,141.46
27.265,-0.010712,141.71
27.275,0.0011903,139.89
27.285,0.016188,140.55
27.296,-0.0064275,142.91
27.306,-0.018806,141.03
27.316,-0.0023806,142.12
27.327,0,143.37
27.337,-0.0066655,142.54
27.347,-0.00095222,141.17
27.358,0.011189,142.12
27.368,-0.0011903,144.07
27.378,-0.0035708,142.46
27.389,0.011903,141.77
27.399,0,145.11
27.409,-0.012855,145.79
27.42,-0.0023806,142.66
27.43,0.0083319,141.79
27.44,-0.0092842,145.5
27.451,-0.014759,145.6
27.461,0.0076178,144.61
27.471,0.013331,145.46
27.482,-0.0011903,147.09
27.492,0.0028567,145.4
27.502,0.0064275,144.36
27.513,0.0090461,146.43
27.523,-0.0028567,144.19
27.533,-0.0014283,144.51
27.544,0.011189,146.97
27.554,-0.0026186,148.11
27.564,-0.0028567,147.96
27.574,0.0092842,146.14
27.585,0.0066655,148.17
27.595,-0.0061894,148.42
27.605,0.0033328,146.43
27.616,0.011903,146.62
27.626,0.0047611,148.42
27.636,-0.016902,148.63
27.647,0.00071417,147.13
27.657,0.015712,149.02
27.667,-0.0059514,150.32
27.678,-0.0023806,149.58
27.688,0.0080939,149.52
27.698,-0.0040469,152.52
27.709,-0.013331,151.81
27.719,0.0014283,149.83
27.729,0.0038089,151.07
27.74,0.008808,152.89
27.75,-0.019521,152
27.76,0.0090461,151.19
27.771,-0.00047611,154.05
27.781,-0.014997,154.05
27.791,-0.012379,152.89
27.802,0.01714,153.97
27.812,0.012855,154.84
27.822,-0.0059514,155.39
27.833,0.0023806,153.39
27.843,0.010236,154.84
27.853,-0.0040469,156.68
27.864,-0.011665,155.21
27.874,0.012855,155.46
27.884,0.0059514,157.09
27.895,-0.0026186,155.27
27.905,-0.0080939,155.23
27.915,0.0057133,156.53
27.926,0.0073797,158.52
27.936,-0.00071417,156.7
27.946,0.011903,155.54
27.956,0.016426,157.73
27.967,-0.0023806,158.85
27.977,0.0019044,157.36
27.987,0.020711,156.14
27.998,-0.0014283,159.72
28.008,-0.012379,158.48
28.018,-0.0057133,157.3
28.029,0.018806,158.73
28.039,-0.00023806,159.16
28.049,0.00095222,158.73
28.06,0.0035708,158.52
28.07,0.010951,160.63
28.08,-0.0095222,158.94
28.091,-0.0014283,158.56
28.101,0.010712,158.44
28.111,0.0052372,160.47
28.122,-0.0095222,159.76
28.132,-0.0078558,158.23
28.142,0.011427,160.8
28.153,0.0026186,160.94
28.163,-0.0069036,159.1
28.173,0.004285,160.01
28.184,0.0064275,161.61
28.194,-0.0047611,160.22
28.204,-0.0052372,159.58
28.215,0.012617,161.3
28.225,-0.0023806,163.43
28.235,-0.011665,160.34
28.246,-0.0028567,159.97
28.256,0.00857,162.43
28.266,0,161.07
28.277,-0.0071417,160.78
28.287,0.0038089,159.78
28.297,0.0040469,163.66
28.307,-0.00023806,161.38
28.318,0.0066655,160.78
28.328,0.010236,164.98
28.338,0.0033328,163.92
28.349,-0.0057133,160.8
28.359,0.0040469,160.61
28.369,0.004523,163.22
28.38,-0.0038089,163.66
28.39,-0.0064275,160.36
28.4,0.013569,162.66
28.411,0.0076178,164.48
28.421,-0.0061894,161.01
28.431,-0.0030947,162.99
28.442,0.011427,164.59
28.452,-0.0052372,163.88
28.462,-0.012617,161.79
28.473,0.014283,163.2
28.483,0.0099983,164.57
28.493,-0.0097603,162.66
28.504,-0.0083319,161.83
28.514,0.0080939,162.58
28.524,0.004285,165.06
28.535,-0.0078558,164.48
28.545,0.00023806,161.5
28.555,0.016902,165.06
28.566,-0.016426,164.32
28.576,-0.0019044,160.86
28.586,0.00857,163.66
28.597,0.0052372,165.15
28.607,0.00071417,162.02
28.617,0.0095222,162.99
28.628,0.012617,164.65
28.638,0.0026186,165.02
28.648,-0.014283,162.99
28.658,-0.0019044,164.32
28.669,0.0047611,165.64
28.679,0.0014283,164.32
28.689,0.0026186,161.73
28.7,0.012379,165.23
28.71,0.0057133,165.97
28.72,-0.0078558,164.32
28.731,-0.0069036,163.78
28.741,0.012855,165.48
28.751,0.004523,165.23
28.762,-0.0061894,163.66
28.772,0.018092,164.57
28.782,0.013331,165.1
28.793,-0.0083319,163.28
28.803,-0.015474,163.66
28.813,0.017616,165.64
28.824,0.0026186,165.1
28.834,-0.00857,163.03
28.844,0.0057133,164.32
28.855,0.014045,165.64
28.865,-0.008808,163.16
28.875,-0.0030947,162.08
28.886,0.0040469,165.06
28.896,0.0097603,165.37
28.906,-0.0059514,164.32
28.917,0.0016664,163.41
28.927,0.0099983,165.85
28.937,-0.004285,164.69
28.948,-0.012141,161.96
28.958,0.015236,165.31
28.968,0.0083319,165.23
28.979,-0.0035708,163.66
28.989,-0.011427,163.78
28.999,0.017378,165.23
29.009,0.014997,165.1
29.02,-0.0097603,163.74
29.03,-0.0073797,164.32
29.04,0.012617,165.39
29.051,-0.0038089,164.32
29.061,-0.014759,162.27
29.071,0.0057133,165.25
29.082,0.0030947,163.61
29.092,-0.0071417,163.2
29.102,0.0028567,164.67
29.113,0.016664,165.87
29.123,0.0073797,164.32
29.133,-0.016664,163.66
29.144,-0.0064275,165.1
29.154,-0.00095222,166.72
29.164,-0.013331,164.32
29.175,-0.013331,163.88
29.185,0.008808,164.71
29.195,0.0016664,166.02
29.206,-0.0026186,163.8
29.216,0.004285,165.31
29.226,0.022139,166.31
29.237,-0.012617,164.69
29.247,-0.0023806,164.32
29.257,-0.00095222,165.48
29.268,0.015474,163.74
29.278,-0.0026186,164.32
29.288,-0.0080939,164.69
29.299,0.0035708,165.77
29.309,-0.004285,165.1
29.319,-0.0099983,163.66
29.33,-0.0033328,164.98
29.34,0.018092,165.64
29.35,-0.0023806,164.32
29.36,-0.014759,163.68
29.371,0.010236,165.81
29.381,0.010712,164.48
29.391,-0.011189,162.99
29.402,0.00095222,164.67
29.412,0.01833,165.81
29.422,0.011665,164.32
29.433,-0.0099983,163.32
29.443,0.0030947,165.04
29.453,0.012379,165.19
29.464,0.004285,163.32
29.474,-0.014045,163.66
29.484,0.014997,165.46
29.495,0.0083319,165.15
29.505,-0.0076178,163.32
29.515,-0.00023806,164.98
29.526,0.0064275,166.06
29.536,0.0019044,164.32
29.546,-0.013093,163.18
29.557,0.0049992,165.15
29.567,0.018806,164.32
29.577,0.00047611,163.32
29.588,0.0030947,163.26
29.598,0.020473,165.17
29.608,0.0040469,163.66
29.619,-0.0073797,163.66
29.629,-0.0049992,164.44
29.639,0.0049992,164.98
29.65,-0.00047611,161.83
29.66,-0.012141,162.99
29.67,0.0014283,164.48
29.681,0.0099983,164.32
29.691,-0.0083319,162.19
29.701,-0.00023806,163.84
29.711,0.019044,163.37
29.722,0.010474,161.3
29.732,-0.0035708,161.69
29.742,0.0057133,164.32
29.753,0.014521,163.66
29.763,-0.0026186,160.18
29.773,-0.004523,161.5
29.784,0.008808,162.6
29.794,0.0076178,161.59
29.804,-0.0035708,160.01
29.815,0.00071417,161.67
29.825,0.010951,161.17
29.835,0.010951,159.43
29.846,-0.017616,159.31
29.856,0.0099983,162.19
29.866,0.014759,160.01
29.877,0.0033328,157.78
29.887,0.0054753,159.87
29.897,0.0080939,161.46
29.908,0.0023806,158.36
29.918,0.004523,158.11
29.928,-0.0095222,158.75
29.939,0.012617,159.27
29.949,0.0023806,156.95
29.959,-0.0035708,157.73
29.97,0.004285,158.89
29.98,0.0066655,156.68
29.99,-0.0066655,155.75
30.001,-0.0069036,158.11
30.011,0.019521,154.75
30.021,0.014283,154.46
30.032,-0.0038089,154.63
30.042,-0.0038089,157.03
30.052,0.014283,155.08
30.062,0.004523,152.91
30.073,-0.012617,153.97
30.083,0.0057133,154.24
30.093,0.0014283,151.07
30.104,-0.00857,151.65
30.114,-0.0095222,153.3
30.124,0.0064275,151.54
30.135,0.0071417,150.61
30.145,-0.0080939,150.88
30.155,0.0040469,152.39
30.166,0.008808,149.25
30.176,-0.010712,148.15
30.186,0.0052372,150.45
30.197,0.015236,149.02
30.207,0.0047611,147.55
30.217,-0.0054753,146.91
30.228,-0.0026186,148.52
30.238,0.0073797,146.47
30.248,-0.0061894,144.11
30.259,-0.010712,146.35
30.269,0.0014283,146.66
30.279,0.012617,143.82
30.29,-0.010712,143.37
30.3,-0.013807,145.44
30.31,0.0099983,145.11
30.321,0.0052372,142.12
30.331,-0.00095222,143.12
30.341,-0.0030947,143.62
30.352,0.0038089,141.48
30.362,-0.0026186,140.36
30.372,-0.00857,141.86
30.383,0.008808,139.66
30.393,0.0040469,138.94
30.403,-0.008808,138.58
30.414,-0.0057133,140.76
30.424,0.0078558,138.34
30.434,0.0073797,136.08
30.444,-0.011189,138.17
30.455,0.0011903,138.77
30.465,0.011189,135.71
30.475,-0.0069036,135.02
30.486,-0.0047611,136.2
30.496,0.015474,136.62
30.506,0.0092842,132.93
30.517,-0.0064275,134.63
30.527,-0.0019044,135.25
30.537,0.00071417,132.54
30.548,-0.0023806,132.54
30.558,-0.0059514,133.88
30.568,0.0090461,133.02
30.579,0.0097603,131.57
30.589,-0.0076178,131.65
30.599,-0.0080939,132.73
30.61,0.020473,130.61
30.62,-0.0040469,128.17
30.63,-0.0054753,128.79
30.641,-0.0011903,130.76
30.651,0.019997,128.05
30.661,0.0033328,127.49
30.672,-0.010236,128.34
30.682,0.0071417,126.78
30.692,0.017854,125.56
30.703,-0.0061894,126.64
30.713,-0.0038089,126.43
30.723,0.0061894,125.89
30.734,0.0064275,123.78
30.744,-0.0092842,125.09
30.754,0.004285,124.69
30.765,0.0078558,122.25
30.775,-0.0028567,122.66
30.785,-0.014283,123.41
30.795,0.0076178,122.42
30.806,0.0090461,120.92
30.816,-0.0076178,122.66
30.826,-0.0028567,122.81
30.837,0.0095222,120.68
30.847,0.0052372,118.67
30.857,-0.015712,119.64
30.868,0.0061894,120.59
30.878,0.00857,117.55
30.888,-0.0076178,118.67
30.899,-0.0064275,119.39
30.909,0.0095222,116.29
30.919,0.0059514,115.98
30.93,-0.0030947,117.32
30.94,0.0057133,116.37
30.95,0.012617,114.38
30.961,0,113.97
30.971,-0.0023806,116
30.981,0,113.08
30.992,0.010951,112.06
31.002,-0.0054753,114.09
31.012,-0.0011903,114.3
31.023,0.013331,111.42
31.033,0.0078558,111.77
31.043,-0.010236,113.08
31.054,0.0035708,111.03
31.064,0.0064275,108.79
31.074,-0.0028567,110.95
31.085,-0.011427,110.41
31.095,0.0052372,108.5
31.105,0.010951,108.36
31.116,-0.00095222,109.85
31.126,-0.0059514,108.81
31.136,0.0064275,105.63
31.146,0.008808,107.18
31.157,-0.00857,107.88
31.167,-0.0033328,105.69
31.177,0.011665,103.68
31.188,-0.0035708,105.67
31.198,-0.0026186,105.89
31.208,0.0095222,104.53
31.219,0.0033328,102.95
31.229,-0.0076178,103.47
31.239,-0.0066655,100.97
31.25,0.013093,100.3
31.26,0.00071417,101.8
31.27,-0.0073797,101.92
31.281,0.0083319,99.394
31.291,0.0092842,98.856
31.301,-0.0014283,101.67
31.312,0.0052372,100.88
31.322,0.017854,96.289
31.332,0.0021425,96.951
31.343,-0.004523,99.063
31.353,-0.0061894,96.64
31.363,0.015474,94.881
31.374,-0.0035708,96.62
31.384,-0.015474,97.303
31.394,0.00071417,94.612
31.405,0.00857,93.556
31.415,-0.011903,95.357
31.425,-0.010236,93.535
31.436,0.0021425,91.568
31.446,0.0030947,92.396
31.456,-0.016188,94.094
31.467,0.0016664,90.616
31.477,0.0097603,89.829
31.487,-0.0069036,90.699
31.497,-0.008808,89.871
31.508,0.0099983,89.27
31.518,0,87.863
31.528,-0.011665,89.312
31.539,-0.0049992,87.304
31.549,0.008808,85.813
31.559,-0.0049992,85.875
31.57,-0.010236,86.993
31.58,0.0059514,84.985
31.59,0.010236,84.55
31.601,0.00095222,85.068
31.611,0.0019044,84.095
31.621,0.010236,81.838
31.632,0.011903,82.501
31.642,-0.0052372,83.556
31.652,0.0019044,80.679
31.663,0.014045,79.995
31.673,-0.00857,81.942
31.683,-0.010474,78.277
31.694,-0.0040469,78.463
31.704,0.0071417,77.118
31.714,-0.015712,79.809
31.725,-0.008808,77.366
31.735,0.011903,75.11
31.745,0.00857,77.118
31.756,-0.0076178,77.076
31.766,0,74.923
31.776,0.015236,73.847
31.787,-0.0080939,74.778
31.797,-0.011665,73.66
31.807,0.004285,71.756
31.818,-0.00047611,72.46
31.828,-0.0035708,73.681
31.838,-0.0030947,71.197
31.848,0.0080939,70.203
31.859,-0.0049992,71.652
31.869,-0.014521,70.534
31.879,0.0083319,67.118
31.89,0.0052372,67.532
31.9,-0.0080939,69.416
31.91,-0.0064275,67.325
31.921,0.011903,65.027
31.931,0.0061894,66.518
31.941,-0.014521,65.959
31.952,0.0016664,63.413
31.962,0.0083319,62.377
31.972,0.0061894,64.882
31.983,-0.011427,61.197
31.993,0.008808,59.5
32.003,0.019521,61.487
32.014,-0.0083319,61.736
32.024,0.0083319,59.313
32.034,0.017378,58.485
32.045,0.0069036,59.52
32.055,-0.0097603,58.879
32.065,0.0057133,56.187
32.076,0.013093,56.684
32.086,-0.0057133,57.554
32.096,-0.012855,55.152
32.107,0.0069036,53.351
32.117,0.0076178,54.759
32.127,-0.0040469,54.8
32.138,-0.010712,52.047
32.148,0.013093,51.053
32.158,0.00071417,52.274
32.169,-0.0071417,51.529
32.179,-0.0016664,48.341
32.189,0.008808,50.039
32.199,0.0014283,50.701
32.21,-0.0023806,48.093
32.22,0.012855,46.416
32.23,0.0014283,48.217
32.241,0.00071417,47.409
32.251,-0.00047611,44.138
32.261,0.0052372,44.78
32.272,-0.00023806,46.685
32.282,-0.0016664,43.289
32.292,0.0083319,41.406
32.303,0.0035708,43.186
32.313,-0.0059514,42.627
32.323,-0.0016664,40.225
32.334,0.018092,39.811
32.344,0.010474,40.702
32.354,-0.00047611,38.942
32.365,-0.0049992,36.52
32.375,0.021663,38.424
32.385,-0.0016664,38.611
32.396,-0.008808,35.215
32.406,0.011903,34.988
32.416,0.0028567,36.106
32.427,-0.0030947,35.07
32.437,-0.0066655,32.938
32.447,0.0054753,32.193
32.458,-0.00095222,34.16
32.468,0.0061894,31.199
32.478,0.0090461,29.895
32.489,0.023091,30.785
32.499,-0.011665,31.365
32.509,-0.0047611,27.949
32.52,0.0038089,28.446
32.53,0.013569,29.067
32.54,-0.011665,27.825
32.551,0.00023806,24.533
32.561,0.00857,26.272
32.571,0.0061894,26.375
32.581,-0.0014283,23.208
32.592,0.0078558,22.173
32.602,0.0011903,23.601
32.612,-0.010712,22.048
32.623,0.011427,20.91
32.633,0.0092842,20.206
32.643,0.0092842,22.442
32.654,-0.0059514,19.564
32.664,-0.00047611,18.322
32.674,0.012379,18.881
32.685,0.0028567,18.695
32.695,-0.0095222,17.494
32.705,0.0092842,15.299
32.716,0.011427,15.983
32.726,-0.0078558,14.72
32.736,-0.0019044,12.649
32.747,0.0061894,13.829
32.757,0.0052372,14.181
32.767,0.0014283,11.511
32.778,0.0019044,10.662
32.788,0.013093,12.691
32.798,-0.0014283,10.89
32.809,0.0011903,7.8878
32.819,0.012617,8.5088
32.829,0.0057133,9.7303
32.84,-0.0033328,7.101
32.85,-0.010236,5.921
32.86,0.016188,7.101
32.871,0.0059514,6.3972
32.881,-0.0076178,4.2027
32.891,0.0066655,2.1117
32.902,0.0066655,4.948
32.912,-0.010951,2.65
32.922,-0.0049992,-0.37265
32.932,0.010951,1.4078
32.943,0.0047611,1.8011
32.953,-0.0097603,-0.66249
32.963,-0.0057133,-1.4699
32.974,0.014521,0.062108
32.984,0.0061894,-2.0082
32.994,-0.0073797,-4.5339
33.005,0.0026186,-3.6644
33.015,0.0054753,-2.5257
33.025,-0.013569,-5.2378
33.036,-0.012855,-7.1632
33.046,0.0040469,-5.0308
33.056,0.0059514,-5.8589
33.067,-0.0026186,-7.7014
33.077,0.017854,-9.2334
33.087,0.018806,-7.0389
33.098,-0.0097603,-9.4819
33.108,-0.0030947,-12.422
33.118,0.0028567,-10.248
33.129,-0.0038089,-10.206
33.139,-0.00857,-13.788
33.149,-0.00023806,-12.919
33.16,0.014045,-11.076
33.17,0.0054753,-12.836
33.18,-0.0059514,-15.403
33.191,0.0059514,-15.403
33.201,0.0090461,-13.974
33.211,-0.0099983,-17.038
33.222,-0.0016664,-18.136
33.232,0.0033328,-16.397
33.242,0.0069036,-17.411
33.253,-0.0038089,-20.02
33.263,-0.00047611,-19.606
33.273,0.0064275,-18.26
33.283,0.0011903,-20.268
33.294,-0.0047611,-22.4
33.304,0.011665,-22.007
33.314,0.0021425,-20.827
33.325,-0.013807,-23.787
33.335,-0.012379,-23.58
33.345,0.0095222,-22.794
33.356,0.0033328,-23.291
33.366,-0.010236,-26.996
33.376,0.0064275,-26.044
33.387,0.011427,-24.305
33.397,-0.010951,-27.328
33.407,-0.014759,-28.342
33.418,0.0066655,-26.582
33.428,0.0095222,-27.141
33.438,-0.0083319,-30.288
33.449,0.0038089,-30.06
33.459,-0.00071417,-27.742
33.469,0.00047611,-30.267
33.48,-0.0047611,-32.421
33.49,0.0061894,-31.158
33.5,0.0090461,-31.406
33.511,-0.015712,-33.104
33.521,-0.0092842,-33.062
33.531,0.0052372,-32.193
33.542,0.0038089,-33.766
33.552,-0.0092842,-36.023
33.562,0.004523,-35.07
33.573,0.022377,-34.408
33.583,0.0073797,-36.499
33.593,-0.014759,-38.321
33.604,0.023091,-36.582
33.614,0.0097603,-36.975
33.624,-0.00095222,-40.039
33.634,-0.0038089,-38.983
33.645,0.014997,-38.259
33.655,0.0066655,-39.977
33.665,-0.012379,-41.426
33.676,-0.0011903,-40.66
33.686,0.0090461,-40.64
33.696,0.0030947,-43.269
33.707,-0.0071417,-43.828
33.717,0.00857,-41.633
33.727,0.0095222,-43.207
33.738,-0.014759,-45.691
33.748,-0.0049992,-45.38
33.758,0.0064275,-43.559
33.769,-0.00023806,-46.002
33.779,-0.014759,-48.755
33.789,-0.00095222,-46.933
33.8,0.010236,-47.534
33.81,-0.0076178,-49.231
33.82,-0.0090461,-49.086
33.831,0.012141,-47.865
33.841,0,-49.19
33.851,-0.010474,-51.674
33.862,-0.0038089,-49.811
33.872,0.012141,-50.432
33.882,-0.0059514,-52.502
33.893,-0.012141,-52.647
33.903,0.0057133,-51.985
33.913,0.0019044,-53.02
33.924,-0.0057133,-55.877
33.934,-0.0023806,-54.303
33.944,0.010474,-53.351
33.955,0.0064275,-56.726
33.965,-0.014759,-57.409
33.975,-0.0038089,-55.359
33.985,0.014283,-57.285
33.996,0.0054753,-59.272
34.006,-0.013093,-58.961
34.016,-0.004285,-57.098
34.027,0.0076178,-59.024
34.037,-0.0076178,-61.984
34.047,-0.015474,-59.686
34.058,0.00023806,-60.142
34.068,0.0078558,-62.75
34.078,-0.0099983,-63.992
34.089,0.0080939,-62.191
34.099,0.019759,-62.357
34.109,-0.0076178,-64.572
34.12,-0.0014283,-64.137
34.13,0.0071417,-62.874
34.14,0,-65.276
34.151,-0.014759,-66.063
34.161,-0.0028567,-66.125
34.171,0.0071417,-66.477
34.182,-0.0030947,-68.733
34.192,-0.0099983,-69.147
34.202,-0.0030947,-66.932
34.213,0.0092842,-69.251
34.223,-0.011189,-70.576
34.233,-0.014759,-69.975
34.244,0.0061894,-69.955
34.254,0.0057133,-72.687
34.264,-0.013331,-73.909
34.275,-0.0059514,-71.155
34.285,0.013093,-73.019
34.295,0.0069036,-75.234
34.306,-0.0011903,-74.219
34.316,0.0099983,-73.081
34.326,0.0095222,-76.29
34.336,-0.0076178,-77.987
34.347,-0.0035708,-75.586
34.357,0.014759,-76.724
34.367,-0.00095222,-79.519
34.378,-0.0090461,-77.366
34.388,0.0054753,-77.076
34.398,0.010474,-79.561
34.409,-0.011189,-81.838
34.419,-0.0078558,-79.975
34.429,0.00857,-80.472
34.44,0.00857,-81.817
34.45,-0.0090461,-82.666
34.46,-0.011189,-81.507
34.471,0.0052372,-82.915
34.481,-0.0071417,-85.709
34.491,-0.0076178,-84.736
34.502,0.0092842,-83.66
34.512,0.010712,-86.641
34.522,-0.0069036,-88.152
34.533,-0.0090461,-85.937
34.543,0.0071417,-88.794
34.553,-0.0014283,-89.229
34.564,-0.0026186,-88.297
34.574,0.0035708,-88.587
34.584,0.014997,-90.202
34.595,-0.0038089,-91.154
34.605,-0.018568,-90.057
34.615,-0.0038089,-89.332
34.626,0.0021425,-93.369
34.636,-0.012617,-94.177
34.646,0.00023806,-92.086
34.657,0.014997,-93.307
34.667,-0.00023806,-95.481
34.677,-0.0030947,-94.757
34.688,0.004523,-94.301
34.698,0.00095222,-96.744
34.708,-0.0040469,-97.303
34.718,-0.0033328,-95.874
34.729,0.010236,-97.945
34.739,0.00857,-98.338
34.749,-0.0076178,-99.063
34.76,-0.012141,-97.427
34.77,0.0014283,-99.353
34.78,-0.0023806,-101.57
34.791,-0.011665,-100.72
34.801,-0.0021425,-99.891
34.811,0.0073797,-103.1
34.822,-0.013807,-103.93
34.832,-0.012855,-101.51
34.842,0.0099983,-101.63
34.853,0.0064275,-105.23
34.863,-0.013093,-103.7
34.873,0.0052372,-104.11
34.884,0.013569,-106.31
34.894,-0.0019044,-106.97
34.904,-0.0099983,-105.21
34.915,0.0040469,-107.07
34.925,0.0066655,-108.5
34.935,-0.010236,-108.07
34.946,-0.0049992,-106.68
34.956,0.0080939,-109.79
34.966,-0.00095222,-111.36
34.977,-0.0092842,-108.48
34.987,-0.0038089,-109.75
34.997,0.0095222,-112.44
35.008,-0.0040469,-113.68
35.018,-0.016902,-110.66
35.028,0.0073797,-111.96
35.039,0.0066655,-114.44
35.049,-0.010474,-113.68
35.059,-0.0061894,-112
35.069,0.010951,-113.45
35.08,0.0030947,-115.46
35.09,-0.0090461,-113.45
35.1,0.0021425,-115.29
35.111,0.014045,-117.63
35.121,-0.0061894,-116.14
35.131,-0.0021425,-115.62
35.142,0.012617,-117.14
35.152,0.014045,-120.1
35.162,-0.0038089,-117.63
35.173,-0.013093,-116.62
35.183,0.012617,-120.99
35.193,-0.0099983,-120.97
35.204,-0.016664,-118.69
35.214,0.0026186,-120.14
35.224,0.011189,-122.87
35.235,-0.004285,-121.61
35.245,-0.0080939,-121.92
35.255,0.0090461,-123.33
35.266,-0.0054753,-123.33
35.276,-0.012617,-122.29
35.286,-0.0049992,-122.83
35.297,0.014759,-124.8
35.307,-0.010951,-124.32
35.317,-0.0073797,-123.02
35.328,0.0069036,-124.9
35.338,0.0078558,-126.22
35.348,-0.0076178,-123.6
35.359,-0.019759,-126.02
35.369,-0.00047611,-128.21
35.379,-0.0014283,-128.21
35.39,-0.017378,-126.29
35.4,0.018568,-127.98
35.41,0.0066655,-128.15
35.42,-0.00023806,-127.76
35.431,-0.0049992,-127.01
35.441,0.011189,-130.39
35.451,0.010236,-129.87
35.462,-0.010474,-128.15
35.472,0.00095222,-128.65
35.482,0.0014283,-132.1
35.493,-0.00047611,-132.52
35.503,-0.0076178,-130.53
35.513,0.0028567,-131.94
35.524,0.0054753,-133.41
35.534,-0.0064275,-131.19
35.544,-0.00071417,-131.44
35.555,0.014283,-134.63
35.565,0.0049992,-133.55
35.575,-0.011189,-131.86
35.586,-0.004285,-133.59
35.596,0.016902,-134.9
35.606,-0.012141,-133.84
35.617,-0.0061894,-133.43
35.627,0.0069036,-134.28
35.637,0.0047611,-135.58
35.648,-0.0019044,-134.22
35.658,-0.0028567,-134.69
35.668,0.012379,-136.62
35.679,0.0097603,-136.53
35.689,-0.0047611,-134.92
35.699,0.0071417,-135.83
35.71,0.013807,-138.32
35.72,-0.011665,-136.22
35.73,-0.00023806,-136.2
35.741,0.016664,-139.08
35.751,0.0028567,-137.82
35.761,-0.011903,-136.24
35.771,0.0019044,-138.48
35.782,0.0099983,-139.68
35.792,0.0019044,-139.23
35.802,-0.0076178,-138.05
35.813,0.0038089,-138.81
35.823,-0.004285,-141.46
35.833,-0.0092842,-138.83
35.844,-0.011189,-139.21
35.854,0.016664,-141.3
35.864,0.0057133,-141.75
35.875,-0.011189,-138.65
35.885,-0.0061894,-140.99
35.895,0.011903,-142.46
35.906,-0.0099983,-140.22
35.916,-0.010951,-140.49
35.926,0.00095222,-142.29
35.937,-0.0011903,-143.12
35.947,-0.015712,-141.13
35.957,-0.008808,-142.46
35.968,0.0054753,-144.53
35.978,-0.011427,-143.53
35.988,-0.019759,-143.12
35.999,-0.00047611,-144.26
36.009,0.0090461,-145.02
36.019,-0.011427,-142.08
36.03,-0.012379,-143.68
36.04,0.010951,-145.23
36.05,0.0078558,-144.19
36.061,-0.0061894,-144.15
36.071,-0.0049992,-145.02
36.081,0.0038089,-145.87
36.092,0.0052372,-141.46
36.102,-0.0071417,-144.59
36.112,0.011427,-145.46
36.122,0.0073797,-146.24
36.133,-0.0076178,-143.95
36.143,-0.0066655,-145.95
36.153,0.0011903,-147.11
36.164,0.0021425,-146.12
36.174,-0.004285,-145.93
36.184,0.0071417,-148.29
36.195,0.0092842,-147.76
36.205,-0.011189,-144.94
36.215,-0.014521,-147.18
36.226,0.014521,-148.58
36.236,0.00095222,-148.75
36.246,-0.011665,-147.78
36.257,-0.0038089,-150.03
36.267,0.011189,-151.5
36.277,0.00071417,-147.22
36.288,-0.01714,-149.41
36.298,-0.008808,-150.55
36.308,0.0066655,-150.94
36.319,-0.016426,-149.02
36.329,-0.016188,-151.65
36.339,0.0073797,-153.82
36.35,0.010951,-152.48
36.36,-0.011189,-150.78
36.37,-0.0038089,-153.97
36.381,-0.00095222,-154.05
36.391,-0.011427,-151.23
36.401,-0.017378,-153.7
36.412,0.0016664,-155.95
36.422,0.0097603,-154.42
36.432,-0.0080939,-153.43
36.443,-0.0092842,-155.37
36.453,0.0080939,-157.69
36.463,0.0016664,-155.04
36.473,-0.008808,-155.15
36.484,0.012855,-155.48
36.494,0.010474,-157.07
36.504,-0.0066655,-154.46
36.515,-0.012379,-156.37
36.525,0.0052372,-157.36
36.535,0.0052372,-157.03
36.546,-0.016188,-155.66
36.556,-0.0078558,-158.36
36.566,0.010474,-158.6
36.577,-0.0028567,-154.79
36.587,-0.014997,-157.11
36.597,0.0057133,-159.64
36.608,0.0090461,-158.19
36.618,-0.0026186,-157.65
36.628,-0.0049992,-159.27
36.639,0.019997,-160.14
36.649,0.0066655,-157.34
36.659,-0.016426,-157.55
36.67,-0.0066655,-159.31
36.68,0.010951,-159.22
36.69,-0.0038089,-158.11
36.701,-0.017378,-159.2
36.711,-0.011903,-160.45
36.721,0.012617,-159.39
36.732,-0.0061894,-158.83
36.742,-0.00047611,-161.09
36.752,0.008808,-160.96
36.763,0.0011903,-159.43
36.773,-0.021425,-159.08
36.783,-0.00095222,-161.87
36.794,0.014759,-161.01
36.804,-0.0021425,-159.54
36.814,-0.012855,-161.21
36.824,0.010712,-162.66
36.835,0.008808,-159.25
36.845,-0.0097603,-159.99
36.855,-0.0092842,-160.76
36.866,0.010474,-163.05
36.876,0.0047611,-159.78
36.886,-0.010712,-161.69
36.897,0.004285,-163.66
36.907,0.0069036,-161.13
36.917,-0.0097603,-160.45
36.928,-0.0090461,-164.32
36.938,0.015474,-162.99
36.948,-0.00047611,-160.51
36.959,-0.010236,-161.17
36.969,-0.0021425,-163.32
36.979,-0.0030947,-161.79
36.99,-0.0078558,-160.34
