Time (ms),A2-A3 (V)
0,-0.8846
0.023438,-0.90632
0.046875,-0.85523
0.070312,-0.91484
0.09375,-0.89607
0.11719,-0.80761
0.14062,-0.83524
0.16406,-0.82256
0.1875,-0.71915
0.21094,-0.74609
0.23438,-0.78328
0.25781,-0.64668
0.28125,-0.68804
0.30469,-0.71515
0.32812,-0.64355
0.35156,-0.64929
0.375,-0.68265
0.39844,-0.58516
0.42188,-0.62356
0.44531,-0.65485
0.46875,-0.60479
0.49219,-0.60184
0.51562,-0.65658
0.53906,-0.61418
0.5625,-0.57994
0.58594,-0.65137
0.60938,-0.6074
0.63281,-0.57716
0.65625,-0.63382
0.67969,-0.58637
0.70312,-0.55387
0.72656,-0.61609
0.75,-0.63451
0.77344,-0.53076
0.79688,-0.61296
0.82031,-0.58881
0.84375,-0.5391
0.86719,-0.58881
0.89062,-0.58516
0.91406,-0.5471
0.9375,-0.56569
0.96094,-0.58672
0.98438,-0.5146
1.0078,-0.56726
1.0312,-0.58307
1.0547,-0.52137
1.0781,-0.55266
1.1016,-0.59663
1.125,-0.51772
1.1484,-0.55492
1.1719,-0.57525
1.1953,-0.52033
1.2188,-0.52068
1.2422,-0.58359
1.2656,-0.52572
1.2891,-0.53823
1.3125,-0.55665
1.3359,-0.55127
1.3594,-0.49878
1.3828,-0.55526
1.4062,-0.51877
1.4297,-0.46715
1.4531,-0.5179
1.4766,-0.50121
1.5,-0.45568
1.5234,-0.50765
1.5469,-0.51321
1.5703,-0.44664
1.5938,-0.47793
1.6172,-0.49444
1.6406,-0.40841
1.6641,-0.45811
1.6875,-0.4927
1.7109,-0.40667
1.7344,-0.43813
1.7578,-0.47567
1.7812,-0.42301
1.8047,-0.46368
1.8281,-0.50226
1.8516,-0.45568
1.875,-0.48071
1.8984,-0.51077
1.9219,-0.4602
1.9453,-0.4171
1.9688,-0.51981
1.9922,-0.46715
2.0156,-0.44369
2.0391,-0.49079
2.0625,-0.4894
2.0859,-0.4032
2.1094,-0.51755
2.1328,-0.50452
2.1562,-0.43795
2.1797,-0.49478
2.2031,-0.50417
2.2266,-0.46611
2.25,-0.52867
2.2734,-0.55874
2.2969,-0.49583
2.3203,-0.56639
2.3438,-0.58585
2.3672,-0.54292
2.3906,-0.6001
2.4141,-0.64407
2.4375,-0.5961
2.4609,-0.60288
2.4844,-0.69343
2.5078,-0.64007
2.5312,-0.67796
2.5547,-0.7334
2.5781,-0.7148
2.6016,-0.70976
2.625,-0.79979
2.6484,-0.78901
2.6719,-0.81074
2.6953,-0.8408
2.7188,-0.89937
2.7422,-0.87521
2.7656,-0.97949
2.7891,-0.99791
2.8125,-0.97879
2.8359,-1.0389
2.8594,-1.0765
2.8828,-1.0789
2.9062,-1.1429
2.9297,-1.1703
2.9531,-1.1413
2.9766,-1.2079
3,-1.2489
3.0234,-1.2224
3.0469,-1.2508
3.0703,-1.3337
3.0938,-1.288
3.1172,-1.3125
3.1406,-1.4032
3.1641,-1.3837
3.1875,-1.3809
3.2109,-1.4432
3.2344,-1.4369
3.2578,-1.4067
3.2812,-1.4875
3.3047,-1.4901
3.3281,-1.4501
3.3516,-1.5111
3.375,-1.491
3.3984,-1.4319
3.4219,-1.5236
3.4453,-1.4967
3.4688,-1.4162
3.4922,-1.4725
3.5156,-1.4701
3.5391,-1.4093
3.5625,-1.4451
3.5859,-1.4809
3.6094,-1.3949
3.6328,-1.4265
3.6562,-1.4741
3.6797,-1.3985
3.7031,-1.4357
3.7266,-1.4621
3.75,-1.4322
3.7734,-1.4419
3.7969,-1.4983
3.8203,-1.4366
3.8438,-1.4574
3.8672,-1.5271
3.8906,-1.4315
3.9141,-1.4602
3.9375,-1.513
3.9609,-1.4856
3.9844,-1.4543
4.0078,-1.5304
4.0312,-1.4906
4.0547,-1.4529
4.0781,-1.5214
4.1016,-1.4991
4.125,-1.4428
4.1484,-1.5056
4.1719,-1.4743
4.1953,-1.4496
4.2188,-1.4972
4.2422,-1.5163
4.2656,-1.4418
4.2891,-1.5165
4.3125,-1.5292
4.3359,-1.4392
4.3594,-1.4981
4.3828,-1.5283
4.4062,-1.4691
4.4297,-1.4958
4.4531,-1.5139
4.4766,-1.5024
4.5,-1.4659
4.5234,-1.516
4.5469,-1.4826
4.5703,-1.447
4.5938,-1.5056
4.6172,-1.5026
4.6406,-1.4819
4.6641,-1.5129
4.6875,-1.5255
4.7109,-1.4619
4.7344,-1.5356
4.7578,-1.4889
4.7812,-1.4604
4.8047,-1.5052
4.8281,-1.4892
4.8516,-1.4479
4.875,-1.5047
4.8984,-1.5429
4.9219,-1.4315
4.9453,-1.4638
4.9688,-1.533
4.9922,-1.4324
5.0156,-1.4901
5.0391,-1.5202
5.0625,-1.4694
5.0859,-1.4751
5.1094,-1.5389
5.1328,-1.4571
5.1562,-1.4696
5.1797,-1.5325
5.2031,-1.4691
5.2266,-1.4512
5.25,-1.5222
5.2734,-1.4743
5.2969,-1.4409
5.3203,-1.4991
5.3438,-1.4816
5.3672,-1.4263
5.3906,-1.533
5.4141,-1.4911
5.4375,-1.4218
5.4609,-1.5245
5.4844,-1.517
5.5078,-1.4519
5.5312,-1.5016
5.5547,-1.4962
5.5781,-1.4343
5.6016,-1.4903
5.625,-1.5111
5.6484,-1.4496
5.6719,-1.5059
5.6953,-1.5111
5.7188,-1.4557
5.7422,-1.4814
5.7656,-1.5281
5.7891,-1.4671
5.8125,-1.4821
5.8359,-1.5226
5.8594,-1.455
5.8828,-1.4574
5.9062,-1.5104
5.9297,-1.443
5.9531,-1.4529
5.9766,-1.4903
6,-1.4718
6.0234,-1.4251
6.0469,-1.5287
6.0703,-1.4859
6.0938,-1.447
6.1172,-1.5375
6.1406,-1.5064
6.1641,-1.4512
6.1875,-1.5144
6.2109,-1.4852
6.2344,-1.4357
6.2578,-1.4844
6.2812,-1.5047
6.3047,-1.4439
6.3281,-1.4953
6.3516,-1.5228
6.375,-1.4571
6.3984,-1.4711
6.4219,-1.5101
6.4453,-1.4489
6.4688,-1.4892
6.4922,-1.5021
6.5156,-1.4534
6.5391,-1.48
6.5625,-1.5174
6.5859,-1.455
6.6094,-1.464
6.6328,-1.5064
6.6562,-1.4877
6.6797,-1.4694
6.7031,-1.4845
6.7266,-1.4769
6.75,-1.4416
6.7734,-1.5113
6.7969,-1.505
6.8203,-1.4114
6.8438,-1.4717
6.8672,-1.4647
6.8906,-1.4037
6.9141,-1.4213
6.9375,-1.447
6.9609,-1.3551
6.9844,-1.3747
7.0078,-1.4096
7.0312,-1.3099
7.0547,-1.3213
7.0781,-1.3425
7.1016,-1.2821
7.125,-1.2793
7.1484,-1.308
7.1719,-1.2318
7.1953,-1.2414
7.2188,-1.2555
7.2422,-1.2087
7.2656,-1.1752
7.2891,-1.2435
7.3125,-1.1724
7.3359,-1.1029
7.3594,-1.134
7.3828,-1.0999
7.4062,-1.0351
7.4297,-1.1133
7.4531,-1.0952
7.4766,-1.012
7.5,-1.0733
7.5234,-1.0945
7.5469,-0.97567
7.5703,-1.0693
7.5938,-1.06
7.6172,-0.9748
7.6406,-1.0063
7.6641,-1.0544
7.6875,-0.95429
7.7109,-1.0116
7.7344,-1.0504
7.7578,-0.96315
7.7812,-0.99669
7.8047,-1.032
7.8281,-0.95394
7.8516,-1.0002
7.875,-1.0306
7.8984,-0.95985
7.9219,-0.98418
7.9453,-1.0384
7.9688,-1.0017
7.9922,-0.97984
8.0156,-1.0334
8.0391,-0.99843
8.0625,-0.96976
8.0859,-1.0455
8.1094,-0.98296
8.1328,-0.95551
8.1562,-1.0252
8.1797,-1.0273
8.2031,-0.95568
8.2266,-1.0382
8.25,-1.0247
8.2734,-0.94577
8.2969,-1.0165
8.3203,-1.0374
8.3438,-0.94855
8.3672,-1.001
8.3906,-1.0196
8.4141,-0.95655
8.4375,-0.98036
8.4609,-1.0175
8.4844,-0.96002
8.5078,-0.99704
8.5312,-1.0381
8.5547,-0.94073
8.5781,-0.98018
8.6016,-1.0066
8.625,-0.98105
8.6484,-0.97445
8.6719,-0.98592
8.6953,-0.92926
8.7188,-0.9211
8.7422,-0.98314
8.7656,-0.90476
8.7891,-0.92144
8.8125,-0.95968
8.8359,-0.94873
8.8594,-0.9204
8.8828,-0.98001
8.9062,-0.97323
8.9297,-0.92405
8.9531,-0.97619
8.9766,-0.95429
9,-0.91553
9.0234,-0.97792
9.0469,-0.98488
9.0703,-0.94247
9.0938,-0.99148
9.1172,-0.98331
9.1406,-0.93569
9.1641,-0.96767
9.1875,-1.012
9.2109,-0.9496
9.2344,-0.94386
9.2578,-1.0113
9.2812,-0.93482
9.3047,-0.97775
9.3281,-1.0132
9.3516,-0.97289
9.375,-0.98488
9.3984,-1.0332
9.4219,-1.0064
9.4453,-1.0129
9.4688,-1.0714
9.4922,-1.0191
9.5156,-0.99982
9.5391,-1.0598
9.5625,-1.078
9.5859,-1.0214
9.6094,-1.098
9.6328,-1.0775
9.6562,-1.0043
9.6797,-1.1072
9.7031,-1.0985
9.7266,-1.0509
9.75,-1.0869
9.7734,-1.0994
9.7969,-1.044
9.8203,-1.1177
9.8438,-1.1272
9.8672,-1.0617
9.8906,-1.1137
9.9141,-1.1557
9.9375,-1.0236
9.9609,-1.1152
9.9844,-1.1331
10.008,-1.0673
10.031,-1.1015
10.055,-1.1608
10.078,-1.0368
10.102,-1.0933
10.125,-1.118
10.148,-1.0881
10.172,-1.0737
10.195,-1.1552
10.219,-1.0537
10.242,-1.0403
10.266,-1.1112
10.289,-1.0848
10.312,-1.0532
10.336,-1.1399
10.359,-1.0766
10.383,-1.0573
10.406,-1.1387
10.43,-1.1267
10.453,-1.0506
10.477,-1.131
10.5,-1.139
10.523,-1.0662
10.547,-1.1241
10.57,-1.109
10.594,-1.0606
10.617,-1.143
10.641,-1.1269
10.664,-1.0937
10.688,-1.1496
10.711,-1.143
10.734,-1.0971
10.758,-1.1185
10.781,-1.1533
10.805,-1.1065
10.828,-1.123
10.852,-1.1658
10.875,-1.13
10.898,-1.143
10.922,-1.17
10.945,-1.1481
10.969,-1.1453
10.992,-1.1861
11.016,-1.1712
11.039,-1.1828
11.062,-1.2388
11.086,-1.2009
11.109,-1.2167
11.133,-1.2541
11.156,-1.2643
11.18,-1.2066
11.203,-1.3014
11.227,-1.3208
11.25,-1.261
11.273,-1.3154
11.297,-1.3827
11.32,-1.3349
11.344,-1.3837
11.367,-1.4466
11.391,-1.4105
11.414,-1.4282
11.438,-1.4795
11.461,-1.4374
11.484,-1.4185
11.508,-1.5003
11.531,-1.4353
11.555,-1.4665
11.578,-1.5144
11.602,-1.448
11.625,-1.4345
11.648,-1.5205
11.672,-1.464
11.695,-1.4517
11.719,-1.5344
11.742,-1.4586
11.766,-1.4362
11.789,-1.5024
11.812,-1.4875
11.836,-1.4393
11.859,-1.5321
11.883,-1.4788
11.906,-1.4275
11.93,-1.5175
11.953,-1.4901
11.977,-1.4249
12,-1.4941
12.023,-1.5023
12.047,-1.4418
12.07,-1.5205
12.094,-1.4889
12.117,-1.3891
12.141,-1.4913
12.164,-1.5036
12.188,-1.4463
12.211,-1.4809
12.234,-1.509
12.258,-1.4244
12.281,-1.4652
12.305,-1.5078
12.328,-1.4049
12.352,-1.4552
12.375,-1.508
12.398,-1.4098
12.422,-1.4908
12.445,-1.5175
12.469,-1.4541
12.492,-1.4557
12.516,-1.4998
12.539,-1.4685
12.562,-1.4666
12.586,-1.5049
12.609,-1.4864
12.633,-1.4635
12.656,-1.5242
12.68,-1.471
12.703,-1.4506
12.727,-1.5208
12.75,-1.4887
12.773,-1.4718
12.797,-1.5057
12.82,-1.5156
12.844,-1.4609
12.867,-1.4925
12.891,-1.4911
12.914,-1.4446
12.938,-1.4845
12.961,-1.5471
12.984,-1.4103
13.008,-1.4614
13.031,-1.509
13.055,-1.4718
13.078,-1.4579
13.102,-1.5264
13.125,-1.4211
13.148,-1.4899
13.172,-1.5092
13.195,-1.4678
13.219,-1.4574
13.242,-1.4866
13.266,-1.4925
13.289,-1.4473
13.312,-1.5069
13.336,-1.4877
13.359,-1.4395
13.383,-1.5544
13.406,-1.4981
13.43,-1.4383
13.453,-1.5288
13.477,-1.5268
13.5,-1.447
13.523,-1.4838
13.547,-1.5076
13.57,-1.3938
13.594,-1.5311
13.617,-1.5281
13.641,-1.435
13.664,-1.5014
13.688,-1.5189
13.711,-1.4534
13.734,-1.5174
13.758,-1.5278
13.781,-1.4479
13.805,-1.488
13.828,-1.5434
13.852,-1.4503
13.875,-1.4764
13.898,-1.5351
13.922,-1.4718
13.945,-1.4731
13.969,-1.5129
13.992,-1.4642
14.016,-1.4711
14.039,-1.5264
14.062,-1.46
14.086,-1.4692
14.109,-1.5049
14.133,-1.4738
14.156,-1.4612
14.18,-1.5221
14.203,-1.493
14.227,-1.443
14.25,-1.5141
14.273,-1.4864
14.297,-1.4324
14.32,-1.4823
14.344,-1.508
14.367,-1.4419
14.391,-1.4996
14.414,-1.5042
14.438,-1.4552
14.461,-1.4852
14.484,-1.508
14.508,-1.4324
14.531,-1.5002
14.555,-1.517
14.578,-1.468
14.602,-1.5002
14.625,-1.5231
14.648,-1.4718
14.672,-1.4904
14.695,-1.5243
14.719,-1.4863
14.742,-1.4837
14.766,-1.5134
14.789,-1.4771
14.812,-1.4774
14.836,-1.5113
14.859,-1.4969
14.883,-1.4572
14.906,-1.4772
14.93,-1.4852
14.953,-1.4315
14.977,-1.5304
15,-1.5083
15.023,-1.4374
15.047,-1.5174
15.07,-1.5297
15.094,-1.4538
15.117,-1.4882
15.141,-1.491
15.164,-1.452
15.188,-1.5063
15.211,-1.5278
15.234,-1.4687
15.258,-1.5148
15.281,-1.529
15.305,-1.4651
15.328,-1.496
15.352,-1.5295
15.375,-1.4823
15.398,-1.4892
15.422,-1.5231
15.445,-1.4854
15.469,-1.4941
15.492,-1.5275
15.516,-1.476
15.539,-1.4699
15.562,-1.513
15.586,-1.4718
15.609,-1.4649
15.633,-1.4842
15.656,-1.4911
15.68,-1.4506
15.703,-1.5292
15.727,-1.5101
15.75,-1.428
15.773,-1.5122
15.797,-1.5108
15.82,-1.4532
15.844,-1.5275
15.867,-1.5169
15.891,-1.4503
15.914,-1.5059
15.938,-1.5172
15.961,-1.4612
15.984,-1.5047
16.008,-1.5476
16.031,-1.4254
16.055,-1.4844
16.078,-1.533
16.102,-1.4569
16.125,-1.4934
16.148,-1.5448
16.172,-1.4571
16.195,-1.5038
16.219,-1.5299
16.242,-1.4525
16.266,-1.464
16.289,-1.4896
16.312,-1.4279
16.336,-1.4155
16.359,-1.4531
16.383,-1.4247
16.406,-1.378
16.43,-1.398
16.453,-1.3542
16.477,-1.2977
16.5,-1.3497
16.523,-1.3121
16.547,-1.2577
16.57,-1.3323
16.594,-1.314
16.617,-1.2475
16.641,-1.2967
16.664,-1.2652
16.688,-1.2028
16.711,-1.2258
16.734,-1.2136
16.758,-1.1588
16.781,-1.1809
16.805,-1.1936
16.828,-1.1194
16.852,-1.1555
16.875,-1.1479
16.898,-1.081
16.922,-1.0919
16.945,-1.1225
16.969,-1.0537
16.992,-1.0452
17.016,-1.0718
17.039,-0.99322
17.062,-1.0023
17.086,-1.0276
17.109,-0.96698
17.133,-0.93743
17.156,-0.98748
17.18,-0.96767
17.203,-0.91188
17.227,-0.94265
17.25,-0.89468
17.273,-0.8408
17.297,-0.92753
17.32,-0.87799
17.344,-0.82308
17.367,-0.86774
17.391,-0.81213
17.414,-0.74991
17.438,-0.78988
17.461,-0.7725
17.484,-0.67692
17.508,-0.71081
17.531,-0.71359
17.555,-0.63886
17.578,-0.67066
17.602,-0.68335
17.625,-0.58151
17.648,-0.6187
17.672,-0.69152
17.695,-0.58689
17.719,-0.61592
17.742,-0.67553
17.766,-0.61122
17.789,-0.59246
17.812,-0.66614
17.836,-0.60897
17.859,-0.57056
17.883,-0.64755
17.906,-0.59993
17.93,-0.56291
17.953,-0.61088
17.977,-0.60114
18,-0.55353
18.023,-0.63886
18.047,-0.60375
18.07,-0.5471
18.094,-0.61939
18.117,-0.62826
18.141,-0.52728
18.164,-0.60393
18.188,-0.5935
18.211,-0.5179
18.234,-0.57994
18.258,-0.59802
18.281,-0.52085
18.305,-0.57351
18.328,-0.60618
18.352,-0.50417
18.375,-0.56343
18.398,-0.56865
18.422,-0.5073
18.445,-0.55248
18.469,-0.56917
18.492,-0.49635
18.516,-0.54553
18.539,-0.56569
18.562,-0.52137
18.586,-0.48314
18.609,-0.56274
18.633,-0.50521
18.656,-0.49305
18.68,-0.55561
18.703,-0.50035
18.727,-0.49687
18.75,-0.52885
18.773,-0.47897
18.797,-0.45203
18.82,-0.52902
18.844,-0.492
18.867,-0.44334
18.891,-0.49496
18.914,-0.47932
18.938,-0.40928
18.961,-0.49044
18.984,-0.44838
19.008,-0.40459
19.031,-0.46298
19.055,-0.4894
19.078,-0.42892
19.102,-0.45794
19.125,-0.48749
19.148,-0.39746
19.172,-0.45064
19.195,-0.50539
19.219,-0.4277
19.242,-0.4317
19.266,-0.51772
19.289,-0.44925
19.312,-0.4715
19.336,-0.52572
19.359,-0.46715
19.383,-0.44491
19.406,-0.52085
19.43,-0.47636
19.453,-0.46298
19.477,-0.53145
19.5,-0.51599
19.523,-0.50139
19.547,-0.57369
19.57,-0.56882
19.594,-0.51633
19.617,-0.60688
19.641,-0.61522
19.664,-0.56169
19.688,-0.65693
19.711,-0.66267
19.734,-0.58794
19.758,-0.70959
19.781,-0.71446
19.805,-0.65832
19.828,-0.72176
19.852,-0.78641
19.875,-0.73427
19.898,-0.81178
19.922,-0.88217
19.945,-0.78728
19.969,-0.89798
19.992,-0.97775
20.016,-0.90354
20.039,-0.97063
20.062,-1.0285
20.086,-0.98244
20.109,-1.0872
20.133,-1.1441
20.156,-1.0858
20.18,-1.1396
20.203,-1.2112
20.227,-1.1734
20.25,-1.1893
20.273,-1.2855
20.297,-1.2461
20.32,-1.2596
20.344,-1.3354
20.367,-1.3403
20.391,-1.3375
20.414,-1.4131
20.438,-1.4317
20.461,-1.4145
20.484,-1.4494
20.508,-1.4491
20.531,-1.426
20.555,-1.4656
20.578,-1.5042
20.602,-1.4536
20.625,-1.4884
20.648,-1.4983
20.672,-1.4367
20.695,-1.4609
20.719,-1.4892
20.742,-1.4134
20.766,-1.4341
20.789,-1.488
20.812,-1.4058
20.836,-1.4011
20.859,-1.4666
20.883,-1.3733
20.906,-1.4319
20.93,-1.4538
20.953,-1.4322
20.977,-1.3909
21,-1.4765
21.023,-1.4609
21.047,-1.4247
21.07,-1.4692
21.094,-1.4711
21.117,-1.4308
21.141,-1.4619
21.164,-1.4983
21.188,-1.4277
21.211,-1.4953
21.234,-1.5049
21.258,-1.4272
21.281,-1.5029
21.305,-1.513
21.328,-1.4307
21.352,-1.5193
21.375,-1.5052
21.398,-1.4284
21.422,-1.4884
21.445,-1.505
21.469,-1.4355
21.492,-1.5019
21.516,-1.5372
21.539,-1.4312
21.562,-1.4859
21.586,-1.5337
21.609,-1.4541
21.633,-1.4767
21.656,-1.5426
21.68,-1.4395
21.703,-1.4703
21.727,-1.5268
21.75,-1.4814
21.773,-1.456
21.797,-1.5122
21.82,-1.4765
21.844,-1.4647
21.867,-1.5202
21.891,-1.4906
21.914,-1.4522
21.938,-1.5323
21.961,-1.5007
21.984,-1.4647
22.008,-1.5175
22.031,-1.4993
22.055,-1.4592
22.078,-1.5219
22.102,-1.5097
22.125,-1.4546
22.148,-1.5078
22.172,-1.5148
22.195,-1.4362
22.219,-1.4786
22.242,-1.5146
22.266,-1.4513
22.289,-1.5017
22.312,-1.5348
22.336,-1.4668
22.359,-1.4837
22.383,-1.5419
22.406,-1.4578
22.43,-1.4854
22.453,-1.516
22.477,-1.4552
22.5,-1.4666
22.523,-1.5186
22.547,-1.4628
22.57,-1.4466
22.594,-1.5144
22.617,-1.491
22.641,-1.46
22.664,-1.4739
22.688,-1.4861
22.711,-1.4254
22.734,-1.5507
22.758,-1.4892
22.781,-1.4199
22.805,-1.4892
22.828,-1.5144
22.852,-1.4234
22.875,-1.5247
22.898,-1.5148
22.922,-1.4456
22.945,-1.5029
22.969,-1.5101
22.992,-1.4334
23.016,-1.4915
23.039,-1.5087
23.062,-1.4376
23.086,-1.4917
23.109,-1.5142
23.133,-1.4473
23.156,-1.4673
23.18,-1.5285
23.203,-1.4444
23.227,-1.4628
23.25,-1.4991
23.273,-1.4705
23.297,-1.4555
23.32,-1.5175
23.344,-1.4446
23.367,-1.4531
23.391,-1.5136
23.414,-1.4977
23.438,-1.4635
23.461,-1.5219
23.484,-1.4932
23.508,-1.4446
23.531,-1.5047
23.555,-1.4996
23.578,-1.4326
23.602,-1.4892
23.625,-1.5129
23.648,-1.4451
23.672,-1.4833
23.695,-1.5139
23.719,-1.444
23.742,-1.4849
23.766,-1.5407
23.789,-1.4616
23.812,-1.4689
23.836,-1.5283
23.859,-1.4489
23.883,-1.4765
23.906,-1.5287
23.93,-1.4204
23.953,-1.4418
23.977,-1.5076
24,-1.4604
24.023,-1.4242
24.047,-1.5129
24.07,-1.4925
24.094,-1.4409
24.117,-1.4701
24.141,-1.4711
24.164,-1.3896
24.188,-1.463
24.211,-1.398
24.234,-1.3259
24.258,-1.3801
24.281,-1.3761
24.305,-1.2734
24.328,-1.3504
24.352,-1.3203
24.375,-1.256
24.398,-1.2892
24.422,-1.2718
24.445,-1.1941
24.469,-1.2383
24.492,-1.228
24.516,-1.1611
24.539,-1.1837
24.562,-1.1774
24.586,-1.098
24.609,-1.1392
24.633,-1.1722
24.656,-1.0469
24.68,-1.0579
24.703,-1.0949
24.727,-1.025
24.75,-1.0219
24.773,-1.07
24.797,-0.99669
24.82,-1.0109
24.844,-1.0222
24.867,-0.99704
24.891,-0.96402
24.914,-1.0363
24.938,-0.99826
24.961,-0.97601
24.984,-1.0182
25.008,-1.0158
25.031,-0.95203
25.055,-1.0276
25.078,-1.0182
25.102,-0.96089
25.125,-1.0172
25.148,-1.0401
25.172,-0.99044
25.195,-0.99913
25.219,-1.0127
25.242,-0.96385
25.266,-0.97671
25.289,-1.0454
25.312,-0.97289
25.336,-0.97375
25.359,-1.033
25.383,-0.97653
25.406,-0.96037
25.43,-1.0269
25.453,-0.99548
25.477,-0.96628
25.5,-0.99252
25.523,-0.99808
25.547,-0.92735
25.57,-1.0419
25.594,-1.02
25.617,-0.94039
25.641,-1.02
25.664,-1.0146
25.688,-0.939
25.711,-1.0063
25.734,-0.99322
25.758,-0.93674
25.781,-1.0016
25.805,-1.0116
25.828,-0.92492
25.852,-0.98731
25.875,-1.0233
25.898,-0.88251
25.922,-0.95881
25.945,-0.99774
25.969,-0.92162
25.992,-0.93726
26.016,-1.0103
26.039,-0.90737
26.062,-0.92301
26.086,-0.97914
26.109,-0.88182
26.133,-0.95307
26.156,-0.98714
26.18,-0.91814
26.203,-0.94664
26.227,-1.0047
26.25,-0.95151
26.273,-0.96228
26.297,-1.0049
26.32,-0.98227
26.344,-0.9237
26.367,-1.0118
26.391,-1.0002
26.414,-0.92874
26.438,-1.0042
26.461,-1.0115
26.484,-0.94838
26.508,-1.0038
26.531,-1.0134
26.555,-0.96941
26.578,-0.99165
26.602,-1.0271
26.625,-0.94317
26.648,-1.0318
26.672,-1.0419
26.695,-0.99948
26.719,-1.0372
26.742,-1.0568
26.766,-1.0031
26.789,-1.0467
26.812,-1.0695
26.836,-1.0461
26.859,-1.0266
26.883,-1.0942
26.906,-1.0681
26.93,-1.0434
26.953,-1.1321
26.977,-1.0652
27,-1.0434
27.023,-1.089
27.047,-1.0968
27.07,-1.0447
27.094,-1.1342
27.117,-1.1057
27.141,-1.0591
27.164,-1.1375
27.188,-1.1451
27.211,-1.0723
27.234,-1.1347
27.258,-1.1467
27.281,-1.0737
27.305,-1.1072
27.328,-1.1611
27.352,-1.0539
27.375,-1.1177
27.398,-1.1642
27.422,-1.0518
27.445,-1.115
27.469,-1.1503
27.492,-1.0855
27.516,-1.0768
27.539,-1.1514
27.562,-1.0554
27.586,-1.0907
27.609,-1.1621
27.633,-1.1055
27.656,-1.0992
27.68,-1.126
27.703,-1.1046
27.727,-1.0584
27.75,-1.1342
27.773,-1.1185
27.797,-1.0768
27.82,-1.1267
27.844,-1.1105
27.867,-1.0754
27.891,-1.119
27.914,-1.1288
27.938,-1.0836
27.961,-1.1192
27.984,-1.1272
28.008,-1.0613
28.031,-1.1177
28.055,-1.166
28.078,-1.1222
28.102,-1.1064
28.125,-1.1978
28.148,-1.1496
28.172,-1.1423
28.195,-1.2032
28.219,-1.1512
28.242,-1.1217
28.266,-1.2377
28.289,-1.1797
28.312,-1.1827
28.336,-1.2346
28.359,-1.2485
28.383,-1.2134
28.406,-1.3175
28.43,-1.2756
28.453,-1.2513
28.477,-1.3497
28.5,-1.3528
28.523,-1.2921
28.547,-1.3837
28.57,-1.4254
28.594,-1.3585
28.617,-1.4406
28.641,-1.4635
28.664,-1.4098
28.688,-1.485
28.711,-1.4908
28.734,-1.4253
28.758,-1.4717
28.781,-1.5189
28.805,-1.4286
28.828,-1.4838
28.852,-1.5208
28.875,-1.4557
28.898,-1.4684
28.922,-1.5097
28.945,-1.4729
28.969,-1.4579
28.992,-1.4932
29.016,-1.4783
29.039,-1.4658
29.062,-1.5172
29.086,-1.4915
29.109,-1.4479
29.133,-1.5083
29.156,-1.4821
29.18,-1.4447
29.203,-1.4943
29.227,-1.4948
29.25,-1.4223
29.273,-1.5014
29.297,-1.4847
29.32,-1.4623
29.344,-1.4835
29.367,-1.4969
29.391,-1.3975
29.414,-1.4927
29.438,-1.5099
29.461,-1.452
29.484,-1.4588
29.508,-1.5266
29.531,-1.4562
29.555,-1.4492
29.578,-1.5002
29.602,-1.4746
29.625,-1.447
29.648,-1.5127
29.672,-1.4739
29.695,-1.4536
29.719,-1.5144
29.742,-1.4809
29.766,-1.4565
29.789,-1.5269
29.812,-1.5109
29.836,-1.451
29.859,-1.5118
29.883,-1.5042
29.906,-1.436
29.93,-1.5
29.953,-1.509
29.977,-1.4402
30,-1.5184
30.023,-1.5233
30.047,-1.4512
30.07,-1.5129
30.094,-1.5334
30.117,-1.4458
30.141,-1.4929
30.164,-1.5372
30.188,-1.4609
30.211,-1.4941
30.234,-1.5287
30.258,-1.4456
30.281,-1.4941
30.305,-1.5299
30.328,-1.4592
30.352,-1.4722
30.375,-1.5163
30.398,-1.4678
30.422,-1.459
30.445,-1.5017
30.469,-1.4871
30.492,-1.4673
30.516,-1.4953
30.539,-1.4884
30.562,-1.4616
30.586,-1.5007
30.609,-1.5228
30.633,-1.46
30.656,-1.5134
30.68,-1.5349
30.703,-1.4572
30.727,-1.5007
30.75,-1.499
30.773,-1.4604
30.797,-1.4828
30.82,-1.5205
30.844,-1.4312
30.867,-1.4614
30.891,-1.5292
30.914,-1.4809
30.938,-1.4665
30.961,-1.517
30.984,-1.4764
31.008,-1.4977
31.031,-1.5433
31.055,-1.4755
31.078,-1.4638
31.102,-1.5076
31.125,-1.4774
31.148,-1.4414
31.172,-1.5174
31.195,-1.4977
31.219,-1.4268
31.242,-1.5448
31.266,-1.4915
31.289,-1.423
31.312,-1.5014
31.336,-1.5144
31.359,-1.4477
31.383,-1.4958
31.406,-1.5195
31.43,-1.4501
31.453,-1.509
31.477,-1.5202
31.5,-1.4407
31.523,-1.4939
31.547,-1.5139
31.57,-1.464
31.594,-1.4798
31.617,-1.5212
31.641,-1.4586
31.664,-1.4977
31.688,-1.5202
31.711,-1.4765
31.734,-1.4725
31.758,-1.5281
31.781,-1.4783
31.805,-1.4835
31.828,-1.5118
31.852,-1.5017
31.875,-1.4748
31.898,-1.5382
31.922,-1.4944
31.945,-1.4571
31.969,-1.5309
31.992,-1.4854
32.016,-1.4586
32.039,-1.4767
32.062,-1.5066
32.086,-1.4618
32.109,-1.5085
32.133,-1.5002
32.156,-1.4802
32.18,-1.5057
32.203,-1.5254
32.227,-1.4571
32.25,-1.513
32.273,-1.533
32.297,-1.4656
32.32,-1.4765
32.344,-1.5414
32.367,-1.4777
32.391,-1.4748
32.414,-1.5195
32.438,-1.484
32.461,-1.464
32.484,-1.5328
32.508,-1.4831
32.531,-1.4771
32.555,-1.5078
32.578,-1.5003
32.602,-1.4552
32.625,-1.5667
32.648,-1.4996
32.672,-1.4576
32.695,-1.5275
32.719,-1.5264
32.742,-1.4609
32.766,-1.5313
32.789,-1.5358
32.812,-1.4223
32.836,-1.5087
32.859,-1.5311
32.883,-1.4539
32.906,-1.5069
32.93,-1.5207
32.953,-1.4261
32.977,-1.4802
33,-1.5301
33.023,-1.4625
33.047,-1.4701
33.07,-1.5433
33.094,-1.4425
33.117,-1.4953
33.141,-1.5217
33.164,-1.4645
33.188,-1.4649
33.211,-1.5215
33.234,-1.4802
33.258,-1.4638
33.281,-1.5097
33.305,-1.48
33.328,-1.4565
33.352,-1.5203
33.375,-1.4776
33.398,-1.4607
33.422,-1.5233
33.445,-1.4998
33.469,-1.4586
33.492,-1.5208
33.516,-1.4852
33.539,-1.4301
33.562,-1.4609
33.586,-1.4334
33.609,-1.4001
33.633,-1.4051
33.656,-1.4128
33.68,-1.3564
33.703,-1.3563
33.727,-1.3731
33.75,-1.3142
33.773,-1.2873
33.797,-1.3575
33.82,-1.2763
33.844,-1.2744
33.867,-1.3099
33.891,-1.2367
33.914,-1.1906
33.938,-1.2583
33.961,-1.1962
33.984,-1.1681
34.008,-1.2023
34.031,-1.178
34.055,-1.0905
34.078,-1.1825
34.102,-1.1496
34.125,-1.066
34.148,-1.1316
34.172,-1.1053
34.195,-1.0042
34.219,-1.0655
34.242,-1.0464
34.266,-0.97688
34.289,-1.0283
34.312,-1.0361
34.336,-0.96489
34.359,-0.99583
34.383,-1.0151
34.406,-0.89485
34.43,-0.94855
34.453,-0.99861
34.477,-0.8846
34.5,-0.89138
34.523,-0.95429
34.547,-0.82047
34.57,-0.8375
34.594,-0.8667
34.617,-0.78936
34.641,-0.75582
34.664,-0.8229
34.688,-0.74765
34.711,-0.71811
34.734,-0.76972
34.758,-0.72506
34.781,-0.65554
34.805,-0.69795
34.828,-0.6406
34.852,-0.60549
34.875,-0.66562
34.898,-0.6366
34.922,-0.59941
34.945,-0.63382
34.969,-0.65398
34.992,-0.60028
35.016,-0.63347
35.039,-0.6187
35.062,-0.55996
35.086,-0.58846
35.109,-0.62913
35.133,-0.56187
35.156,-0.59923
35.18,-0.62634
35.203,-0.57438
35.227,-0.57959
35.25,-0.64146
35.273,-0.55961
35.297,-0.61348
35.32,-0.62878
35.344,-0.55405
35.367,-0.53719
35.391,-0.6107
35.414,-0.55839
35.438,-0.52381
35.461,-0.56743
35.484,-0.59471
35.508,-0.51338
35.531,-0.58307
35.555,-0.57004
35.578,-0.51286
35.602,-0.57299
35.625,-0.60775
35.648,-0.48227
35.672,-0.55943
35.695,-0.53997
35.719,-0.47671
35.742,-0.53476
35.766,-0.57438
35.789,-0.44543
35.812,-0.53076
35.836,-0.5756
35.859,-0.48488
35.883,-0.50765
35.906,-0.55248
35.93,-0.43882
35.953,-0.47741
35.977,-0.51894
36,-0.43813
36.023,-0.4781
36.047,-0.50521
36.07,-0.47045
36.094,-0.44977
36.117,-0.44247
36.141,-0.46437
36.164,-0.4204
36.188,-0.47845
36.211,-0.45759
36.234,-0.40876
36.258,-0.46159
36.281,-0.44908
36.305,-0.39781
36.328,-0.45933
36.352,-0.45794
36.375,-0.43552
36.398,-0.45325
36.422,-0.49583
36.445,-0.43795
36.469,-0.47202
36.492,-0.492
36.516,-0.45499
36.539,-0.45568
36.562,-0.51095
36.586,-0.44699
36.609,-0.49722
36.633,-0.52103
36.656,-0.46315
36.68,-0.46646
36.703,-0.52329
36.727,-0.4927
36.75,-0.50174
36.773,-0.53615
36.797,-0.55874
36.82,-0.5318
36.844,-0.59889
36.867,-0.58985
36.891,-0.5471
36.914,-0.64529
36.938,-0.62895
36.961,-0.57994
36.984,-0.6896
37.008,-0.69882
37.031,-0.64477
37.055,-0.71341
37.078,-0.75565
37.102,-0.71637
37.125,-0.78224
37.148,-0.86722
37.172,-0.79301
37.195,-0.89398
37.219,-0.98296
37.242,-0.90962
37.266,-0.96194
37.289,-1.0553
37.312,-0.9847
37.336,-1.0572
37.359,-1.1479
37.383,-1.0864
37.406,-1.1142
37.43,-1.2035
37.453,-1.1792
37.477,-1.1993
37.5,-1.2744
37.523,-1.2883
37.547,-1.252
37.57,-1.3363
37.594,-1.3521
37.617,-1.3175
37.641,-1.3987
37.664,-1.4049
37.688,-1.3931
37.711,-1.4649
37.734,-1.471
37.758,-1.4067
37.781,-1.4741
37.805,-1.4993
37.828,-1.4331
37.852,-1.5
37.875,-1.5224
37.898,-1.4593
37.922,-1.4793
37.945,-1.5327
37.969,-1.4282
37.992,-1.4609
38.016,-1.493
38.039,-1.4298
38.062,-1.4174
38.086,-1.4489
38.109,-1.4254
38.133,-1.4249
38.156,-1.4428
38.18,-1.4618
38.203,-1.3995
38.227,-1.4845
38.25,-1.463
38.273,-1.4034
38.297,-1.4685
38.32,-1.5071
38.344,-1.43
38.367,-1.4925
38.391,-1.4988
38.414,-1.4319
38.438,-1.4877
38.461,-1.5181
38.484,-1.4237
38.508,-1.4741
38.531,-1.5349
38.555,-1.451
38.578,-1.4638
38.602,-1.5195
38.625,-1.4651
38.648,-1.4525
38.672,-1.5092
38.695,-1.4699
38.719,-1.4673
38.742,-1.5379
38.766,-1.451
38.789,-1.4559
38.812,-1.5316
38.836,-1.4649
38.859,-1.4439
38.883,-1.5238
38.906,-1.4932
38.93,-1.4279
38.953,-1.548
38.977,-1.508
39,-1.447
39.023,-1.5214
39.047,-1.4932
39.07,-1.4525
39.094,-1.5129
39.117,-1.5196
39.141,-1.4406
39.164,-1.4892
39.188,-1.501
39.211,-1.4937
39.234,-1.4837
39.258,-1.5198
39.281,-1.4444
39.305,-1.4755
39.328,-1.517
39.352,-1.4652
39.375,-1.4611
39.398,-1.513
39.422,-1.4739
39.445,-1.4602
39.469,-1.5064
39.492,-1.5144
39.516,-1.44
39.539,-1.5257
39.562,-1.4727
39.586,-1.4494
39.609,-1.5096
39.633,-1.5052
39.656,-1.4687
39.68,-1.5142
39.703,-1.513
39.727,-1.4621
39.75,-1.5106
39.773,-1.5224
39.797,-1.4536
39.82,-1.4871
39.844,-1.5283
39.867,-1.4619
39.891,-1.4694
39.914,-1.5386
39.938,-1.4527
39.961,-1.4743
39.984,-1.5076
40.008,-1.4623
40.031,-1.4546
40.055,-1.5276
40.078,-1.4675
40.102,-1.4616
40.125,-1.5017
40.148,-1.4769
40.172,-1.4409
40.195,-1.5181
40.219,-1.4718
40.242,-1.4317
40.266,-1.5017
40.289,-1.491
40.312,-1.4366
40.336,-1.5189
40.359,-1.5184
40.383,-1.4484
40.406,-1.5045
40.43,-1.489
40.453,-1.4642
40.477,-1.4977
40.5,-1.5151
40.523,-1.4312
40.547,-1.4746
40.57,-1.5186
40.594,-1.4515
40.617,-1.4844
40.641,-1.5085
40.664,-1.438
40.688,-1.4811
40.711,-1.5203
40.734,-1.4531
40.758,-1.4691
40.781,-1.4868
40.805,-1.4812
40.828,-1.4548
40.852,-1.4736
40.875,-1.4809
40.898,-1.4388
40.922,-1.521
40.945,-1.5016
40.969,-1.4176
40.992,-1.475
41.016,-1.5092
41.039,-1.4381
41.062,-1.4889
41.086,-1.4906
41.109,-1.4541
41.133,-1.4837
41.156,-1.5358
41.18,-1.4392
41.203,-1.4826
41.227,-1.5243
41.25,-1.4468
41.273,-1.4687
41.297,-1.5205
41.32,-1.4192
41.344,-1.4684
41.367,-1.4844
41.391,-1.4016
41.414,-1.3846
41.438,-1.455
41.461,-1.3537
41.484,-1.3245
41.508,-1.3658
41.531,-1.304
41.555,-1.2826
41.578,-1.363
41.602,-1.3109
41.625,-1.2273
41.648,-1.2801
41.672,-1.2744
41.695,-1.1541
41.719,-1.2334
41.742,-1.2014
41.766,-1.1515
41.789,-1.1571
41.812,-1.1684
41.836,-1.0897
41.859,-1.117
41.883,-1.1437
41.906,-1.058
41.93,-1.0806
41.953,-1.0933
41.977,-1.005
42,-1.0162
42.023,-1.0779
42.047,-0.99044
42.07,-0.98071
42.094,-1.0478
42.117,-1.0132
42.141,-0.98679
42.164,-1.0464
42.188,-1.028
42.211,-0.98835
42.234,-1.0235
42.258,-1.0073
42.281,-0.9635
42.305,-1.0334
42.328,-1.0506
42.352,-0.9814
42.375,-1.028
42.398,-1.0302
42.422,-0.94786
42.445,-1.0024
42.469,-1.0217
42.492,-0.97862
42.516,-1.004
42.539,-1.0335
42.562,-0.94994
42.586,-1.0071
42.609,-1.0546
42.633,-0.92544
42.656,-0.9774
42.68,-1.0443
42.703,-0.9887
42.727,-0.98279
42.75,-1.021
42.773,-0.97879
42.797,-0.96489
42.82,-1.0255
42.844,-1.0038
42.867,-0.93969
42.891,-0.99808
42.914,-0.99843
42.938,-0.94855
42.961,-1.0382
42.984,-1.0007
43.008,-0.92978
43.031,-1.0275
43.055,-1.0054
43.078,-0.9343
43.102,-1.0028
43.125,-1.003
43.148,-0.92735
43.172,-0.9741
43.195,-0.99583
43.219,-0.88738
43.242,-0.94664
43.266,-0.95568
43.289,-0.89781
43.312,-0.92162
43.336,-0.98401
43.359,-0.92231
43.383,-0.93865
43.406,-0.98905
43.43,-0.93291
43.453,-0.94508
43.477,-0.98922
43.5,-0.97879
43.523,-0.96246
43.547,-0.97358
43.57,-0.97827
43.594,-0.95307
43.617,-1.0344
43.641,-0.97879
43.664,-0.95863
43.688,-0.99687
43.711,-0.99409
43.734,-0.92474
43.758,-1.0043
43.781,-0.96576
43.805,-0.94265
43.828,-0.99652
43.852,-1.0136
43.875,-0.9456
43.898,-1.0228
43.922,-1.0374
43.945,-1.0064
43.969,-1.02
43.992,-1.0584
44.016,-1.0165
44.039,-1.0481
44.062,-1.0603
44.086,-1.0558
44.109,-1.0264
44.133,-1.1017
44.156,-1.0565
44.18,-1.0419
44.203,-1.1274
44.227,-1.081
44.25,-1.0613
44.273,-1.0918
44.297,-1.1105
44.32,-1.0546
44.344,-1.1517
44.367,-1.1284
44.391,-1.0655
44.414,-1.1164
44.438,-1.1347
44.461,-1.0819
44.484,-1.1338
44.508,-1.134
44.531,-1.0558
44.555,-1.1305
44.578,-1.1423
44.602,-1.0499
44.625,-1.1015
44.648,-1.1482
44.672,-1.0497
44.695,-1.078
44.719,-1.1437
44.742,-1.07
44.766,-1.045
44.789,-1.123
44.812,-1.0608
44.836,-1.0819
44.859,-1.1458
44.883,-1.0841
44.906,-1.0888
44.93,-1.1382
44.953,-1.1076
44.977,-1.0633
45,-1.1442
45.023,-1.1112
45.047,-1.0398
45.07,-1.1378
45.094,-1.1217
45.117,-1.0648
45.141,-1.1531
45.164,-1.1387
45.188,-1.0944
45.211,-1.1241
45.234,-1.1296
45.258,-1.0944
45.281,-1.1387
45.305,-1.146
45.328,-1.1018
45.352,-1.115
45.375,-1.174
45.398,-1.1081
45.422,-1.1526
45.445,-1.2211
45.469,-1.1329
45.492,-1.1731
45.516,-1.2414
45.539,-1.1976
45.562,-1.1962
45.586,-1.2536
45.609,-1.2379
45.633,-1.2593
45.656,-1.2934
45.68,-1.3031
45.703,-1.2565
45.727,-1.3424
45.75,-1.3385
45.773,-1.31
45.797,-1.4209
45.82,-1.4421
45.844,-1.3721
45.867,-1.4572
45.891,-1.4689
45.914,-1.4166
45.938,-1.4649
45.961,-1.5047
45.984,-1.4499
46.008,-1.4743
46.031,-1.5219
46.055,-1.4512
46.078,-1.467
46.102,-1.5101
46.125,-1.4757
46.148,-1.4468
46.172,-1.5299
46.195,-1.4597
46.219,-1.459
46.242,-1.516
46.266,-1.4607
46.289,-1.4371
46.312,-1.5233
46.336,-1.4962
46.359,-1.4456
46.383,-1.4805
46.406,-1.4771
46.43,-1.4253
46.453,-1.529
46.477,-1.5073
46.5,-1.4105
46.523,-1.5169
46.547,-1.4941
46.57,-1.4134
46.594,-1.5122
46.617,-1.4884
46.641,-1.4413
46.664,-1.4847
46.688,-1.5144
46.711,-1.4367
46.734,-1.5087
46.758,-1.5142
46.781,-1.4364
46.805,-1.4585
46.828,-1.5354
46.852,-1.4348
46.875,-1.4543
46.898,-1.5252
46.922,-1.4517
46.945,-1.4677
46.969,-1.5189
46.992,-1.4421
47.016,-1.4546
47.039,-1.5087
47.062,-1.4684
47.086,-1.4595
47.109,-1.4868
47.133,-1.4722
47.156,-1.4479
47.18,-1.5181
47.203,-1.4984
47.227,-1.4416
47.25,-1.4755
47.273,-1.4962
47.297,-1.4553
47.32,-1.5132
47.344,-1.4889
47.367,-1.4532
47.391,-1.5076
47.414,-1.5106
47.438,-1.4345
47.461,-1.4772
47.484,-1.5332
47.508,-1.4635
47.531,-1.4764
47.555,-1.5276
47.578,-1.4393
47.602,-1.4946
47.625,-1.5113
47.648,-1.4797
47.672,-1.4647
47.695,-1.5149
47.719,-1.4732
47.742,-1.4665
47.766,-1.4738
47.789,-1.4917
47.812,-1.439
47.836,-1.5287
47.859,-1.5066
47.883,-1.4539
47.906,-1.4884
47.93,-1.5219
47.953,-1.4515
47.977,-1.4746
