Ref,Val,Package,PosX,PosY,Rot,Side
"C1","10uF / 16V","C_0805_2012Metric",114.173000,-110.363000,0.000000,top
"C2","100nF / 16V","C_0805_2012Metric",125.000000,-125.000000,0.000000,top
"C7","470pF C0G","C_0805_2012Metric",125.500000,-117.000000,0.000000,top
"C8","1uF / 16V","C_0805_2012Metric",115.000000,-140.000000,0.000000,top
"C9","100nF / 16V","C_0805_2012Metric",124.079000,-137.414000,0.000000,top
"C10","100nF / 16V","C_0805_2012Metric",136.000000,-124.300000,0.000000,top
"C11","100nF / 16V","C_0805_2012Metric",153.000000,-116.500000,0.000000,top
"C12","1uF / 16V","C_0805_2012Metric",155.000000,-109.500000,90.000000,top
"R1","100R 0.1%","R_0805_2012Metric",115.500000,-118.800000,0.000000,top
"R2","100R 0.1%","R_0805_2012Metric",115.500000,-123.200000,0.000000,top
"R3","10k 0.1%","R_0805_2012Metric",140.970000,-121.000000,0.000000,top
"R4","90.9k 0.1%","R_0805_2012Metric",140.970000,-117.602000,180.000000,top
"R5","1k 0.1%","R_0805_2012Metric",142.000000,-129.794000,0.000000,top
"R6","100k 0.1%","R_0805_2012Metric",142.000000,-125.000000,0.000000,top
"R7","100k","R_0805_2012Metric",120.000000,-112.000000,0.000000,top
"R8","100R","R_0805_2012Metric",150.000000,-128.500000,0.000000,top
"R11","1k 0.1%","R_0805_2012Metric",149.000000,-136.000000,0.000000,top
"R12","1M 0.1%","R_0805_2012Metric",149.000000,-132.500000,0.000000,top
"R13","2k","R_0805_2012Metric",137.000000,-113.500000,0.000000,top
"R14","200R","R_0805_2012Metric",126.000000,-128.500000,0.000000,top
"R15","10k 0.1%","R_0805_2012Metric",111.000000,-137.000000,0.000000,top
"R16","10k 0.1%","R_0805_2012Metric",111.000000,-142.000000,0.000000,top
"R17","4.7k","R_0805_2012Metric",141.000000,-111.000000,0.000000,top
"R18","4.7k","R_0805_2012Metric",140.970000,-108.966000,0.000000,top
"R19","4.7k","R_0805_2012Metric",153.162000,-122.301000,180.000000,top
"R20","4.7k","R_0805_2012Metric",153.162000,-120.015000,180.000000,top
"R21","30k 0.1%","R_0805_2012Metric",129.500000,-132.000000,0.000000,top
"R22","20k 0.1%","R_0805_2012Metric",134.500000,-132.000000,0.000000,top
"R23","40.2k 0.1%","R_0805_2012Metric",129.500000,-135.000000,0.000000,top
"R24","10k 0.1%","R_0805_2012Metric",134.500000,-135.000000,0.000000,top
"R25","120k 0.1%","R_0805_2012Metric",129.500000,-138.000000,0.000000,top
"R26","4.99k 0.1%","R_0805_2012Metric",134.500000,-138.000000,0.000000,top
"R27","100k 0.1%","R_0805_2012Metric",128.000000,-145.000000,0.000000,top
"R28","2.05k 0.1%","R_0805_2012Metric",133.000000,-145.000000,0.000000,top
"R29","4.7k","R_0805_2012Metric",143.000000,-114.500000,0.000000,top
"U1","AD8237ARMZ","MSOP-8_3x3mm_P0.65mm",122.000000,-121.000000,0.000000,top
"U2","TMUX1108PWR","TSSOP-16_4.4x5mm_P0.65mm",133.000000,-119.500000,0.000000,top
"U3","TCA9536DGKR","VSSOP-8_3x3mm_P0.65mm",149.000000,-113.500000,0.000000,top
"U4","OPA333AIDBVR","SOT-23-5",119.000000,-140.000000,0.000000,top
