Designator,Val,Package,Mid X,Mid Y,Rotation,Layer
BZ1,Buzzer,BUZ-SMD_2P-L12.0-W12.0-L_PKLCS1212E4001-R1,161.29,-96.354,-90.0,top
C1,0.1uF,C_0402_1005Metric,148.463,-101.981,180.0,top
C10,0.1uF,C_0402_1005Metric,169.672,-100.866,90.0,top
C2,1uF,C_0402_1005Metric,149.098,-94.742,90.0,top
C3,1uF,C_0402_1005Metric,159.258,-88.416,90.0,top
C4,1uF,C_0402_1005Metric,164.346,-89.432,180.0,top
C5,2.2uF,C_0402_1005Metric,165.108,-87.654,0.0,top
C6,2.2uF,C_0402_1005Metric,166.124,-86.13,0.0,top
C7,1uF,C_0402_1005Metric,147.094,-89.535,0.0,top
C8,1uF,C_0402_1005Metric,168.148,-99.766,-90.0,top
C9,0.1uF,C_0402_1005Metric,149.098,-88.392,180.0,top
D3,BAT54S,SOT-23,150.495,-91.313,0.0,top
J1,Conn_01x01,SolderWirePad_1x01_SMD_1.5x3mm,153.416,-110.998,180.0,top
J2,Conn_01x01,SolderWirePad_1x01_SMD_1.5x3mm,162.052,-110.998,180.0,top
LED1,SK6812SIDE-A_C5378721,LED-SMD_4P-L4.0-W1.6-L,169.411448,-94.615,90.0,top
Q1,AO3400A MOSFET,SOT-23,153.035,-97.3605,180.0,top
R1,4.7K,R_0805_2012Metric,147.066,-95.123,-90.0,top
R10,100K,R_0805_2012Metric,149.8365,-110.363,180.0,top
R11,100K,R_0805_2012Metric,161.1395,-105.029,180.0,top
R12,100K,R_0805_2012Metric,164.9495,-105.029,180.0,top
R13,100K,R_0805_2012Metric,168.656,-105.029,180.0,top
R14,100K,R_0805_2012Metric,169.6485,-107.95,90.0,top
R15,100K,R_0805_2012Metric,166.6005,-109.728,0.0,top
R20,100K,R_0805_2012Metric,147.193,-71.755,90.0,top
R21,100K,R_0805_2012Metric,147.193,-75.565,-90.0,top
R22,1Meg,R_0805_2012Metric,157.3295,-105.029,0.0,top
R4,100K,R_0805_2012Metric,153.543,-93.0675,-90.0,top
R5,100K,R_0805_2012Metric,152.4,-100.711,180.0,top
R6,100K,R_0805_2012Metric,153.5195,-105.029,0.0,top
R7,100K,R_0805_2012Metric,149.813,-105.029,0.0,top
R8,100K,R_0805_2012Metric,146.9155,-105.791,90.0,top
R9,100K,R_0805_2012Metric,146.9155,-109.4975,90.0,top
U1,TPS22914BYFPR,DSBGA-4_L0.8-W0.8-R2-C2-P0.40-BL,147.402,-88.465,90.0,top
U2,~,XIAO-R4-DIP,158.623,-73.279,90.0,top
U3,TL431DBZ,SOT-23,148.209,-99.1385,0.0,top
U4,TPS22914BYFPR,DSBGA-4_L0.8-W0.8-R2-C2-P0.40-BL,169.599,-99.185,0.0,top
U5,PAM8904JER,TQFN-16_L3.0-W3.0-P0.50-BL-EP1.5,162.064,-86.868,180.0,top
