Log Start Time,2026-01-18T18:33:50
Delta uS,V Ch1,V Ch2, I, X, Y, Z, Temp, RTC Stamp
1329915.0,7.933,0.0,0.0000,-0.08,0.63,7.77,70,2026-01-18T18:33:50
1510.0,7.904,0.0,0.0000,0.00,0.00,8.94,70,2026-01-18T18:33:50
69637.0,7.961,0.0,0.0000,0.24,0.00,9.41,70,2026-01-18T18:33:51
931245.0,7.933,0.0,0.0000,-0.24,0.00,8.87,70,2026-01-18T18:33:51
1000774.0,7.904,0.0,0.0000,0.78,-0.71,8.94,70,2026-01-18T18:33:52
1001456.0,7.933,0.0,0.0000,0.00,0.00,9.02,70,2026-01-18T18:33:53
1000770.0,7.933,0.0,0.0000,0.00,-0.16,9.02,70,2026-01-18T18:33:54
1002055.0,7.904,0.0,0.0000,0.00,0.00,8.94,70,2026-01-18T18:33:55
1000698.0,7.904,0.0,0.0000,-0.24,0.16,9.34,70,2026-01-18T18:33:56
1001376.0,7.933,0.0,0.0000,0.00,-0.94,8.79,70,2026-01-18T18:33:57
1000715.0,7.904,0.0,0.0000,0.08,-0.86,10.90,70,2026-01-18T18:33:58
1001435.0,7.904,0.0,0.0000,0.00,-0.39,9.34,70,2026-01-18T18:33:59
1000701.0,7.961,0.0,0.0000,-0.16,0.31,9.49,70,2026-01-18T18:34:00
1001442.0,7.933,0.0,0.0000,0.00,-0.24,8.87,70,2026-01-18T18:34:01
1000822.0,7.904,0.0,0.0000,0.31,0.08,8.94,70,2026-01-18T18:34:02
1000504.0,7.933,0.0,0.0000,0.08,0.08,11.61,70,2026-01-18T18:34:03
403756.0,7.961,0.0,0.0000,3.77,-2.28,11.53,70,2026-01-18T18:34:04
107360.0,7.933,0.0,0.0000,6.12,3.77,20.55,71,2026-01-18T18:34:04
94217.0,7.904,0.0,0.0000,-5.33,-9.73,9.96,70,2026-01-18T18:34:04
69391.0,7.933,0.0,0.0000,-1.80,-1.02,17.50,70,2026-01-18T18:34:04
41674.0,7.933,0.0,0.0000,-2.75,-4.71,14.75,70,2026-01-18T18:34:04
285486.0,7.904,0.0,0.0000,0.00,-0.78,9.34,70,2026-01-18T18:34:04
1000778.0,7.933,0.0,0.0000,-0.55,0.08,9.26,70,2026-01-18T18:34:05
81120.0,7.933,0.0,0.0000,-6.04,-17.26,2.43,70,2026-01-18T18:34:06
1465.0,7.933,0.0,0.0000,6.51,5.88,14.75,70,2026-01-18T18:34:06
917776.0,7.933,0.0,0.0000,-0.31,0.16,8.94,70,2026-01-18T18:34:06
1001550.0,7.904,0.0,0.0000,0.00,-0.08,9.02,70,2026-01-18T18:34:07
339468.0,7.933,0.0,0.0000,1.65,17.65,5.88,70,2026-01-18T18:34:08
1466.0,7.904,0.0,0.0000,-1.33,-12.63,27.69,70,2026-01-18T18:34:08
554294.0,7.904,0.0,0.0000,5.02,0.55,11.14,70,2026-01-18T18:34:08
106548.0,7.933,0.0,0.0000,0.16,-0.16,8.16,70,2026-01-18T18:34:08
483952.0,7.933,0.0,0.0000,0.55,6.75,16.32,70,2026-01-18T18:34:09
315386.0,7.904,0.0,0.0000,5.96,6.83,9.96,70,2026-01-18T18:34:09
1466.0,7.904,0.0,0.0000,2.35,-0.08,16.16,70,2026-01-18T18:34:09
60956.0,7.933,0.0,0.0000,-0.94,3.14,7.06,70,2026-01-18T18:34:09
29968.0,7.904,0.0,0.0000,1.26,0.31,10.43,70,2026-01-18T18:34:09
35826.0,7.933,0.0,0.0000,-4.94,-4.55,2.43,70,2026-01-18T18:34:09
1466.0,7.933,0.0,0.0000,3.37,-1.65,19.61,70,2026-01-18T18:34:09
71760.0,7.875,0.0,0.0000,-0.16,0.00,9.18,70,2026-01-18T18:34:09
29960.0,7.933,0.0,0.0000,3.14,6.59,7.77,70,2026-01-18T18:34:10
37300.0,7.933,0.0,0.0000,-0.39,5.02,17.73,70,2026-01-18T18:34:10
47508.0,7.904,0.0,0.0000,3.92,0.24,8.47,70,2026-01-18T18:34:10
82524.0,7.933,0.0,0.0000,-0.47,0.00,11.77,70,2026-01-18T18:34:10
229962.0,7.904,0.0,0.0000,4.31,4.94,10.04,70,2026-01-18T18:34:10
546702.0,7.933,0.0,0.0000,12.55,2.67,18.12,70,2026-01-18T18:34:10
29964.0,7.904,0.0,0.0000,0.00,-0.08,8.79,70,2026-01-18T18:34:10
293284.0,7.961,0.0,0.0000,0.55,6.98,9.96,70,2026-01-18T18:34:11
708074.0,7.933,0.0,0.0000,0.00,1.18,9.73,70,2026-01-18T18:34:11
1000792.0,7.933,0.0,0.0000,-0.08,0.00,9.96,70,2026-01-18T18:34:12
1001454.0,7.933,0.0,0.0000,-0.24,0.00,9.10,70,2026-01-18T18:34:13
1000730.0,7.904,0.0,0.0000,-0.31,0.00,9.26,70,2026-01-18T18:34:14
1001498.0,7.933,0.0,0.0000,-0.39,0.00,8.94,70,2026-01-18T18:34:15
1000784.0,7.904,0.0,0.0000,0.00,-0.16,9.10,70,2026-01-18T18:34:16
1000746.0,7.904,0.0,0.0000,0.00,0.00,8.87,70,2026-01-18T18:34:17
1000794.0,7.933,0.0,0.0000,0.24,-0.86,9.34,70,2026-01-18T18:34:18
1001500.0,7.904,0.0,0.0000,0.00,-0.63,9.26,70,2026-01-18T18:34:19
1000790.0,7.933,0.0,0.0000,-0.08,-0.16,9.34,70,2026-01-18T18:34:20
1001478.0,7.933,0.0,0.0000,0.16,-0.16,9.10,70,2026-01-18T18:34:21
1002196.0,7.904,0.0,0.0000,0.00,0.08,10.04,70,2026-01-18T18:34:23
1001420.0,7.933,0.0,0.0000,0.00,0.08,9.18,70,2026-01-18T18:34:24
1000740.0,7.904,0.0,0.0000,0.00,-0.16,9.41,70,2026-01-18T18:34:25
1002064.0,7.933,0.0,0.0000,-0.31,-0.31,9.18,70,2026-01-18T18:34:26
1000744.0,7.904,0.0,0.0000,-0.39,0.00,9.73,70,2026-01-18T18:34:27
1001472.0,7.904,0.0,0.0000,0.00,0.00,9.10,70,2026-01-18T18:34:28
1000712.0,7.933,0.0,0.0000,-1.26,0.00,9.10,70,2026-01-18T18:34:29
1001480.0,7.875,0.0,0.0000,-0.16,0.16,9.18,70,2026-01-18T18:34:30
1000724.0,7.904,0.0,0.0000,0.08,0.08,9.10,70,2026-01-18T18:34:31
1001380.0,7.933,0.0,0.0000,-0.24,0.16,7.61,70,2026-01-18T18:34:32
669392.0,7.818,0.0,0.0000,0.78,0.86,13.34,70,2026-01-18T18:34:32
81636.0,7.818,0.0,0.0000,-0.31,4.08,11.06,70,2026-01-18T18:34:32
32916.0,7.732,0.0,0.0000,-1.73,7.61,7.92,70,2026-01-18T18:34:32
76680.0,7.847,0.0,0.0000,0.55,5.41,10.98,70,2026-01-18T18:34:32
32912.0,7.875,0.0,0.0000,3.69,-0.71,12.16,70,2026-01-18T18:34:32
29964.0,7.904,0.0,0.0000,1.41,-5.57,10.67,70,2026-01-18T18:34:32
76724.0,7.875,0.0,0.0000,0.94,-1.33,9.96,70,2026-01-18T18:34:33
48944.0,7.904,0.0,0.0000,-0.31,-9.49,9.10,70,2026-01-18T18:34:33
38748.0,7.704,0.0,0.0000,-3.61,-2.28,6.20,70,2026-01-18T18:34:33
1464.0,7.761,0.0,0.0000,-1.57,-6.28,6.98,70,2026-01-18T18:34:33
35116.0,7.875,0.0,0.0000,0.16,-1.88,10.43,70,2026-01-18T18:34:33
38736.0,7.904,0.0,0.0000,2.67,-1.96,13.96,70,2026-01-18T18:34:33
38748.0,7.790,0.0,0.0000,-2.59,5.02,10.28,70,2026-01-18T18:34:33
29960.0,7.790,0.0,0.0000,-2.98,9.10,7.85,70,2026-01-18T18:34:33
29972.0,7.790,0.0,0.0000,1.57,15.22,7.53,70,2026-01-18T18:34:33
70888.0,7.847,0.0,0.0000,0.00,-0.94,10.90,70,2026-01-18T18:34:33
32232.0,7.875,0.0,0.0000,-1.10,-4.00,10.36,70,2026-01-18T18:34:33
1464.0,7.875,0.0,0.0000,4.71,-3.92,10.90,70,2026-01-18T18:34:33
635420.0,7.875,0.0,0.0000,-1.02,-0.31,9.73,70,2026-01-18T18:34:34
844640.0,7.904,0.0,0.0000,-0.63,-7.77,8.16,70,2026-01-18T18:34:34
155556.0,7.933,0.0,0.0000,-0.78,-0.63,8.24,70,2026-01-18T18:34:35
190596.0,7.875,0.0,0.0000,0.00,0.00,11.22,70,2026-01-18T18:34:35
811708.0,7.933,0.0,0.0000,-0.16,0.08,9.41,70,2026-01-18T18:34:36
238764.0,7.847,0.0,0.0000,-3.69,-0.94,7.06,70,2026-01-18T18:34:36
36428.0,7.790,0.0,0.0000,-2.12,4.00,7.22,70,2026-01-18T18:34:36
31444.0,7.790,0.0,0.0000,-0.78,7.53,9.81,70,2026-01-18T18:34:36
202268.0,7.790,0.0,0.0000,3.77,-4.16,13.10,70,2026-01-18T18:34:36
29960.0,7.761,0.0,0.0000,-3.06,-9.89,12.32,70,2026-01-18T18:34:36
1472.0,7.790,0.0,0.0000,-5.73,-16.48,12.87,70,2026-01-18T18:34:36
203976.0,7.847,0.0,0.0000,0.24,20.63,11.69,70,2026-01-18T18:34:36
1464.0,7.847,0.0,0.0000,-0.47,10.04,15.06,70,2026-01-18T18:34:36
1464.0,7.847,0.0,0.0000,-1.26,16.00,15.38,70,2026-01-18T18:34:36
180024.0,7.847,0.0,0.0000,5.02,-3.77,13.42,70,2026-01-18T18:34:36
29944.0,7.761,0.0,0.0000,-0.71,-9.96,9.26,70,2026-01-18T18:34:36
1476.0,7.847,0.0,0.0000,-6.98,-6.98,6.75,70,2026-01-18T18:34:36
1468.0,7.847,0.0,0.0000,2.12,-8.08,10.12,70,2026-01-18T18:34:36
40680.0,7.790,0.0,0.0000,0.55,-3.92,8.08,70,2026-01-18T18:34:37
788432.0,7.818,0.0,0.0000,0.55,0.39,13.73,70,2026-01-18T18:34:37
98632.0,7.847,0.0,0.0000,0.08,-3.53,11.77,70,2026-01-18T18:34:37
114692.0,7.875,0.0,0.0000,0.08,2.51,10.43,70,2026-01-18T18:34:38
138532.0,7.847,0.0,0.0000,-3.22,0.24,9.49,70,2026-01-18T18:34:38
70848.0,7.847,0.0,0.0000,0.31,3.77,9.02,70,2026-01-18T18:34:38
29936.0,7.818,0.0,0.0000,-1.33,0.86,12.63,70,2026-01-18T18:34:38
443136.0,7.875,0.0,0.0000,-4.63,0.24,8.63,70,2026-01-18T18:34:38
41640.0,7.961,0.0,0.0000,-2.43,-3.53,5.81,70,2026-01-18T18:34:38
29944.0,7.875,0.0,0.0000,-3.30,-6.43,9.10,70,2026-01-18T18:34:38
38764.0,7.761,0.0,0.0000,-2.28,-9.81,6.83,69,2026-01-18T18:34:38
46788.0,7.904,0.0,0.0000,5.65,-7.06,9.57,70,2026-01-18T18:34:38
46028.0,7.875,0.0,0.0000,2.20,0.63,13.34,70,2026-01-18T18:34:38
29948.0,7.818,0.0,0.0000,1.80,3.92,7.77,70,2026-01-18T18:34:38
35820.0,7.847,0.0,0.0000,3.37,6.83,10.83,70,2026-01-18T18:34:38
48952.0,7.818,0.0,0.0000,-4.00,2.67,7.37,70,2026-01-18T18:34:39
148188.0,7.675,0.0,0.0000,-0.94,9.96,10.12,69,2026-01-18T18:34:39
48944.0,7.761,0.0,0.0000,-4.00,2.98,6.75,70,2026-01-18T18:34:39
1464.0,7.818,0.0,0.0000,-2.67,2.04,11.30,70,2026-01-18T18:34:39
119292.0,7.904,0.0,0.0000,-0.94,-5.88,8.87,70,2026-01-18T18:34:39
32940.0,7.933,0.0,0.0000,0.31,-8.79,12.32,70,2026-01-18T18:34:39
202280.0,7.646,0.0,0.0000,-2.75,3.30,6.83,69,2026-01-18T18:34:39
1464.0,7.704,0.0,0.0000,-1.73,2.35,10.83,69,2026-01-18T18:34:39
31696.0,7.675,0.0,0.0000,4.00,4.00,14.75,69,2026-01-18T18:34:39
170984.0,7.961,0.0,0.0000,0.00,-2.51,10.90,70,2026-01-18T18:34:39
30052.0,7.875,0.0,0.0000,-3.69,-4.94,9.65,70,2026-01-18T18:34:39
30016.0,7.875,0.0,0.0000,-1.33,-8.94,10.12,69,2026-01-18T18:34:39
30572.0,7.790,0.0,0.0000,-7.30,-12.94,3.69,69,2026-01-18T18:34:39
1468.0,7.761,0.0,0.0000,-11.38,-12.71,-5.96,69,2026-01-18T18:34:39
1468.0,7.818,0.0,0.0000,-12.32,-13.57,-10.12,69,2026-01-18T18:34:39
30360.0,7.875,0.0,0.0000,6.98,-17.89,19.38,69,2026-01-18T18:34:39
98600.0,7.847,0.0,0.0000,13.34,3.14,5.65,69,2026-01-18T18:34:40
29972.0,7.847,0.0,0.0000,5.02,-0.63,12.16,69,2026-01-18T18:34:40
1476.0,7.875,0.0,0.0000,5.26,-0.94,14.20,69,2026-01-18T18:34:40
793640.0,7.847,0.0,0.0000,-0.63,3.77,9.57,69,2026-01-18T18:34:40
30304.0,7.646,0.0,0.0000,0.00,6.83,8.08,69,2026-01-18T18:34:40
31432.0,7.704,0.0,0.0000,1.88,10.43,5.65,69,2026-01-18T18:34:40
37272.0,7.732,0.0,0.0000,2.82,6.67,9.02,69,2026-01-18T18:34:40
50432.0,7.675,0.0,0.0000,2.43,-1.96,12.16,69,2026-01-18T18:34:40
53352.0,7.646,0.0,0.0000,-0.31,5.33,10.59,69,2026-01-18T18:34:41
29952.0,7.532,0.0,0.0000,0.31,2.51,8.00,69,2026-01-18T18:34:41
29980.0,7.532,0.0,0.0000,2.12,9.65,5.96,69,2026-01-18T18:34:41
1476.0,7.560,0.0,0.0000,1.73,5.49,10.90,69,2026-01-18T18:34:41
32268.0,7.417,0.0,0.0000,1.10,8.71,7.06,69,2026-01-18T18:34:41
34356.0,7.274,0.0,0.0000,-2.28,9.18,11.53,69,2026-01-18T18:34:41
92736.0,7.245,0.0,0.0000,1.41,3.53,15.38,69,2026-01-18T18:34:41
56280.0,7.417,0.0,0.0000,2.12,7.45,6.43,69,2026-01-18T18:34:41
37272.0,7.446,0.0,0.0000,4.16,3.61,13.26,69,2026-01-18T18:34:41
83864.0,7.503,0.0,0.0000,-2.35,10.36,6.28,69,2026-01-18T18:34:41
32776.0,7.475,0.0,0.0000,0.78,0.94,11.14,69,2026-01-18T18:34:41
1472.0,7.503,0.0,0.0000,0.55,0.55,14.51,69,2026-01-18T18:34:41
32096.0,7.589,0.0,0.0000,0.39,4.79,9.96,69,2026-01-18T18:34:41
32788.0,7.560,0.0,0.0000,0.08,-1.96,13.34,69,2026-01-18T18:34:41
1464.0,7.532,0.0,0.0000,0.31,-4.31,17.81,69,2026-01-18T18:34:41
43240.0,7.646,0.0,0.0000,-3.61,2.35,4.55,69,2026-01-18T18:34:41
29860.0,7.618,0.0,0.0000,-3.22,1.49,13.96,69,2026-01-18T18:34:41
29872.0,7.618,0.0,0.0000,-2.20,-6.67,11.22,69,2026-01-18T18:34:41
67136.0,7.646,0.0,0.0000,-2.04,-3.14,15.38,69,2026-01-18T18:34:41
30684.0,7.646,0.0,0.0000,-5.96,4.55,3.30,69,2026-01-18T18:34:41
29860.0,7.675,0.0,0.0000,-6.59,0.94,7.85,69,2026-01-18T18:34:41
1472.0,7.646,0.0,0.0000,-0.16,-1.73,12.24,69,2026-01-18T18:34:41
1464.0,7.675,0.0,0.0000,0.55,1.02,17.57,69,2026-01-18T18:34:41
40580.0,7.761,0.0,0.0000,-4.16,-0.78,7.37,69,2026-01-18T18:34:41
29844.0,7.790,0.0,0.0000,0.00,9.81,10.59,69,2026-01-18T18:34:41
29844.0,7.761,0.0,0.0000,2.75,-4.63,15.38,69,2026-01-18T18:34:41
51780.0,7.990,0.0,0.0000,2.90,-1.73,3.69,69,2026-01-18T18:34:41
1464.0,8.019,0.0,0.0000,-1.88,4.16,7.14,69,2026-01-18T18:34:41
1464.0,8.019,0.0,0.0000,-0.78,0.31,10.20,69,2026-01-18T18:34:41
30840.0,8.391,0.0,0.0000,0.00,0.00,8.94,69,2026-01-18T18:34:41
1480.0,8.019,0.0,0.0000,3.37,-1.57,11.85,69,2026-01-18T18:34:41
30216.0,7.961,0.0,0.0000,-0.86,-13.02,9.41,69,2026-01-18T18:34:41
1480.0,7.933,0.0,0.0000,0.31,-15.69,16.32,69,2026-01-18T18:34:41
1464.0,8.276,0.0,0.0000,0.78,-14.67,13.73,69,2026-01-18T18:34:41
30424.0,8.133,0.0,0.0000,-5.73,-6.67,9.26,69,2026-01-18T18:34:42
1484.0,7.904,0.0,0.0000,10.20,-13.65,21.97,69,2026-01-18T18:34:42
1464.0,7.904,0.0,0.0000,5.57,-21.57,4.39,69,2026-01-18T18:34:42
30988.0,7.875,0.0,0.0000,4.94,-13.02,8.87,69,2026-01-18T18:34:42
29976.0,7.933,0.0,0.0000,-1.96,-14.51,7.85,69,2026-01-18T18:34:42
200680.0,7.875,0.0,0.0000,6.20,-1.33,12.40,69,2026-01-18T18:34:42
29960.0,7.904,0.0,0.0000,5.33,1.26,17.34,69,2026-01-18T18:34:42
115224.0,7.875,0.0,0.0000,-3.61,-4.47,8.00,69,2026-01-18T18:34:42
43672.0,7.847,0.0,0.0000,-1.41,-8.08,9.89,69,2026-01-18T18:34:42
500324.0,7.560,0.0,0.0000,-1.80,6.59,9.18,69,2026-01-18T18:34:42
33436.0,7.360,0.0,0.0000,1.80,18.75,8.71,69,2026-01-18T18:34:43
78560.0,7.446,0.0,0.0000,2.04,5.10,3.37,69,2026-01-18T18:34:43
34876.0,7.360,0.0,0.0000,5.10,9.02,5.57,69,2026-01-18T18:34:43
37756.0,7.303,0.0,0.0000,2.98,8.71,10.20,69,2026-01-18T18:34:43
113728.0,7.417,0.0,0.0000,2.43,3.69,16.24,69,2026-01-18T18:34:43
39292.0,7.446,0.0,0.0000,-1.18,6.83,7.77,69,2026-01-18T18:34:43
59744.0,7.532,0.0,0.0000,3.61,0.00,12.08,69,2026-01-18T18:34:43
1460.0,7.503,0.0,0.0000,1.18,4.94,5.33,69,2026-01-18T18:34:43
1464.0,7.503,0.0,0.0000,2.04,12.94,9.96,69,2026-01-18T18:34:43
43352.0,7.475,0.0,0.0000,-1.49,1.80,13.57,69,2026-01-18T18:34:43
36376.0,7.475,0.0,0.0000,3.92,5.02,12.94,69,2026-01-18T18:34:43
36360.0,7.503,0.0,0.0000,4.94,-0.71,17.26,69,2026-01-18T18:34:43
33428.0,7.589,0.0,0.0000,-1.57,4.08,4.63,69,2026-01-18T18:34:43
33340.0,7.646,0.0,0.0000,1.65,-2.20,13.81,69,2026-01-18T18:34:43
1484.0,7.646,0.0,0.0000,3.14,-2.82,18.83,69,2026-01-18T18:34:43
148044.0,7.961,0.0,0.0000,1.10,-0.31,7.53,69,2026-01-18T18:34:43
1480.0,7.961,0.0,0.0000,-1.26,1.10,11.30,69,2026-01-18T18:34:43
33744.0,8.133,0.0,0.0000,-0.55,-7.14,11.45,69,2026-01-18T18:34:43
37720.0,8.019,0.0,0.0000,-4.63,-6.43,11.22,69,2026-01-18T18:34:43
33420.0,8.076,0.0,0.0000,-9.96,-11.22,-0.86,69,2026-01-18T18:34:43
1476.0,7.904,0.0,0.0000,-3.14,-14.44,22.05,69,2026-01-18T18:34:43
1464.0,7.990,0.0,0.0000,-1.49,-13.89,27.38,69,2026-01-18T18:34:43
35344.0,8.047,0.0,0.0000,-5.65,-9.57,3.69,69,2026-01-18T18:34:43
1468.0,7.904,0.0,0.0000,-6.90,-14.04,7.06,69,2026-01-18T18:34:43
1464.0,7.933,0.0,0.0000,-4.55,-17.10,7.53,69,2026-01-18T18:34:43
33932.0,7.933,0.0,0.0000,5.81,-22.44,13.65,69,2026-01-18T18:34:43
198344.0,7.875,0.0,0.0000,4.31,-9.34,3.61,69,2026-01-18T18:34:44
153152.0,7.875,0.0,0.0000,3.84,3.37,25.18,69,2026-01-18T18:34:44
1460.0,7.875,0.0,0.0000,2.67,12.71,16.32,69,2026-01-18T18:34:44
35152.0,7.875,0.0,0.0000,-7.61,-2.35,4.16,69,2026-01-18T18:34:44
72680.0,7.904,0.0,0.0000,-6.98,0.55,7.22,69,2026-01-18T18:34:44
55360.0,7.875,0.0,0.0000,-1.33,0.08,10.75,69,2026-01-18T18:34:44
683080.0,7.875,0.0,0.0000,-0.47,-1.41,9.34,69,2026-01-18T18:34:45
391084.0,7.818,0.0,0.0000,-0.24,-3.37,11.22,69,2026-01-18T18:34:45
33428.0,7.790,0.0,0.0000,-3.61,-4.24,8.00,69,2026-01-18T18:34:45
33336.0,7.761,0.0,0.0000,-1.88,-7.37,8.24,69,2026-01-18T18:34:45
110724.0,7.790,0.0,0.0000,1.49,-0.78,11.38,69,2026-01-18T18:34:45
283880.0,7.761,0.0,0.0000,0.24,-4.47,8.47,69,2026-01-18T18:34:45
33188.0,7.761,0.0,0.0000,1.26,-3.61,13.10,69,2026-01-18T18:34:45
115108.0,7.761,0.0,0.0000,-0.39,-3.84,11.92,69,2026-01-18T18:34:46
1001392.0,7.761,0.0,0.0000,-0.94,1.41,9.34,69,2026-01-18T18:34:47
348800.0,7.933,0.0,0.0000,-4.55,4.63,6.59,69,2026-01-18T18:34:47
33448.0,7.847,0.0,0.0000,-2.51,5.81,10.36,69,2026-01-18T18:34:47
45028.0,7.847,0.0,0.0000,-1.10,8.87,9.41,69,2026-01-18T18:34:47
574476.0,7.847,0.0,0.0000,0.24,-0.47,8.87,69,2026-01-18T18:34:48
1001296.0,7.818,0.0,0.0000,1.80,-0.63,9.34,69,2026-01-18T18:34:49
1000648.0,7.875,0.0,0.0000,0.08,-0.31,9.10,69,2026-01-18T18:34:50
1001304.0,7.847,0.0,0.0000,0.00,-1.02,9.41,69,2026-01-18T18:34:51
1000644.0,7.875,0.0,0.0000,0.08,0.31,9.10,69,2026-01-18T18:34:52
1001380.0,7.732,0.0,0.0000,0.08,0.08,8.16,69,2026-01-18T18:34:53
870680.0,7.732,0.0,0.0000,-0.94,5.33,12.47,70,2026-01-18T18:34:53
92040.0,7.446,0.0,0.0000,-2.51,8.47,9.57,70,2026-01-18T18:34:54
39128.0,7.475,0.0,0.0000,-2.98,4.86,6.90,70,2026-01-18T18:34:54
107576.0,7.475,0.0,0.0000,0.24,5.65,13.34,70,2026-01-18T18:34:54
36224.0,7.475,0.0,0.0000,-3.84,5.26,9.73,70,2026-01-18T18:34:54
87284.0,7.532,0.0,0.0000,-0.86,5.18,13.96,69,2026-01-18T18:34:54
33256.0,7.532,0.0,0.0000,-6.20,3.77,6.20,69,2026-01-18T18:34:54
36208.0,7.503,0.0,0.0000,-4.16,2.51,9.34,70,2026-01-18T18:34:54
34780.0,7.560,0.0,0.0000,-1.57,2.51,12.79,70,2026-01-18T18:34:54
81292.0,7.732,0.0,0.0000,-4.79,3.22,8.71,69,2026-01-18T18:34:54
82916.0,7.704,0.0,0.0000,-4.00,-1.73,12.79,69,2026-01-18T18:34:54
57660.0,7.761,0.0,0.0000,0.39,5.96,6.43,70,2026-01-18T18:34:54
1468.0,7.761,0.0,0.0000,-5.57,-1.65,12.24,70,2026-01-18T18:34:54
58464.0,8.047,0.0,0.0000,1.26,-2.51,8.63,69,2026-01-18T18:34:54
1464.0,7.847,0.0,0.0000,-2.75,0.63,13.10,69,2026-01-18T18:34:54
39520.0,7.904,0.0,0.0000,-3.92,4.94,4.39,69,2026-01-18T18:34:54
34856.0,7.990,0.0,0.0000,-0.78,-8.24,10.28,70,2026-01-18T18:34:54
89192.0,7.847,0.0,0.0000,7.14,-16.95,9.65,70,2026-01-18T18:34:54
218764.0,7.847,0.0,0.0000,-2.67,-8.47,4.71,70,2026-01-18T18:34:55
50684.0,7.847,0.0,0.0000,-0.31,4.71,18.83,69,2026-01-18T18:34:55
33452.0,7.875,0.0,0.0000,-4.79,19.22,11.77,70,2026-01-18T18:34:55
1480.0,7.875,0.0,0.0000,0.00,18.99,28.48,70,2026-01-18T18:34:55
1472.0,7.847,0.0,0.0000,-5.10,23.61,36.87,70,2026-01-18T18:34:55
1464.0,7.847,0.0,0.0000,-8.63,28.16,31.38,70,2026-01-18T18:34:55
1460.0,7.847,0.0,0.0000,-16.55,-5.41,11.14,70,2026-01-18T18:34:55
1468.0,7.847,0.0,0.0000,5.18,16.24,12.40,70,2026-01-18T18:34:55
560960.0,7.704,0.0,0.0000,12.24,3.92,9.49,70,2026-01-18T18:34:55
1468.0,7.704,0.0,0.0000,1.26,-9.10,10.98,70,2026-01-18T18:34:55
1464.0,7.675,0.0,0.0000,-5.18,-7.06,11.06,70,2026-01-18T18:34:55
33984.0,7.675,0.0,0.0000,7.69,-4.24,16.79,69,2026-01-18T18:34:55
49404.0,7.675,0.0,0.0000,0.94,-7.61,7.22,69,2026-01-18T18:34:55
33452.0,7.618,0.0,0.0000,1.33,-3.77,14.36,70,2026-01-18T18:34:55
229152.0,7.732,0.0,0.0000,0.86,-1.18,8.16,69,2026-01-18T18:34:56
481612.0,7.875,0.0,0.0000,-2.28,2.12,10.28,70,2026-01-18T18:34:56
97572.0,7.875,0.0,0.0000,-0.94,5.49,10.12,69,2026-01-18T18:34:56
33448.0,7.875,0.0,0.0000,-8.47,5.02,6.83,69,2026-01-18T18:34:56
1476.0,7.847,0.0,0.0000,-1.88,17.57,4.31,69,2026-01-18T18:34:56
1464.0,7.875,0.0,0.0000,-6.83,10.36,7.45,69,2026-01-18T18:34:56
57324.0,7.847,0.0,0.0000,-1.10,9.41,10.51,69,2026-01-18T18:34:56
328152.0,7.847,0.0,0.0000,0.00,-0.47,9.65,70,2026-01-18T18:34:57
405464.0,7.704,0.0,0.0000,6.51,-4.55,6.12,69,2026-01-18T18:34:57
89728.0,7.704,0.0,0.0000,2.43,-6.75,9.49,69,2026-01-18T18:34:57
75448.0,7.646,0.0,0.0000,2.51,-3.77,12.63,69,2026-01-18T18:34:57
258888.0,7.933,0.0,0.0000,0.00,3.06,11.61,69,2026-01-18T18:34:57
33312.0,7.904,0.0,0.0000,-1.96,7.22,8.87,69,2026-01-18T18:34:57
47920.0,7.875,0.0,0.0000,-1.57,11.14,9.65,69,2026-01-18T18:34:58
90192.0,7.818,0.0,0.0000,2.04,5.49,9.18,69,2026-01-18T18:34:58
228768.0,7.589,0.0,0.0000,-1.41,9.73,9.73,69,2026-01-18T18:34:58
42072.0,7.446,0.0,0.0000,0.24,13.42,11.22,69,2026-01-18T18:34:58
72248.0,7.704,0.0,0.0000,3.92,6.51,6.83,69,2026-01-18T18:34:58
40192.0,7.761,0.0,0.0000,1.96,-1.10,11.22,69,2026-01-18T18:34:58
33088.0,7.818,0.0,0.0000,3.06,-6.20,13.02,69,2026-01-18T18:34:58
50648.0,7.847,0.0,0.0000,5.49,4.08,17.50,69,2026-01-18T18:34:58
1464.0,7.818,0.0,0.0000,0.00,7.53,11.85,69,2026-01-18T18:34:58
33488.0,7.847,0.0,0.0000,-0.63,-13.57,9.26,69,2026-01-18T18:34:58
37520.0,7.818,0.0,0.0000,-3.69,-15.06,15.53,69,2026-01-18T18:34:58
1464.0,7.847,0.0,0.0000,-6.83,-14.83,5.96,69,2026-01-18T18:34:58
131168.0,7.818,0.0,0.0000,6.90,-4.08,9.65,69,2026-01-18T18:34:58
71936.0,7.818,0.0,0.0000,1.49,5.02,13.57,69,2026-01-18T18:34:58
256264.0,7.790,0.0,0.0000,0.71,1.33,9.18,69,2026-01-18T18:34:59
31440.0,7.532,0.0,0.0000,-2.51,7.37,9.49,69,2026-01-18T18:34:59
29960.0,7.503,0.0,0.0000,3.69,14.59,13.02,69,2026-01-18T18:34:59
1472.0,7.475,0.0,0.0000,7.37,16.32,14.12,69,2026-01-18T18:34:59
180600.0,7.761,0.0,0.0000,5.26,1.49,6.20,69,2026-01-18T18:34:59
1464.0,7.732,0.0,0.0000,6.20,2.43,9.41,69,2026-01-18T18:34:59
41256.0,7.732,0.0,0.0000,1.49,-6.04,10.28,69,2026-01-18T18:34:59
35808.0,7.732,0.0,0.0000,-0.55,-2.90,14.67,69,2026-01-18T18:34:59
79632.0,8.019,0.0,0.0000,-1.49,0.00,8.08,69,2026-01-18T18:34:59
29952.0,7.875,0.0,0.0000,0.24,-1.18,15.61,69,2026-01-18T18:34:59
1472.0,7.875,0.0,0.0000,4.31,0.16,15.22,69,2026-01-18T18:34:59
30224.0,7.875,0.0,0.0000,1.57,-13.10,12.55,69,2026-01-18T18:34:59
538832.0,7.818,0.0,0.0000,-0.63,1.65,8.08,69,2026-01-18T18:35:00
501656.0,7.589,0.0,0.0000,2.82,-2.67,8.08,69,2026-01-18T18:35:00
32224.0,7.704,0.0,0.0000,5.96,-5.33,7.53,69,2026-01-18T18:35:00
41664.0,7.646,0.0,0.0000,1.57,-3.14,10.67,69,2026-01-18T18:35:00
43112.0,7.675,0.0,0.0000,2.43,-6.35,12.71,69,2026-01-18T18:35:00
152656.0,7.761,0.0,0.0000,-6.67,-0.71,7.37,70,2026-01-18T18:35:00
35824.0,7.847,0.0,0.0000,4.47,2.51,12.87,69,2026-01-18T18:35:00
1464.0,7.847,0.0,0.0000,-12.79,5.10,11.85,69,2026-01-18T18:35:00
1464.0,7.847,0.0,0.0000,-12.08,9.81,18.75,69,2026-01-18T18:35:00
66968.0,7.704,0.0,0.0000,-5.73,13.73,9.96,69,2026-01-18T18:35:00
30608.0,7.790,0.0,0.0000,-10.75,14.36,14.12,69,2026-01-18T18:35:01
1480.0,7.790,0.0,0.0000,-13.18,21.65,20.55,69,2026-01-18T18:35:01
93040.0,7.732,0.0,0.0000,7.77,-9.49,12.24,69,2026-01-18T18:35:01
34360.0,7.646,0.0,0.0000,-19.53,8.55,-10.20,69,2026-01-18T18:35:01
1464.0,7.675,0.0,0.0000,12.94,21.73,39.78,69,2026-01-18T18:35:01
331000.0,7.790,0.0,0.0000,-19.53,-3.37,-7.22,69,2026-01-18T18:35:01
1456.0,7.790,0.0,0.0000,-5.57,-6.43,0.78,69,2026-01-18T18:35:01
1464.0,7.761,0.0,0.0000,-8.79,3.14,6.67,69,2026-01-18T18:35:01
31056.0,7.790,0.0,0.0000,-3.37,0.00,11.85,69,2026-01-18T18:35:01
75280.0,7.847,0.0,0.0000,-1.73,3.77,8.39,69,2026-01-18T18:35:01
34352.0,7.875,0.0,0.0000,-3.06,7.22,8.32,69,2026-01-18T18:35:01
344680.0,7.732,0.0,0.0000,-0.24,0.39,11.69,69,2026-01-18T18:35:01
140984.0,7.732,0.0,0.0000,2.12,-4.16,11.22,69,2026-01-18T18:35:02
30000.0,7.646,0.0,0.0000,2.12,-6.67,10.59,69,2026-01-18T18:35:02
28488.0,7.732,0.0,0.0000,-3.22,-9.49,10.28,69,2026-01-18T18:35:02
86272.0,7.646,0.0,0.0000,-1.18,-6.35,13.81,69,2026-01-18T18:35:02
224144.0,7.761,0.0,0.0000,4.31,0.08,11.06,69,2026-01-18T18:35:02
57728.0,7.761,0.0,0.0000,7.53,-0.31,9.34,69,2026-01-18T18:35:02
29952.0,7.847,0.0,0.0000,4.94,4.63,7.22,69,2026-01-18T18:35:02
29992.0,7.847,0.0,0.0000,39.78,80.30,2.04,69,2026-01-18T18:35:02
1480.0,7.847,0.0,0.0000,-54.92,80.30,-19.30,69,2026-01-18T18:35:02
55104.0,7.847,0.0,0.0000,11.22,-23.30,34.52,69,2026-01-18T18:35:02
1472.0,7.818,0.0,0.0000,18.20,-15.22,1.73,69,2026-01-18T18:35:02
1464.0,7.818,0.0,0.0000,9.18,-12.00,8.32,69,2026-01-18T18:35:02
1456.0,7.847,0.0,0.0000,11.45,-15.22,7.14,69,2026-01-18T18:35:02
41488.0,7.818,0.0,0.0000,3.53,-4.31,10.36,69,2026-01-18T18:35:02
441712.0,7.790,0.0,0.0000,0.00,-0.47,8.79,69,2026-01-18T18:35:03
492784.0,7.532,0.0,0.0000,-1.88,7.92,9.49,69,2026-01-18T18:35:03
29968.0,7.389,0.0,0.0000,-4.24,11.77,6.59,69,2026-01-18T18:35:03
29984.0,7.360,0.0,0.0000,-1.02,12.55,15.06,69,2026-01-18T18:35:03
71648.0,7.475,0.0,0.0000,4.39,9.10,6.83,69,2026-01-18T18:35:03
64184.0,7.560,0.0,0.0000,7.45,6.83,11.77,69,2026-01-18T18:35:03
54800.0,7.704,0.0,0.0000,10.51,0.08,12.24,69,2026-01-18T18:35:03
29944.0,7.704,0.0,0.0000,0.78,-7.61,14.44,69,2026-01-18T18:35:03
32912.0,7.704,0.0,0.0000,-1.33,-13.65,10.28,69,2026-01-18T18:35:03
82560.0,7.847,0.0,0.0000,-0.94,-4.08,13.81,69,2026-01-18T18:35:04
31432.0,7.933,0.0,0.0000,-4.39,-2.59,9.73,69,2026-01-18T18:35:04
29992.0,7.847,0.0,0.0000,-4.86,-11.92,14.75,69,2026-01-18T18:35:04
32936.0,7.847,0.0,0.0000,-7.69,-15.14,3.45,69,2026-01-18T18:35:04
30496.0,7.818,0.0,0.0000,-3.61,-8.32,7.22,69,2026-01-18T18:35:04
1480.0,7.818,0.0,0.0000,-2.67,-9.02,5.49,69,2026-01-18T18:35:04
65160.0,7.847,0.0,0.0000,1.26,-2.28,10.59,69,2026-01-18T18:35:04
41440.0,7.847,0.0,0.0000,4.31,-0.24,9.49,69,2026-01-18T18:35:04
119040.0,7.818,0.0,0.0000,0.24,-4.47,10.20,69,2026-01-18T18:35:04
599400.0,7.704,0.0,0.0000,-3.30,5.10,8.00,69,2026-01-18T18:35:04
31456.0,7.732,0.0,0.0000,-0.39,0.39,11.14,69,2026-01-18T18:35:05
71632.0,7.732,0.0,0.0000,0.94,3.92,6.28,69,2026-01-18T18:35:05
29976.0,7.761,0.0,0.0000,-1.80,1.65,9.89,69,2026-01-18T18:35:05
1480.0,7.790,0.0,0.0000,-1.80,0.55,13.26,69,2026-01-18T18:35:05
1464.0,7.790,0.0,0.0000,-1.73,3.69,9.73,69,2026-01-18T18:35:05
40688.0,7.761,0.0,0.0000,0.00,-1.88,9.02,69,2026-01-18T18:35:05
101520.0,7.790,0.0,0.0000,0.00,-1.26,13.10,69,2026-01-18T18:35:05
86944.0,7.847,0.0,0.0000,-3.22,0.63,6.83,69,2026-01-18T18:35:05
29952.0,7.790,0.0,0.0000,0.00,-1.41,9.96,69,2026-01-18T18:35:05
174544.0,7.732,0.0,0.0000,-1.18,-2.82,14.12,69,2026-01-18T18:35:05
608808.0,7.675,0.0,0.0000,-0.63,4.08,6.43,69,2026-01-18T18:35:06
28472.0,7.704,0.0,0.0000,-0.55,6.28,8.94,69,2026-01-18T18:35:06
32824.0,7.675,0.0,0.0000,0.94,0.00,12.63,69,2026-01-18T18:35:06
44496.0,7.646,0.0,0.0000,-0.55,3.45,9.02,69,2026-01-18T18:35:06
130768.0,7.732,0.0,0.0000,-0.63,0.63,13.81,69,2026-01-18T18:35:06
31336.0,7.675,0.0,0.0000,-0.94,3.77,8.71,69,2026-01-18T18:35:06
57648.0,7.704,0.0,0.0000,-0.31,-1.88,12.32,69,2026-01-18T18:35:06
179664.0,7.790,0.0,0.0000,0.55,-6.83,9.34,69,2026-01-18T18:35:06
133648.0,7.818,0.0,0.0000,4.24,1.80,8.32,69,2026-01-18T18:35:06
31424.0,7.847,0.0,0.0000,2.04,-2.51,11.92,69,2026-01-18T18:35:06
86896.0,7.790,0.0,0.0000,3.30,-7.30,11.38,69,2026-01-18T18:35:06
243152.0,7.847,0.0,0.0000,0.08,-3.84,9.41,69,2026-01-18T18:35:07
1001648.0,7.761,0.0,0.0000,0.08,0.00,8.94,69,2026-01-18T18:35:08
224200.0,7.503,0.0,0.0000,-0.47,5.33,9.10,69,2026-01-18T18:35:08
32912.0,7.475,0.0,0.0000,0.55,9.34,8.47,69,2026-01-18T18:35:08
30544.0,7.503,0.0,0.0000,4.94,9.96,8.00,69,2026-01-18T18:35:08
31472.0,7.532,0.0,0.0000,3.37,4.63,12.47,69,2026-01-18T18:35:08
1464.0,7.560,0.0,0.0000,6.83,2.90,11.14,69,2026-01-18T18:35:08
1472.0,7.560,0.0,0.0000,7.22,6.90,10.04,69,2026-01-18T18:35:08
96200.0,7.618,0.0,0.0000,5.02,-4.08,13.42,69,2026-01-18T18:35:08
149552.0,7.790,0.0,0.0000,8.79,-2.20,11.53,69,2026-01-18T18:35:08
92648.0,7.875,0.0,0.0000,4.31,-6.35,8.47,69,2026-01-18T18:35:08
29848.0,7.847,0.0,0.0000,5.02,-7.85,12.40,69,2026-01-18T18:35:08
310752.0,7.761,0.0,0.0000,1.26,-2.82,9.49,69,2026-01-18T18:35:09
502880.0,7.560,0.0,0.0000,2.20,2.67,7.85,69,2026-01-18T18:35:09
29840.0,7.532,0.0,0.0000,-1.88,8.71,8.08,69,2026-01-18T18:35:09
67128.0,7.646,0.0,0.0000,-1.41,1.02,11.30,69,2026-01-18T18:35:09
107344.0,7.732,0.0,0.0000,5.88,-1.96,13.65,69,2026-01-18T18:35:09
1464.0,7.732,0.0,0.0000,9.02,-5.10,16.48,69,2026-01-18T18:35:09
31576.0,7.790,0.0,0.0000,0.94,8.16,13.49,69,2026-01-18T18:35:09
55480.0,7.732,0.0,0.0000,-4.00,-0.78,8.08,69,2026-01-18T18:35:09
41544.0,7.761,0.0,0.0000,0.94,4.39,9.41,69,2026-01-18T18:35:09
31328.0,7.761,0.0,0.0000,-3.22,1.33,12.79,69,2026-01-18T18:35:10
67840.0,7.818,0.0,0.0000,3.06,0.39,15.85,69,2026-01-18T18:35:10
64904.0,7.790,0.0,0.0000,-0.39,-1.73,8.08,69,2026-01-18T18:35:10
31328.0,7.818,0.0,0.0000,-2.51,-4.47,13.02,69,2026-01-18T18:35:10
730768.0,7.732,0.0,0.0000,3.30,0.24,16.95,69,2026-01-18T18:35:10
146776.0,7.761,0.0,0.0000,0.63,3.77,9.65,69,2026-01-18T18:35:11
57032.0,7.761,0.0,0.0000,0.71,4.00,12.79,70,2026-01-18T18:35:11
35800.0,7.818,0.0,0.0000,0.00,0.24,8.47,69,2026-01-18T18:35:11
171576.0,7.761,0.0,0.0000,0.24,-4.63,16.24,69,2026-01-18T18:35:11
37312.0,7.675,0.0,0.0000,-4.00,4.00,4.31,69,2026-01-18T18:35:11
29968.0,7.704,0.0,0.0000,-3.53,2.90,7.45,69,2026-01-18T18:35:11
31440.0,7.732,0.0,0.0000,0.24,0.00,10.98,69,2026-01-18T18:35:11
32912.0,7.732,0.0,0.0000,0.55,3.37,6.98,69,2026-01-18T18:35:11
1464.0,7.704,0.0,0.0000,-0.94,3.61,10.67,69,2026-01-18T18:35:11
39704.0,7.732,0.0,0.0000,0.55,-1.96,14.44,69,2026-01-18T18:35:11
158464.0,7.818,0.0,0.0000,4.55,-0.71,11.69,69,2026-01-18T18:35:11
29984.0,7.847,0.0,0.0000,1.80,-5.02,10.59,69,2026-01-18T18:35:11
80432.0,7.818,0.0,0.0000,5.33,-1.57,10.04,69,2026-01-18T18:35:11
57776.0,7.818,0.0,0.0000,2.43,-5.33,10.43,69,2026-01-18T18:35:11
35824.0,7.761,0.0,0.0000,0.55,0.39,14.28,69,2026-01-18T18:35:11
29960.0,7.790,0.0,0.0000,2.12,-4.08,8.08,69,2026-01-18T18:35:11
35824.0,7.761,0.0,0.0000,3.69,1.49,11.22,69,2026-01-18T18:35:11
48120.0,7.732,0.0,0.0000,6.75,-4.79,10.04,69,2026-01-18T18:35:11
130744.0,7.675,0.0,0.0000,-1.49,0.47,13.18,69,2026-01-18T18:35:12
29984.0,7.675,0.0,0.0000,0.78,4.39,8.00,69,2026-01-18T18:35:12
29992.0,7.618,0.0,0.0000,1.26,5.65,7.45,69,2026-01-18T18:35:12
28504.0,7.675,0.0,0.0000,6.43,1.65,10.28,69,2026-01-18T18:35:12
40200.0,7.675,0.0,0.0000,7.77,3.06,14.91,69,2026-01-18T18:35:12
47488.0,7.675,0.0,0.0000,11.38,-2.35,8.47,69,2026-01-18T18:35:12
32912.0,7.704,0.0,0.0000,6.59,2.20,12.55,69,2026-01-18T18:35:12
105024.0,7.732,0.0,0.0000,6.28,-5.33,11.30,69,2026-01-18T18:35:12
40224.0,7.790,0.0,0.0000,9.57,-2.75,10.36,69,2026-01-18T18:35:12
32896.0,7.818,0.0,0.0000,0.24,-2.98,13.65,69,2026-01-18T18:35:12
29968.0,7.790,0.0,0.0000,6.28,-1.57,9.49,69,2026-01-18T18:35:12
44568.0,7.875,0.0,0.0000,2.82,-5.33,8.94,69,2026-01-18T18:35:12
29968.0,7.818,0.0,0.0000,4.08,-10.67,7.53,69,2026-01-18T18:35:12
32912.0,7.818,0.0,0.0000,2.35,-6.75,10.90,69,2026-01-18T18:35:12
48968.0,7.847,0.0,0.0000,-2.82,-10.04,8.24,69,2026-01-18T18:35:12
48032.0,7.790,0.0,0.0000,0.00,1.02,11.77,69,2026-01-18T18:35:12
34336.0,7.818,0.0,0.0000,-1.80,4.24,8.63,69,2026-01-18T18:35:12
54792.0,7.818,0.0,0.0000,3.84,-1.65,12.16,69,2026-01-18T18:35:12
34344.0,7.818,0.0,0.0000,1.73,-4.71,7.92,69,2026-01-18T18:35:12
70856.0,7.818,0.0,0.0000,0.55,-3.14,11.06,69,2026-01-18T18:35:12
102992.0,7.818,0.0,0.0000,-3.84,2.59,3.22,69,2026-01-18T18:35:13
29952.0,7.818,0.0,0.0000,0.16,2.12,8.47,69,2026-01-18T18:35:13
36624.0,7.818,0.0,0.0000,0.63,5.18,10.04,69,2026-01-18T18:35:13
41656.0,7.532,0.0,0.0000,-1.18,6.04,9.34,69,2026-01-18T18:35:13
29968.0,7.303,0.0,0.0000,0.86,9.26,9.57,69,2026-01-18T18:35:13
29968.0,7.360,0.0,0.0000,5.49,9.65,9.73,69,2026-01-18T18:35:13
1472.0,7.274,0.0,0.0000,12.24,13.73,9.89,69,2026-01-18T18:35:13
1472.0,7.303,0.0,0.0000,8.16,14.75,9.49,69,2026-01-18T18:35:13
53680.0,7.560,0.0,0.0000,-0.63,11.92,7.53,69,2026-01-18T18:35:13
29768.0,7.589,0.0,0.0000,7.61,8.47,5.49,69,2026-01-18T18:35:13
68752.0,7.818,0.0,0.0000,2.43,5.96,8.79,69,2026-01-18T18:35:13
32880.0,7.790,0.0,0.0000,8.39,-2.12,8.63,69,2026-01-18T18:35:13
31424.0,7.761,0.0,0.0000,11.92,-27.30,5.26,69,2026-01-18T18:35:13
1472.0,7.761,0.0,0.0000,-3.30,-1.96,9.18,69,2026-01-18T18:35:13
1464.0,7.761,0.0,0.0000,7.92,-7.30,29.97,69,2026-01-18T18:35:13
169176.0,7.847,0.0,0.0000,1.41,-10.75,6.12,69,2026-01-18T18:35:13
29952.0,7.847,0.0,0.0000,0.39,-5.10,12.55,69,2026-01-18T18:35:13
582680.0,7.790,0.0,0.0000,-0.08,-0.63,9.26,69,2026-01-18T18:35:14
267152.0,7.761,0.0,0.0000,-3.77,4.39,11.30,69,2026-01-18T18:35:14
301488.0,7.790,0.0,0.0000,-8.55,-0.24,6.35,69,2026-01-18T18:35:14
1472.0,7.847,0.0,0.0000,6.67,-3.84,21.18,69,2026-01-18T18:35:14
106176.0,7.847,0.0,0.0000,-0.24,-7.22,7.53,69,2026-01-18T18:35:14
31464.0,7.818,0.0,0.0000,1.49,-5.02,11.14,69,2026-01-18T18:35:14
228528.0,7.732,0.0,0.0000,-2.82,-8.32,8.47,69,2026-01-18T18:35:15
1456.0,7.675,0.0,0.0000,-0.78,-12.00,10.20,69,2026-01-18T18:35:15
33152.0,7.589,0.0,0.0000,5.57,-12.63,5.96,69,2026-01-18T18:35:15
30536.0,7.761,0.0,0.0000,3.53,-7.14,7.61,69,2026-01-18T18:35:15
32880.0,7.818,0.0,0.0000,2.20,-1.57,10.04,69,2026-01-18T18:35:15
257696.0,7.761,0.0,0.0000,0.31,-0.16,13.18,69,2026-01-18T18:35:15
72336.0,7.704,0.0,0.0000,-3.37,-2.75,8.71,69,2026-01-18T18:35:15
108824.0,7.790,0.0,0.0000,2.20,-0.47,12.40,69,2026-01-18T18:35:15
89168.0,7.790,0.0,0.0000,0.63,-3.77,5.96,69,2026-01-18T18:35:15
1472.0,7.818,0.0,0.0000,2.35,-3.45,13.73,69,2026-01-18T18:35:15
1464.0,7.790,0.0,0.0000,4.86,-1.73,19.22,69,2026-01-18T18:35:15
31096.0,7.790,0.0,0.0000,-11.30,10.67,12.94,69,2026-01-18T18:35:15
1480.0,7.847,0.0,0.0000,-4.47,13.81,5.57,69,2026-01-18T18:35:15
1472.0,7.847,0.0,0.0000,4.47,22.83,11.22,69,2026-01-18T18:35:15
1456.0,7.847,0.0,0.0000,12.55,12.00,12.47,69,2026-01-18T18:35:15
115416.0,7.790,0.0,0.0000,4.71,-8.32,17.26,69,2026-01-18T18:35:15
286920.0,7.790,0.0,0.0000,0.00,0.78,8.71,69,2026-01-18T18:35:16
567248.0,7.790,0.0,0.0000,-12.08,-2.35,3.69,69,2026-01-18T18:35:16
1464.0,7.790,0.0,0.0000,5.81,-1.57,14.67,69,2026-01-18T18:35:16
1464.0,7.818,0.0,0.0000,4.63,-7.77,4.16,69,2026-01-18T18:35:16
1464.0,7.847,0.0,0.0000,9.02,-14.59,-1.26,69,2026-01-18T18:35:16
31208.0,7.818,0.0,0.0000,0.94,-0.47,9.81,69,2026-01-18T18:35:16
51888.0,7.847,0.0,0.0000,-1.65,3.69,9.26,69,2026-01-18T18:35:16
41648.0,7.818,0.0,0.0000,-4.79,2.04,7.22,69,2026-01-18T18:35:16
35824.0,7.818,0.0,0.0000,-1.10,5.49,7.53,69,2026-01-18T18:35:16
59176.0,7.761,0.0,0.0000,0.00,0.94,10.90,69,2026-01-18T18:35:16
209280.0,7.761,0.0,0.0000,0.00,-0.71,10.59,69,2026-01-18T18:35:17
81088.0,7.790,0.0,0.0000,-1.73,4.08,9.02,69,2026-01-18T18:35:17
48960.0,7.646,0.0,0.0000,2.20,-3.30,13.18,69,2026-01-18T18:35:17
218288.0,7.732,0.0,0.0000,-2.51,6.90,8.79,69,2026-01-18T18:35:17
227872.0,7.790,0.0,0.0000,3.14,0.00,12.71,69,2026-01-18T18:35:17
67984.0,7.790,0.0,0.0000,0.47,-3.14,6.51,69,2026-01-18T18:35:17
29984.0,7.818,0.0,0.0000,0.00,1.10,9.81,69,2026-01-18T18:35:17
31424.0,7.732,0.0,0.0000,0.47,4.86,10.51,69,2026-01-18T18:35:17
30592.0,7.675,0.0,0.0000,4.39,2.35,9.49,69,2026-01-18T18:35:17
31440.0,7.675,0.0,0.0000,1.33,5.49,10.98,69,2026-01-18T18:35:17
44592.0,7.704,0.0,0.0000,4.39,4.00,11.61,69,2026-01-18T18:35:18
62104.0,7.732,0.0,0.0000,0.16,-0.63,15.53,69,2026-01-18T18:35:18
29944.0,7.761,0.0,0.0000,3.61,2.51,6.59,69,2026-01-18T18:35:18
34376.0,7.761,0.0,0.0000,1.96,0.00,11.14,69,2026-01-18T18:35:18
62104.0,7.704,0.0,0.0000,1.65,-1.26,9.18,69,2026-01-18T18:35:18
32912.0,7.761,0.0,0.0000,0.31,3.14,9.65,69,2026-01-18T18:35:18
33480.0,7.675,0.0,0.0000,0.08,-1.65,13.96,69,2026-01-18T18:35:18
135104.0,7.704,0.0,0.0000,-3.77,3.45,7.77,69,2026-01-18T18:35:18
31432.0,7.761,0.0,0.0000,0.86,-0.39,10.98,69,2026-01-18T18:35:18
44576.0,7.732,0.0,0.0000,-0.31,3.77,6.28,69,2026-01-18T18:35:18
29952.0,7.732,0.0,0.0000,0.24,-2.59,11.61,69,2026-01-18T18:35:18
81136.0,7.875,0.0,0.0000,0.24,0.08,14.98,69,2026-01-18T18:35:18
29960.0,7.875,0.0,0.0000,-1.96,-4.47,6.20,69,2026-01-18T18:35:18
1472.0,7.933,0.0,0.0000,-2.43,-6.98,9.96,69,2026-01-18T18:35:18
68808.0,7.818,0.0,0.0000,4.08,2.67,15.06,69,2026-01-18T18:35:18
97120.0,7.847,0.0,0.0000,0.16,-1.26,19.53,69,2026-01-18T18:35:18
29976.0,7.933,0.0,0.0000,-0.31,-9.89,12.00,69,2026-01-18T18:35:18
246056.0,7.761,0.0,0.0000,3.77,1.41,6.90,69,2026-01-18T18:35:19
29976.0,7.732,0.0,0.0000,-0.78,0.00,14.12,69,2026-01-18T18:35:19
34376.0,7.761,0.0,0.0000,-0.71,4.47,9.73,69,2026-01-18T18:35:19
75248.0,7.704,0.0,0.0000,0.78,1.65,10.98,69,2026-01-18T18:35:19
114656.0,7.675,0.0,0.0000,-0.39,1.88,12.79,69,2026-01-18T18:35:19
53864.0,7.704,0.0,0.0000,1.18,5.41,6.75,69,2026-01-18T18:35:19
32888.0,7.675,0.0,0.0000,1.33,0.00,12.32,69,2026-01-18T18:35:19
38720.0,7.646,0.0,0.0000,0.55,4.31,6.59,69,2026-01-18T18:35:19
35816.0,7.618,0.0,0.0000,2.43,2.75,10.67,69,2026-01-18T18:35:19
53344.0,7.646,0.0,0.0000,1.73,5.81,6.20,69,2026-01-18T18:35:19
29952.0,7.704,0.0,0.0000,1.18,0.31,9.41,69,2026-01-18T18:35:19
29992.0,7.675,0.0,0.0000,2.43,3.69,9.73,69,2026-01-18T18:35:19
33672.0,7.675,0.0,0.0000,5.65,1.26,10.67,69,2026-01-18T18:35:19
41672.0,7.704,0.0,0.0000,5.26,4.63,8.32,69,2026-01-18T18:35:19
37256.0,7.675,0.0,0.0000,5.18,-0.71,11.53,69,2026-01-18T18:35:19
29968.0,7.618,0.0,0.0000,3.69,4.71,12.79,69,2026-01-18T18:35:19
68712.0,7.704,0.0,0.0000,6.75,9.41,15.61,69,2026-01-18T18:35:19
67960.0,7.675,0.0,0.0000,-12.55,1.57,-5.33,69,2026-01-18T18:35:19
1464.0,7.646,0.0,0.0000,6.28,-8.32,5.26,69,2026-01-18T18:35:19
57984.0,7.646,0.0,0.0000,5.02,0.39,8.71,69,2026-01-18T18:35:19
30744.0,7.675,0.0,0.0000,5.96,1.57,12.71,69,2026-01-18T18:35:19
75232.0,7.704,0.0,0.0000,4.08,-5.02,9.49,69,2026-01-18T18:35:20
37280.0,7.790,0.0,0.0000,3.53,-0.39,13.73,69,2026-01-18T18:35:20
34336.0,7.761,0.0,0.0000,0.16,-4.08,11.53,69,2026-01-18T18:35:20
34352.0,7.818,0.0,0.0000,-3.77,1.18,11.14,69,2026-01-18T18:35:20
60664.0,7.875,0.0,0.0000,1.80,0.86,10.28,69,2026-01-18T18:35:20
35816.0,8.105,0.0,0.0000,-2.98,0.00,7.77,69,2026-01-18T18:35:20
29944.0,8.047,0.0,0.0000,-3.61,-8.79,7.69,69,2026-01-18T18:35:20
30624.0,7.875,0.0,0.0000,-5.57,-12.87,5.96,69,2026-01-18T18:35:20
78184.0,7.818,0.0,0.0000,5.02,-5.57,9.34,69,2026-01-18T18:35:20
32904.0,7.847,0.0,0.0000,-0.86,-0.55,12.47,69,2026-01-18T18:35:20
79608.0,7.790,0.0,0.0000,-4.24,0.47,8.71,69,2026-01-18T18:35:20
29960.0,7.790,0.0,0.0000,-1.73,-2.51,12.87,69,2026-01-18T18:35:20
234376.0,7.503,0.0,0.0000,-1.80,4.00,12.63,69,2026-01-18T18:35:20
43136.0,7.589,0.0,0.0000,-5.26,2.75,9.89,69,2026-01-18T18:35:20
43112.0,7.589,0.0,0.0000,-2.90,3.30,13.26,69,2026-01-18T18:35:20
30568.0,7.589,0.0,0.0000,-6.28,0.39,7.45,69,2026-01-18T18:35:20
37312.0,7.618,0.0,0.0000,-5.57,0.00,10.83,69,2026-01-18T18:35:20
56264.0,7.646,0.0,0.0000,-7.53,3.14,5.88,69,2026-01-18T18:35:20
1472.0,7.618,0.0,0.0000,-7.45,2.90,9.26,69,2026-01-18T18:35:20
75512.0,7.675,0.0,0.0000,-1.80,-0.55,13.96,69,2026-01-18T18:35:21
29976.0,7.646,0.0,0.0000,-5.02,5.02,9.02,69,2026-01-18T18:35:21
53360.0,7.675,0.0,0.0000,-8.47,-1.96,8.39,69,2026-01-18T18:35:21
35840.0,7.675,0.0,0.0000,-7.53,-1.26,12.00,69,2026-01-18T18:35:21
43664.0,7.646,0.0,0.0000,-3.69,3.22,6.51,69,2026-01-18T18:35:21
40208.0,7.675,0.0,0.0000,-5.02,-4.31,8.71,69,2026-01-18T18:35:21
29960.0,7.704,0.0,0.0000,-3.06,-1.88,12.79,69,2026-01-18T18:35:21
29984.0,7.704,0.0,0.0000,-8.16,-0.24,8.32,69,2026-01-18T18:35:21
37304.0,7.704,0.0,0.0000,-3.61,-1.18,11.85,69,2026-01-18T18:35:21
40184.0,7.732,0.0,0.0000,-7.06,-1.57,5.65,69,2026-01-18T18:35:21
29968.0,7.761,0.0,0.0000,-6.35,-2.59,9.26,69,2026-01-18T18:35:21
99400.0,7.790,0.0,0.0000,-1.02,-5.88,12.40,69,2026-01-18T18:35:21
34360.0,7.790,0.0,0.0000,-4.39,-3.69,6.90,69,2026-01-18T18:35:21
29944.0,7.790,0.0,0.0000,-2.51,-0.63,10.28,69,2026-01-18T18:35:21
1480.0,7.818,0.0,0.0000,-0.31,-3.77,15.53,69,2026-01-18T18:35:21
33160.0,7.790,0.0,0.0000,-4.24,-4.55,8.16,69,2026-01-18T18:35:21
38744.0,7.818,0.0,0.0000,-7.85,-1.73,8.24,69,2026-01-18T18:35:21
31440.0,7.818,0.0,0.0000,-4.47,-6.04,7.69,69,2026-01-18T18:35:21
56280.0,7.818,0.0,0.0000,0.00,-4.47,10.90,69,2026-01-18T18:35:21
66440.0,7.847,0.0,0.0000,-7.22,-4.31,-2.35,69,2026-01-18T18:35:21
1480.0,7.818,0.0,0.0000,10.36,-1.49,15.30,69,2026-01-18T18:35:21
1464.0,7.818,0.0,0.0000,1.73,-12.55,1.02,69,2026-01-18T18:35:21
1464.0,7.818,0.0,0.0000,5.96,-17.42,8.94,69,2026-01-18T18:35:21
289120.0,7.732,0.0,0.0000,0.39,-1.57,12.00,69,2026-01-18T18:35:22
34376.0,7.675,0.0,0.0000,-0.63,-4.63,9.02,69,2026-01-18T18:35:22
31328.0,7.704,0.0,0.0000,-1.80,-7.69,8.94,69,2026-01-18T18:35:22
43008.0,7.732,0.0,0.0000,-0.39,-4.00,5.96,69,2026-01-18T18:35:22
62592.0,7.704,0.0,0.0000,0.24,-4.94,12.40,69,2026-01-18T18:35:22
165736.0,7.790,0.0,0.0000,3.77,-0.71,10.59,69,2026-01-18T18:35:22
139376.0,7.761,0.0,0.0000,2.82,-4.08,6.59,69,2026-01-18T18:35:22
29856.0,7.761,0.0,0.0000,0.00,-2.20,10.59,69,2026-01-18T18:35:22
70880.0,7.761,0.0,0.0000,-3.45,-2.20,7.92,69,2026-01-18T18:35:22
43016.0,7.761,0.0,0.0000,2.28,-0.08,12.79,69,2026-01-18T18:35:22
38608.0,7.790,0.0,0.0000,-0.24,-3.37,5.02,69,2026-01-18T18:35:22
31432.0,7.790,0.0,0.0000,2.98,-0.86,9.57,69,2026-01-18T18:35:22
30384.0,7.790,0.0,0.0000,3.45,2.51,13.42,69,2026-01-18T18:35:22
256296.0,7.847,0.0,0.0000,1.10,5.65,10.04,69,2026-01-18T18:35:23
133616.0,7.761,0.0,0.0000,-0.39,1.33,8.32,69,2026-01-18T18:35:23
116160.0,7.560,0.0,0.0000,-3.45,5.65,5.88,69,2026-01-18T18:35:23
29976.0,7.503,0.0,0.0000,1.49,12.55,10.12,69,2026-01-18T18:35:23
89856.0,7.331,0.0,0.0000,5.02,10.67,10.59,69,2026-01-18T18:35:23
47504.0,7.331,0.0,0.0000,4.47,8.16,13.81,69,2026-01-18T18:35:23
105224.0,7.618,0.0,0.0000,-1.88,-3.14,13.57,69,2026-01-18T18:35:23
43024.0,7.589,0.0,0.0000,-6.98,4.94,4.39,69,2026-01-18T18:35:23
29856.0,7.589,0.0,0.0000,-4.39,-0.31,8.79,69,2026-01-18T18:35:23
45952.0,7.675,0.0,0.0000,-3.22,0.55,12.08,69,2026-01-18T18:35:23
67104.0,7.818,0.0,0.0000,-6.51,-3.37,6.59,69,2026-01-18T18:35:23
29928.0,7.732,0.0,0.0000,-8.87,-6.90,6.90,69,2026-01-18T18:35:23
50312.0,7.618,0.0,0.0000,-6.51,-5.88,12.87,69,2026-01-18T18:35:23
35704.0,7.274,0.0,0.0000,-3.37,-3.06,3.37,69,2026-01-18T18:35:23
30608.0,7.331,0.0,0.0000,-7.45,4.71,3.77,69,2026-01-18T18:35:23
29848.0,7.446,0.0,0.0000,-15.93,9.18,4.47,69,2026-01-18T18:35:23
29864.0,7.331,0.0,0.0000,-3.77,4.24,11.06,69,2026-01-18T18:35:23
32792.0,7.160,0.0,0.0000,-7.22,6.59,3.30,69,2026-01-18T18:35:24
29856.0,7.217,0.0,0.0000,-3.92,7.30,7.53,69,2026-01-18T18:35:24
1472.0,7.245,0.0,0.0000,-9.02,9.34,4.39,69,2026-01-18T18:35:24
30096.0,7.303,0.0,0.0000,-16.00,12.32,-1.41,69,2026-01-18T18:35:24
29864.0,7.532,0.0,0.0000,-15.14,13.34,-5.02,69,2026-01-18T18:35:24
34208.0,7.475,0.0,0.0000,-6.43,16.63,-5.02,69,2026-01-18T18:35:24
37352.0,7.618,0.0,0.0000,1.33,1.80,-11.30,69,2026-01-18T18:35:24
30000.0,7.790,0.0,0.0000,0.31,6.83,-12.24,69,2026-01-18T18:35:24
1480.0,7.790,0.0,0.0000,-2.98,5.02,-9.96,69,2026-01-18T18:35:24
